fra;sexe;jour;n_dose1;n_complet;n_rappel;n_2_rappel;n_rappel_biv;n_3_rappel;n_cum_dose1;n_cum_complet;n_cum_rappel;n_cum_2_rappel;n_cum_rappel_biv;n_cum_3_rappel;couv_dose1;couv_complet;couv_rappel;couv_2_rappel;couv_rappel_biv;couv_3_rappel
FR;1;2020-12-27;324;31;0;0;0;0;324;31;0;0;0;0;0.0;0.0;0.0;0.0;0.0;0.0
FR;1;2020-12-28;354;20;0;0;0;0;678;51;0;0;0;0;0.0;0.0;0.0;0.0;0.0;0.0
FR;1;2020-12-29;180;10;0;0;0;0;858;61;0;0;0;0;0.0;0.0;0.0;0.0;0.0;0.0
FR;1;2020-12-30;207;10;0;0;0;0;1065;71;0;0;0;0;0.0;0.0;0.0;0.0;0.0;0.0
FR;1;2020-12-31;208;10;0;0;0;0;1273;81;0;0;0;0;0.0;0.0;0.0;0.0;0.0;0.0
FR;1;2021-01-01;674;40;0;0;0;0;1947;121;0;0;0;0;0.0;0.0;0.0;0.0;0.0;0.0
FR;1;2021-01-02;186;15;0;0;0;0;2133;136;0;0;0;0;0.0;0.0;0.0;0.0;0.0;0.0
FR;1;2021-01-03;213;10;0;0;0;0;2346;146;0;0;0;0;0.0;0.0;0.0;0.0;0.0;0.0
FR;1;2021-01-04;1015;25;0;0;0;0;3361;171;0;0;0;0;0.0;0.0;0.0;0.0;0.0;0.0
FR;1;2021-01-05;3649;63;0;0;0;0;7010;234;0;0;0;0;0.0;0.0;0.0;0.0;0.0;0.0
FR;1;2021-01-06;5396;52;0;0;0;0;12406;286;0;0;0;0;0.0;0.0;0.0;0.0;0.0;0.0
FR;1;2021-01-07;11565;66;0;0;0;0;23971;352;0;0;0;0;0.1;0.0;0.0;0.0;0.0;0.0
FR;1;2021-01-08;14641;75;0;0;0;0;38612;427;0;0;0;0;0.1;0.0;0.0;0.0;0.0;0.0
FR;1;2021-01-09;5281;30;0;0;0;0;43893;457;0;0;0;0;0.1;0.0;0.0;0.0;0.0;0.0
FR;1;2021-01-10;2812;10;0;0;0;0;46705;467;0;0;0;0;0.1;0.0;0.0;0.0;0.0;0.0
FR;1;2021-01-11;15112;95;0;0;0;0;61817;562;0;0;0;0;0.2;0.0;0.0;0.0;0.0;0.0
FR;1;2021-01-12;22324;109;0;0;0;0;84141;671;0;0;0;0;0.3;0.0;0.0;0.0;0.0;0.0
FR;1;2021-01-13;23605;155;0;0;0;0;107746;826;0;0;0;0;0.3;0.0;0.0;0.0;0.0;0.0
FR;1;2021-01-14;29318;443;0;0;0;0;137064;1269;0;0;0;0;0.4;0.0;0.0;0.0;0.0;0.0
FR;1;2021-01-15;24830;182;0;0;0;0;161894;1451;0;0;0;0;0.5;0.0;0.0;0.0;0.0;0.0
FR;1;2021-01-16;8740;84;0;0;0;0;170634;1535;0;0;0;0;0.5;0.0;0.0;0.0;0.0;0.0
FR;1;2021-01-17;4030;60;0;0;0;0;174664;1595;0;0;0;0;0.5;0.0;0.0;0.0;0.0;0.0
FR;1;2021-01-18;34937;229;0;0;0;0;209601;1824;0;0;0;0;0.6;0.0;0.0;0.0;0.0;0.0
FR;1;2021-01-19;50003;326;0;0;0;0;259604;2150;0;0;0;0;0.8;0.0;0.0;0.0;0.0;0.0
FR;1;2021-01-20;53298;294;0;0;0;0;312902;2444;0;0;0;0;1.0;0.0;0.0;0.0;0.0;0.0
FR;1;2021-01-21;59367;356;0;0;0;0;372269;2800;0;0;0;0;1.1;0.0;0.0;0.0;0.0;0.0
FR;1;2021-01-22;49325;310;0;0;0;0;421594;3110;0;0;0;0;1.3;0.0;0.0;0.0;0.0;0.0
FR;1;2021-01-23;17153;98;0;0;0;0;438747;3208;0;0;0;0;1.3;0.0;0.0;0.0;0.0;0.0
FR;1;2021-01-24;3919;98;0;0;0;0;442666;3306;0;0;0;0;1.4;0.0;0.0;0.0;0.0;0.0
FR;1;2021-01-25;33948;770;0;0;0;0;476614;4076;0;0;0;0;1.5;0.0;0.0;0.0;0.0;0.0
FR;1;2021-01-26;41328;1703;0;0;0;0;517942;5779;0;0;0;0;1.6;0.0;0.0;0.0;0.0;0.0
FR;1;2021-01-27;42382;2897;0;0;0;0;560324;8676;0;0;0;0;1.7;0.0;0.0;0.0;0.0;0.0
FR;1;2021-01-28;46746;6475;0;0;0;0;607070;15151;0;0;0;0;1.9;0.0;0.0;0.0;0.0;0.0
FR;1;2021-01-29;37608;7795;0;0;0;0;644678;22946;0;0;0;0;2.0;0.1;0.0;0.0;0.0;0.0
FR;1;2021-01-30;12929;2095;0;0;0;0;657607;25041;0;0;0;0;2.0;0.1;0.0;0.0;0.0;0.0
FR;1;2021-01-31;2101;838;0;0;0;0;659708;25879;0;0;0;0;2.0;0.1;0.0;0.0;0.0;0.0
FR;1;2021-02-01;23447;9064;0;0;0;0;683155;34943;0;0;0;0;2.1;0.1;0.0;0.0;0.0;0.0
FR;1;2021-02-02;30338;13883;0;0;0;0;713493;48826;0;0;0;0;2.2;0.1;0.0;0.0;0.0;0.0
FR;1;2021-02-03;29559;14882;0;0;0;0;743052;63708;0;0;0;0;2.3;0.2;0.0;0.0;0.0;0.0
FR;1;2021-02-04;32414;19408;0;0;0;0;775466;83116;0;0;0;0;2.4;0.3;0.0;0.0;0.0;0.0
FR;1;2021-02-05;28768;17443;0;0;0;0;804234;100559;0;0;0;0;2.5;0.3;0.0;0.0;0.0;0.0
FR;1;2021-02-06;10179;4872;0;0;0;0;814413;105431;0;0;0;0;2.5;0.3;0.0;0.0;0.0;0.0
FR;1;2021-02-07;2002;2328;0;0;0;0;816415;107759;0;0;0;0;2.5;0.3;0.0;0.0;0.0;0.0
FR;1;2021-02-08;20471;18405;0;0;0;0;836886;126164;0;0;0;0;2.6;0.4;0.0;0.0;0.0;0.0
FR;1;2021-02-09;27163;27299;0;0;0;0;864049;153463;0;0;0;0;2.6;0.5;0.0;0.0;0.0;0.0
FR;1;2021-02-10;28805;29216;0;0;0;0;892854;182679;0;0;0;0;2.7;0.6;0.0;0.0;0.0;0.0
FR;1;2021-02-11;34161;35334;0;0;0;0;927015;218013;0;0;0;0;2.8;0.7;0.0;0.0;0.0;0.0
FR;1;2021-02-12;31658;27967;0;0;0;0;958673;245980;0;0;0;0;2.9;0.8;0.0;0.0;0.0;0.0
FR;1;2021-02-13;9493;8467;0;0;0;0;968166;254447;0;0;0;0;3.0;0.8;0.0;0.0;0.0;0.0
FR;1;2021-02-14;2092;2717;0;0;0;0;970258;257164;0;0;0;0;3.0;0.8;0.0;0.0;0.0;0.0
FR;1;2021-02-15;15450;32890;0;0;0;0;985708;290054;0;0;0;0;3.0;0.9;0.0;0.0;0.0;0.0
FR;1;2021-02-16;20090;41271;0;0;0;0;1005798;331325;0;0;0;0;3.1;1.0;0.0;0.0;0.0;0.0
FR;1;2021-02-17;19918;43100;0;0;0;0;1025716;374425;0;0;0;0;3.1;1.1;0.0;0.0;0.0;0.0
FR;1;2021-02-18;26817;47802;0;0;0;0;1052533;422227;0;0;0;0;3.2;1.3;0.0;0.0;0.0;0.0
FR;1;2021-02-19;25676;37837;0;0;0;0;1078209;460064;0;0;0;0;3.3;1.4;0.0;0.0;0.0;0.0
FR;1;2021-02-20;7782;12636;0;0;0;0;1085991;472700;0;0;0;0;3.3;1.4;0.0;0.0;0.0;0.0
FR;1;2021-02-21;1415;2450;0;0;0;0;1087406;475150;0;0;0;0;3.3;1.5;0.0;0.0;0.0;0.0
FR;1;2021-02-22;15582;32546;0;0;0;0;1102988;507696;0;0;0;0;3.4;1.6;0.0;0.0;0.0;0.0
FR;1;2021-02-23;22462;36440;0;0;0;0;1125450;544136;0;0;0;0;3.4;1.7;0.0;0.0;0.0;0.0
FR;1;2021-02-24;25442;35234;0;0;0;0;1150892;579370;0;0;0;0;3.5;1.8;0.0;0.0;0.0;0.0
FR;1;2021-02-25;45725;38180;0;0;0;0;1196617;617550;0;0;0;0;3.7;1.9;0.0;0.0;0.0;0.0
FR;1;2021-02-26;53041;31087;0;0;0;0;1249658;648637;0;0;0;0;3.8;2.0;0.0;0.0;0.0;0.0
FR;1;2021-02-27;26078;10659;0;0;0;0;1275736;659296;0;0;0;0;3.9;2.0;0.0;0.0;0.0;0.0
FR;1;2021-02-28;2956;1744;0;0;0;0;1278692;661040;0;0;0;0;3.9;2.0;0.0;0.0;0.0;0.0
FR;1;2021-03-01;29606;24865;0;0;0;0;1308298;685905;0;0;0;0;4.0;2.1;0.0;0.0;0.0;0.0
FR;1;2021-03-02;46429;30306;0;0;0;0;1354727;716211;0;0;0;0;4.1;2.2;0.0;0.0;0.0;0.0
FR;1;2021-03-03;54222;29606;0;0;0;0;1408949;745817;0;0;0;0;4.3;2.3;0.0;0.0;0.0;0.0
FR;1;2021-03-04;77194;32204;0;0;0;0;1486143;778021;0;0;0;0;4.5;2.4;0.0;0.0;0.0;0.0
FR;1;2021-03-05;94117;29208;0;0;0;0;1580260;807229;0;0;0;0;4.8;2.5;0.0;0.0;0.0;0.0
FR;1;2021-03-06;99344;10142;0;0;0;0;1679604;817371;0;0;0;0;5.1;2.5;0.0;0.0;0.0;0.0
FR;1;2021-03-07;54462;3095;0;0;0;0;1734066;820466;0;0;0;0;5.3;2.5;0.0;0.0;0.0;0.0
FR;1;2021-03-08;47419;23485;0;0;0;0;1781485;843951;0;0;0;0;5.4;2.6;0.0;0.0;0.0;0.0
FR;1;2021-03-09;78015;26859;0;0;0;0;1859500;870810;0;0;0;0;5.7;2.7;0.0;0.0;0.0;0.0
FR;1;2021-03-10;81264;26852;0;0;0;0;1940764;897662;0;0;0;0;5.9;2.7;0.0;0.0;0.0;0.0
FR;1;2021-03-11;110559;29919;0;0;0;0;2051323;927581;0;0;0;0;6.3;2.8;0.0;0.0;0.0;0.0
FR;1;2021-03-12;136701;26474;0;0;0;0;2188024;954055;0;0;0;0;6.7;2.9;0.0;0.0;0.0;0.0
FR;1;2021-03-13;109418;9558;0;0;0;0;2297442;963613;0;0;0;0;7.0;2.9;0.0;0.0;0.0;0.0
FR;1;2021-03-14;28173;2197;0;0;0;0;2325615;965810;0;0;0;0;7.1;3.0;0.0;0.0;0.0;0.0
FR;1;2021-03-15;71023;15833;0;0;0;0;2396638;981643;0;0;0;0;7.3;3.0;0.0;0.0;0.0;0.0
FR;1;2021-03-16;60727;18453;0;0;0;0;2457365;1000096;0;0;0;0;7.5;3.1;0.0;0.0;0.0;0.0
FR;1;2021-03-17;63702;17814;0;0;0;0;2521067;1017910;0;0;0;0;7.7;3.1;0.0;0.0;0.0;0.0
FR;1;2021-03-18;70977;20556;0;0;0;0;2592044;1038466;0;0;0;0;7.9;3.2;0.0;0.0;0.0;0.0
FR;1;2021-03-19;102850;18585;0;0;0;0;2694894;1057051;0;0;0;0;8.2;3.2;0.0;0.0;0.0;0.0
FR;1;2021-03-20;76464;7009;0;0;0;0;2771358;1064060;0;0;0;0;8.5;3.3;0.0;0.0;0.0;0.0
FR;1;2021-03-21;21941;1693;0;0;0;0;2793299;1065753;0;0;0;0;8.5;3.3;0.0;0.0;0.0;0.0
FR;1;2021-03-22;75712;17224;0;0;0;0;2869011;1082977;0;0;0;0;8.8;3.3;0.0;0.0;0.0;0.0
FR;1;2021-03-23;113391;21840;0;0;0;0;2982402;1104817;0;0;0;0;9.1;3.4;0.0;0.0;0.0;0.0
FR;1;2021-03-24;116364;22487;0;0;0;0;3098766;1127304;0;0;0;0;9.5;3.4;0.0;0.0;0.0;0.0
FR;1;2021-03-25;155910;24358;0;0;0;0;3254676;1151662;0;0;0;0;9.9;3.5;0.0;0.0;0.0;0.0
FR;1;2021-03-26;162614;22888;0;0;0;0;3417290;1174550;0;0;0;0;10.4;3.6;0.0;0.0;0.0;0.0
FR;1;2021-03-27;86885;10291;0;0;0;0;3504175;1184841;0;0;0;0;10.7;3.6;0.0;0.0;0.0;0.0
FR;1;2021-03-28;25396;2868;0;0;0;0;3529571;1187709;0;0;0;0;10.8;3.6;0.0;0.0;0.0;0.0
FR;1;2021-03-29;88809;26288;0;0;0;0;3618380;1213997;0;0;0;0;11.1;3.7;0.0;0.0;0.0;0.0
FR;1;2021-03-30;124443;34658;0;0;0;0;3742823;1248655;0;0;0;0;11.4;3.8;0.0;0.0;0.0;0.0
FR;1;2021-03-31;111954;36142;0;0;0;0;3854777;1284797;0;0;0;0;11.8;3.9;0.0;0.0;0.0;0.0
FR;1;2021-04-01;133837;44827;0;0;0;0;3988614;1329624;0;0;0;0;12.2;4.1;0.0;0.0;0.0;0.0
FR;1;2021-04-02;120852;45233;0;0;0;0;4109466;1374857;0;0;0;0;12.6;4.2;0.0;0.0;0.0;0.0
FR;1;2021-04-03;62522;29220;0;0;0;0;4171988;1404077;0;0;0;0;12.7;4.3;0.0;0.0;0.0;0.0
FR;1;2021-04-04;20351;9064;0;0;0;0;4192339;1413141;0;0;0;0;12.8;4.3;0.0;0.0;0.0;0.0
FR;1;2021-04-05;27809;5693;0;0;0;0;4220148;1418834;0;0;0;0;12.9;4.3;0.0;0.0;0.0;0.0
FR;1;2021-04-06;93111;52716;0;0;0;0;4313259;1471550;0;0;0;0;13.2;4.5;0.0;0.0;0.0;0.0
FR;1;2021-04-07;109720;53591;0;0;0;0;4422979;1525141;0;0;0;0;13.5;4.7;0.0;0.0;0.0;0.0
FR;1;2021-04-08;143735;57936;0;0;0;0;4566714;1583077;0;0;0;0;14.0;4.8;0.0;0.0;0.0;0.0
FR;1;2021-04-09;181748;56458;0;0;0;0;4748462;1639535;0;0;0;0;14.5;5.0;0.0;0.0;0.0;0.0
FR;1;2021-04-10;96795;39291;0;0;0;0;4845257;1678826;0;0;0;0;14.8;5.1;0.0;0.0;0.0;0.0
FR;1;2021-04-11;24863;15909;0;0;0;0;4870120;1694735;0;0;0;0;14.9;5.2;0.0;0.0;0.0;0.0
FR;1;2021-04-12;104528;53806;0;0;0;0;4974648;1748541;0;0;0;0;15.2;5.3;0.0;0.0;0.0;0.0
FR;1;2021-04-13;137155;66844;0;0;0;0;5111803;1815385;0;0;0;0;15.6;5.5;0.0;0.0;0.0;0.0
FR;1;2021-04-14;128256;64672;0;0;0;0;5240059;1880057;0;0;0;0;16.0;5.7;0.0;0.0;0.0;0.0
FR;1;2021-04-15;148094;70237;0;0;0;0;5388153;1950294;0;0;0;0;16.5;6.0;0.0;0.0;0.0;0.0
FR;1;2021-04-16;151509;67831;0;0;0;0;5539662;2018125;0;0;0;0;16.9;6.2;0.0;0.0;0.0;0.0
FR;1;2021-04-17;84610;41416;0;0;0;0;5624272;2059541;0;0;0;0;17.2;6.3;0.0;0.0;0.0;0.0
FR;1;2021-04-18;23159;16294;0;0;0;0;5647431;2075835;0;0;0;0;17.3;6.3;0.0;0.0;0.0;0.0
FR;1;2021-04-19;89335;62382;0;0;0;0;5736766;2138217;0;0;0;0;17.5;6.5;0.0;0.0;0.0;0.0
FR;1;2021-04-20;112600;76828;0;0;0;0;5849366;2215045;0;0;0;0;17.9;6.8;0.0;0.0;0.0;0.0
FR;1;2021-04-21;111164;74642;0;0;0;0;5960530;2289687;0;0;0;0;18.2;7.0;0.0;0.0;0.0;0.0
FR;1;2021-04-22;127435;82650;0;0;0;0;6087965;2372337;0;0;0;0;18.6;7.2;0.0;0.0;0.0;0.0
FR;1;2021-04-23;133405;82569;0;0;0;0;6221370;2454906;0;0;0;0;19.0;7.5;0.0;0.0;0.0;0.0
FR;1;2021-04-24;86564;51494;0;0;0;0;6307934;2506400;0;0;0;0;19.3;7.7;0.0;0.0;0.0;0.0
FR;1;2021-04-25;31461;18035;0;0;0;0;6339395;2524435;0;0;0;0;19.4;7.7;0.0;0.0;0.0;0.0
FR;1;2021-04-26;98492;71675;0;0;0;0;6437887;2596110;0;0;0;0;19.7;7.9;0.0;0.0;0.0;0.0
FR;1;2021-04-27;127546;87878;0;0;0;0;6565433;2683988;0;0;0;0;20.1;8.2;0.0;0.0;0.0;0.0
FR;1;2021-04-28;132462;86049;1;0;0;0;6697895;2770037;1;0;0;0;20.5;8.5;0.0;0.0;0.0;0.0
FR;1;2021-04-29;160782;96075;0;0;0;0;6858677;2866112;1;0;0;0;21.0;8.8;0.0;0.0;0.0;0.0
FR;1;2021-04-30;168862;94218;0;0;0;0;7027539;2960330;1;0;0;0;21.5;9.0;0.0;0.0;0.0;0.0
FR;1;2021-05-01;76425;27656;0;0;0;0;7103964;2987986;1;0;0;0;21.7;9.1;0.0;0.0;0.0;0.0
FR;1;2021-05-02;42547;18810;0;0;0;0;7146511;3006796;1;0;0;0;21.8;9.2;0.0;0.0;0.0;0.0
FR;1;2021-05-03;134094;78918;0;0;0;0;7280605;3085714;1;0;0;0;22.2;9.4;0.0;0.0;0.0;0.0
FR;1;2021-05-04;146810;106451;0;0;0;0;7427415;3192165;1;0;0;0;22.7;9.8;0.0;0.0;0.0;0.0
FR;1;2021-05-05;147778;105402;0;0;0;0;7575193;3297567;1;0;0;0;23.1;10.1;0.0;0.0;0.0;0.0
FR;1;2021-05-06;177236;116293;0;0;0;0;7752429;3413860;1;0;0;0;23.7;10.4;0.0;0.0;0.0;0.0
FR;1;2021-05-07;175561;129108;0;0;0;0;7927990;3542968;1;0;0;0;24.2;10.8;0.0;0.0;0.0;0.0
FR;1;2021-05-08;103788;38573;0;0;0;0;8031778;3581541;1;0;0;0;24.5;10.9;0.0;0.0;0.0;0.0
FR;1;2021-05-09;62472;23466;0;0;0;0;8094250;3605007;1;0;0;0;24.7;11.0;0.0;0.0;0.0;0.0
FR;1;2021-05-10;150668;110074;0;0;0;0;8244918;3715081;1;0;0;0;25.2;11.4;0.0;0.0;0.0;0.0
FR;1;2021-05-11;196276;129165;0;0;0;0;8441194;3844246;1;0;0;0;25.8;11.7;0.0;0.0;0.0;0.0
FR;1;2021-05-12;204332;116477;0;0;0;0;8645526;3960723;1;0;0;0;26.4;12.1;0.0;0.0;0.0;0.0
FR;1;2021-05-13;165956;35085;0;0;0;0;8811482;3995808;1;0;0;0;26.9;12.2;0.0;0.0;0.0;0.0
FR;1;2021-05-14;221308;90404;0;0;0;0;9032790;4086212;1;0;0;0;27.6;12.5;0.0;0.0;0.0;0.0
FR;1;2021-05-15;185140;55507;0;0;0;0;9217930;4141719;1;0;0;0;28.2;12.7;0.0;0.0;0.0;0.0
FR;1;2021-05-16;101052;15709;0;0;0;0;9318982;4157428;1;0;0;0;28.5;12.7;0.0;0.0;0.0;0.0
FR;1;2021-05-17;183241;78246;0;0;0;0;9502223;4235674;1;0;0;0;29.0;12.9;0.0;0.0;0.0;0.0
FR;1;2021-05-18;224344;85669;0;0;0;0;9726567;4321343;1;0;0;0;29.7;13.2;0.0;0.0;0.0;0.0
FR;1;2021-05-19;218042;79149;0;0;0;0;9944609;4400492;1;0;0;0;30.4;13.4;0.0;0.0;0.0;0.0
FR;1;2021-05-20;246146;93171;0;0;0;0;10190755;4493663;1;0;0;0;31.1;13.7;0.0;0.0;0.0;0.0
FR;1;2021-05-21;240648;102830;0;0;0;0;10431403;4596493;1;0;0;0;31.9;14.0;0.0;0.0;0.0;0.0
FR;1;2021-05-22;171049;51537;0;0;0;0;10602452;4648030;1;0;0;0;32.4;14.2;0.0;0.0;0.0;0.0
FR;1;2021-05-23;80103;12454;0;0;0;0;10682555;4660484;1;0;0;0;32.6;14.2;0.0;0.0;0.0;0.0
FR;1;2021-05-24;128842;24439;0;0;0;0;10811397;4684923;1;0;0;0;33.0;14.3;0.0;0.0;0.0;0.0
FR;1;2021-05-25;197106;101953;0;0;0;0;11008503;4786876;1;0;0;0;33.6;14.6;0.0;0.0;0.0;0.0
FR;1;2021-05-26;194274;102523;0;0;0;0;11202777;4889399;1;0;0;0;34.2;14.9;0.0;0.0;0.0;0.0
FR;1;2021-05-27;219850;122517;0;0;0;0;11422627;5011916;1;0;0;0;34.9;15.3;0.0;0.0;0.0;0.0
FR;1;2021-05-28;213204;148997;0;0;0;0;11635831;5160913;1;0;0;0;35.6;15.8;0.0;0.0;0.0;0.0
FR;1;2021-05-29;149568;87171;0;0;0;0;11785399;5248084;1;0;0;0;36.0;16.0;0.0;0.0;0.0;0.0
FR;1;2021-05-30;53782;19691;0;0;0;0;11839181;5267775;1;0;0;0;36.2;16.1;0.0;0.0;0.0;0.0
FR;1;2021-05-31;178827;109063;1;0;0;0;12018008;5376838;2;0;0;0;36.7;16.4;0.0;0.0;0.0;0.0
FR;1;2021-06-01;218373;138445;1;0;0;0;12236381;5515283;3;0;0;0;37.4;16.9;0.0;0.0;0.0;0.0
FR;1;2021-06-02;206002;126251;0;0;0;0;12442383;5641534;3;0;0;0;38.0;17.2;0.0;0.0;0.0;0.0
FR;1;2021-06-03;234275;143811;0;0;0;0;12676658;5785345;3;0;0;0;38.7;17.7;0.0;0.0;0.0;0.0
FR;1;2021-06-04;233693;168913;1;0;0;0;12910351;5954258;4;0;0;0;39.4;18.2;0.0;0.0;0.0;0.0
FR;1;2021-06-05;156584;104837;0;0;0;0;13066935;6059095;4;0;0;0;39.9;18.5;0.0;0.0;0.0;0.0
FR;1;2021-06-06;68360;28559;0;0;0;0;13135295;6087654;4;0;0;0;40.1;18.6;0.0;0.0;0.0;0.0
FR;1;2021-06-07;173235;136379;0;0;0;0;13308530;6224033;4;0;0;0;40.7;19.0;0.0;0.0;0.0;0.0
FR;1;2021-06-08;200769;155388;0;0;0;0;13509299;6379421;4;0;0;0;41.3;19.5;0.0;0.0;0.0;0.0
FR;1;2021-06-09;189102;143344;0;0;0;0;13698401;6522765;4;0;0;0;41.9;19.9;0.0;0.0;0.0;0.0
FR;1;2021-06-10;203778;154264;0;0;0;0;13902179;6677029;4;0;0;0;42.5;20.4;0.0;0.0;0.0;0.0
FR;1;2021-06-11;198387;192521;0;0;0;0;14100566;6869550;4;0;0;0;43.1;21.0;0.0;0.0;0.0;0.0
FR;1;2021-06-12;147627;115540;0;0;0;0;14248193;6985090;4;0;0;0;43.5;21.3;0.0;0.0;0.0;0.0
FR;1;2021-06-13;54073;40456;0;0;0;0;14302266;7025546;4;0;0;0;43.7;21.5;0.0;0.0;0.0;0.0
FR;1;2021-06-14;122553;181072;0;0;0;0;14424819;7206618;4;0;0;0;44.1;22.0;0.0;0.0;0.0;0.0
FR;1;2021-06-15;156479;200466;0;0;0;0;14581298;7407084;4;0;0;0;44.6;22.6;0.0;0.0;0.0;0.0
FR;1;2021-06-16;154870;181345;0;0;0;0;14736168;7588429;4;0;0;0;45.0;23.2;0.0;0.0;0.0;0.0
FR;1;2021-06-17;158724;198838;0;0;0;0;14894892;7787267;4;0;0;0;45.5;23.8;0.0;0.0;0.0;0.0
FR;1;2021-06-18;163461;235776;0;0;0;0;15058353;8023043;4;0;0;0;46.0;24.5;0.0;0.0;0.0;0.0
FR;1;2021-06-19;115188;145148;0;0;0;0;15173541;8168191;4;0;0;0;46.4;25.0;0.0;0.0;0.0;0.0
FR;1;2021-06-20;38048;54690;0;0;0;0;15211589;8222881;4;0;0;0;46.5;25.1;0.0;0.0;0.0;0.0
FR;1;2021-06-21;98124;208216;1;0;0;0;15309713;8431097;5;0;0;0;46.8;25.8;0.0;0.0;0.0;0.0
FR;1;2021-06-22;112227;243957;1;0;0;0;15421940;8675054;6;0;0;0;47.1;26.5;0.0;0.0;0.0;0.0
FR;1;2021-06-23;113951;218976;1;0;0;0;15535891;8894030;7;0;0;0;47.5;27.2;0.0;0.0;0.0;0.0
FR;1;2021-06-24;120724;219037;0;0;0;0;15656615;9113067;7;0;0;0;47.8;27.8;0.0;0.0;0.0;0.0
FR;1;2021-06-25;115970;277554;0;0;0;0;15772585;9390621;7;0;0;0;48.2;28.7;0.0;0.0;0.0;0.0
FR;1;2021-06-26;79397;196597;0;0;0;0;15851982;9587218;7;0;0;0;48.4;29.3;0.0;0.0;0.0;0.0
FR;1;2021-06-27;28502;81742;0;0;0;0;15880484;9668960;7;0;0;0;48.5;29.5;0.0;0.0;0.0;0.0
FR;1;2021-06-28;77687;234353;0;0;0;0;15958171;9903313;7;0;0;0;48.8;30.3;0.0;0.0;0.0;0.0
FR;1;2021-06-29;92151;265580;0;0;0;0;16050322;10168893;7;0;0;0;49.0;31.1;0.0;0.0;0.0;0.0
FR;1;2021-06-30;101172;243670;0;0;0;0;16151494;10412563;7;0;0;0;49.4;31.8;0.0;0.0;0.0;0.0
FR;1;2021-07-01;117954;243880;0;0;0;0;16269448;10656443;7;0;0;0;49.7;32.6;0.0;0.0;0.0;0.0
FR;1;2021-07-02;117933;279629;2;0;0;0;16387381;10936072;9;0;0;0;50.1;33.4;0.0;0.0;0.0;0.0
FR;1;2021-07-03;74098;197467;1;0;0;0;16461479;11133539;10;0;0;0;50.3;34.0;0.0;0.0;0.0;0.0
FR;1;2021-07-04;29232;74638;0;0;0;0;16490711;11208177;10;0;0;0;50.4;34.2;0.0;0.0;0.0;0.0
FR;1;2021-07-05;86117;222237;0;0;0;0;16576828;11430414;10;0;0;0;50.7;34.9;0.0;0.0;0.0;0.0
FR;1;2021-07-06;101398;254007;4;0;0;0;16678226;11684421;14;0;0;0;51.0;35.7;0.0;0.0;0.0;0.0
FR;1;2021-07-07;107416;226930;1;0;0;0;16785642;11911351;15;0;0;0;51.3;36.4;0.0;0.0;0.0;0.0
FR;1;2021-07-08;117782;230907;2;0;0;0;16903424;12142258;17;0;0;0;51.6;37.1;0.0;0.0;0.0;0.0
FR;1;2021-07-09;117372;281742;0;0;0;0;17020796;12424000;17;0;0;0;52.0;38.0;0.0;0.0;0.0;0.0
FR;1;2021-07-10;78428;188475;0;0;0;0;17099224;12612475;17;0;0;0;52.2;38.5;0.0;0.0;0.0;0.0
FR;1;2021-07-11;31424;60911;0;0;0;0;17130648;12673386;17;0;0;0;52.3;38.7;0.0;0.0;0.0;0.0
FR;1;2021-07-12;85687;256782;0;0;0;0;17216335;12930168;17;0;0;0;52.6;39.5;0.0;0.0;0.0;0.0
FR;1;2021-07-13;141737;294338;0;0;0;0;17358072;13224506;17;0;0;0;53.0;40.4;0.0;0.0;0.0;0.0
FR;1;2021-07-14;90243;93575;0;0;0;0;17448315;13318081;17;0;0;0;53.3;40.7;0.0;0.0;0.0;0.0
FR;1;2021-07-15;171231;287975;0;0;0;0;17619546;13606056;17;0;0;0;53.8;41.6;0.0;0.0;0.0;0.0
FR;1;2021-07-16;189518;294922;1;0;0;0;17809064;13900978;18;0;0;0;54.4;42.5;0.0;0.0;0.0;0.0
FR;1;2021-07-17;133857;192322;0;0;0;0;17942921;14093300;18;0;0;0;54.8;43.1;0.0;0.0;0.0;0.0
FR;1;2021-07-18;56154;68085;0;0;0;0;17999075;14161385;18;0;0;0;55.0;43.3;0.0;0.0;0.0;0.0
FR;1;2021-07-19;141754;240317;0;0;0;0;18140829;14401702;18;0;0;0;55.4;44.0;0.0;0.0;0.0;0.0
FR;1;2021-07-20;188964;264894;0;0;0;0;18329793;14666596;18;0;0;0;56.0;44.8;0.0;0.0;0.0;0.0
FR;1;2021-07-21;196010;237371;0;0;0;0;18525803;14903967;18;0;0;0;56.6;45.5;0.0;0.0;0.0;0.0
FR;1;2021-07-22;219639;235783;1;0;0;0;18745442;15139750;19;0;0;0;57.3;46.3;0.0;0.0;0.0;0.0
FR;1;2021-07-23;223913;261746;1;0;0;0;18969355;15401496;20;0;0;0;58.0;47.1;0.0;0.0;0.0;0.0
FR;1;2021-07-24;150616;169240;0;0;0;0;19119971;15570736;20;0;0;0;58.4;47.6;0.0;0.0;0.0;0.0
FR;1;2021-07-25;63676;51593;0;0;0;0;19183647;15622329;20;0;0;0;58.6;47.7;0.0;0.0;0.0;0.0
FR;1;2021-07-26;176202;191971;0;0;0;0;19359849;15814300;20;0;0;0;59.2;48.3;0.0;0.0;0.0;0.0
FR;1;2021-07-27;235733;201204;1;0;0;0;19595582;16015504;21;0;0;0;59.9;48.9;0.0;0.0;0.0;0.0
FR;1;2021-07-28;232432;181051;1;0;0;0;19828014;16196555;22;0;0;0;60.6;49.5;0.0;0.0;0.0;0.0
FR;1;2021-07-29;248986;178727;0;0;0;0;20077000;16375282;22;0;0;0;61.3;50.0;0.0;0.0;0.0;0.0
FR;1;2021-07-30;239544;194765;0;0;0;0;20316544;16570047;22;0;0;0;62.1;50.6;0.0;0.0;0.0;0.0
FR;1;2021-07-31;154192;121529;0;0;0;0;20470736;16691576;22;0;0;0;62.5;51.0;0.0;0.0;0.0;0.0
FR;1;2021-08-01;60242;33629;0;0;0;0;20530978;16725205;22;0;0;0;62.7;51.1;0.0;0.0;0.0;0.0
FR;1;2021-08-02;177786;142567;0;0;0;0;20708764;16867772;22;0;0;0;63.3;51.5;0.0;0.0;0.0;0.0
FR;1;2021-08-03;207053;152183;1;0;0;0;20915817;17019955;23;0;0;0;63.9;52.0;0.0;0.0;0.0;0.0
FR;1;2021-08-04;199728;131495;2;0;0;0;21115545;17151450;25;0;0;0;64.5;52.4;0.0;0.0;0.0;0.0
FR;1;2021-08-05;189546;140126;0;0;0;0;21305091;17291576;25;0;0;0;65.1;52.8;0.0;0.0;0.0;0.0
FR;1;2021-08-06;188308;164589;0;0;0;0;21493399;17456165;25;0;0;0;65.7;53.3;0.0;0.0;0.0;0.0
FR;1;2021-08-07;116385;110170;1;0;0;0;21609784;17566335;26;0;0;0;66.0;53.7;0.0;0.0;0.0;0.0
FR;1;2021-08-08;40326;37780;0;0;0;0;21650110;17604115;26;0;0;0;66.2;53.8;0.0;0.0;0.0;0.0
FR;1;2021-08-09;136209;148890;0;0;0;0;21786319;17753005;26;0;0;0;66.6;54.2;0.0;0.0;0.0;0.0
FR;1;2021-08-10;162608;162400;0;0;0;0;21948927;17915405;26;0;0;0;67.1;54.7;0.0;0.0;0.0;0.0
FR;1;2021-08-11;147729;150002;0;0;0;0;22096656;18065407;26;0;0;0;67.5;55.2;0.0;0.0;0.0;0.0
FR;1;2021-08-12;142993;160274;0;0;0;0;22239649;18225681;26;0;0;0;68.0;55.7;0.0;0.0;0.0;0.0
FR;1;2021-08-13;135033;161726;2;0;0;0;22374682;18387407;28;0;0;0;68.4;56.2;0.0;0.0;0.0;0.0
FR;1;2021-08-14;80896;115912;0;0;0;0;22455578;18503319;28;0;0;0;68.6;56.5;0.0;0.0;0.0;0.0
FR;1;2021-08-15;21775;29069;0;0;0;0;22477353;18532388;28;0;0;0;68.7;56.6;0.0;0.0;0.0;0.0
FR;1;2021-08-16;98174;175056;0;0;0;0;22575527;18707444;28;0;0;0;69.0;57.2;0.0;0.0;0.0;0.0
FR;1;2021-08-17;113717;187196;0;0;0;0;22689244;18894640;28;0;0;0;69.3;57.7;0.0;0.0;0.0;0.0
FR;1;2021-08-18;103672;179517;3;0;0;0;22792916;19074157;31;0;0;0;69.6;58.3;0.0;0.0;0.0;0.0
FR;1;2021-08-19;100511;181198;0;0;0;0;22893427;19255355;31;0;0;0;70.0;58.8;0.0;0.0;0.0;0.0
FR;1;2021-08-20;98092;205488;0;0;0;0;22991519;19460843;31;0;0;0;70.3;59.5;0.0;0.0;0.0;0.0
FR;1;2021-08-21;56550;137230;0;0;0;0;23048069;19598073;31;0;0;0;70.4;59.9;0.0;0.0;0.0;0.0
FR;1;2021-08-22;17019;49746;1;0;0;0;23065088;19647819;32;0;0;0;70.5;60.0;0.0;0.0;0.0;0.0
FR;1;2021-08-23;73114;194302;0;0;0;0;23138202;19842121;32;0;0;0;70.7;60.6;0.0;0.0;0.0;0.0
FR;1;2021-08-24;84683;207668;0;0;0;0;23222885;20049789;32;0;0;0;71.0;61.3;0.0;0.0;0.0;0.0
FR;1;2021-08-25;77266;191421;1;0;0;0;23300151;20241210;33;0;0;0;71.2;61.8;0.0;0.0;0.0;0.0
FR;1;2021-08-26;73167;188259;0;0;0;0;23373318;20429469;33;0;0;0;71.4;62.4;0.0;0.0;0.0;0.0
FR;1;2021-08-27;76399;216380;1;0;0;0;23449717;20645849;34;0;0;0;71.7;63.1;0.0;0.0;0.0;0.0
FR;1;2021-08-28;48040;142938;0;0;0;0;23497757;20788787;34;0;0;0;71.8;63.5;0.0;0.0;0.0;0.0
FR;1;2021-08-29;14369;47056;0;0;0;0;23512126;20835843;34;0;0;0;71.8;63.7;0.0;0.0;0.0;0.0
FR;1;2021-08-30;60082;176904;3004;0;0;0;23572208;21012747;3038;0;0;0;72.0;64.2;0.0;0.0;0.0;0.0
FR;1;2021-08-31;66990;185162;6173;1;0;0;23639198;21197909;9211;1;0;0;72.2;64.8;0.0;0.0;0.0;0.0
FR;1;2021-09-01;71091;158647;12781;0;0;0;23710289;21356556;21992;1;0;0;72.4;65.3;0.1;0.0;0.0;0.0
FR;1;2021-09-02;59469;138675;15017;0;0;0;23769758;21495231;37009;1;0;0;72.6;65.7;0.1;0.0;0.0;0.0
FR;1;2021-09-03;60702;164632;16670;0;0;0;23830460;21659863;53679;1;0;0;72.8;66.2;0.2;0.0;0.0;0.0
FR;1;2021-09-04;46564;124904;7009;4;0;0;23877024;21784767;60688;5;0;0;73.0;66.6;0.2;0.0;0.0;0.0
FR;1;2021-09-05;11045;26633;2353;0;0;0;23888069;21811400;63041;5;0;0;73.0;66.6;0.2;0.0;0.0;0.0
FR;1;2021-09-06;38589;101378;17254;1;0;0;23926658;21912778;80295;6;0;0;73.1;67.0;0.2;0.0;0.0;0.0
FR;1;2021-09-07;40748;100678;17755;0;0;0;23967406;22013456;98050;6;0;0;73.2;67.3;0.3;0.0;0.0;0.0
FR;1;2021-09-08;45269;110468;15698;1;0;0;24012675;22123924;113748;7;0;0;73.4;67.6;0.3;0.0;0.0;0.0
FR;1;2021-09-09;38283;90883;17224;2;0;0;24050958;22214807;130972;9;0;0;73.5;67.9;0.4;0.0;0.0;0.0
FR;1;2021-09-10;47812;113815;18774;3;0;0;24098770;22328622;149746;12;0;0;73.6;68.2;0.5;0.0;0.0;0.0
FR;1;2021-09-11;33512;95526;6619;0;0;0;24132282;22424148;156365;12;0;0;73.7;68.5;0.5;0.0;0.0;0.0
FR;1;2021-09-12;6477;18513;1413;1;0;0;24138759;22442661;157778;13;0;0;73.8;68.6;0.5;0.0;0.0;0.0
FR;1;2021-09-13;31668;70684;19133;7;0;0;24170427;22513345;176911;20;0;0;73.9;68.8;0.5;0.0;0.0;0.0
FR;1;2021-09-14;34872;70396;25660;20;0;0;24205299;22583741;202571;40;0;0;74.0;69.0;0.6;0.0;0.0;0.0
FR;1;2021-09-15;37055;88416;23412;26;0;0;24242354;22672157;225983;66;0;0;74.1;69.3;0.7;0.0;0.0;0.0
FR;1;2021-09-16;31544;60560;24549;18;0;0;24273898;22732717;250532;84;0;0;74.2;69.5;0.8;0.0;0.0;0.0
FR;1;2021-09-17;37217;83098;24655;20;0;0;24311115;22815815;275187;104;0;0;74.3;69.7;0.8;0.0;0.0;0.0
FR;1;2021-09-18;24162;76080;7931;7;0;0;24335277;22891895;283118;111;0;0;74.4;69.9;0.9;0.0;0.0;0.0
FR;1;2021-09-19;4014;13373;1179;0;0;0;24339291;22905268;284297;111;0;0;74.4;70.0;0.9;0.0;0.0;0.0
FR;1;2021-09-20;22227;50325;20928;19;0;0;24361518;22955593;305225;130;0;0;74.4;70.1;0.9;0.0;0.0;0.0
FR;1;2021-09-21;22822;51471;24821;25;0;0;24384340;23007064;330046;155;0;0;74.5;70.3;1.0;0.0;0.0;0.0
FR;1;2021-09-22;24049;74078;22005;20;0;0;24408389;23081142;352051;175;0;0;74.6;70.5;1.1;0.0;0.0;0.0
FR;1;2021-09-23;21432;46852;24413;30;0;0;24429821;23127994;376464;205;0;0;74.6;70.7;1.2;0.0;0.0;0.0
FR;1;2021-09-24;26091;68327;24896;28;0;0;24455912;23196321;401360;233;0;0;74.7;70.9;1.2;0.0;0.0;0.0
FR;1;2021-09-25;17739;61712;8259;11;0;0;24473651;23258033;409619;244;0;0;74.8;71.1;1.3;0.0;0.0;0.0
FR;1;2021-09-26;2836;9789;1053;2;0;0;24476487;23267822;410672;246;0;0;74.8;71.1;1.3;0.0;0.0;0.0
FR;1;2021-09-27;16898;40816;20322;29;0;0;24493385;23308638;430994;275;0;0;74.8;71.2;1.3;0.0;0.0;0.0
FR;1;2021-09-28;18267;38182;22828;13;0;0;24511652;23346820;453822;288;0;0;74.9;71.3;1.4;0.0;0.0;0.0
FR;1;2021-09-29;22081;51518;22719;18;0;0;24533733;23398338;476541;306;0;0;75.0;71.5;1.5;0.0;0.0;0.0
FR;1;2021-09-30;18063;36224;23821;11;0;0;24551796;23434562;500362;317;0;0;75.0;71.6;1.5;0.0;0.0;0.0
FR;1;2021-10-01;31758;51318;28420;10;0;0;24583554;23485880;528782;327;0;0;75.1;71.8;1.6;0.0;0.0;0.0
FR;1;2021-10-02;20071;41479;10629;4;0;0;24603625;23527359;539411;331;0;0;75.2;71.9;1.6;0.0;0.0;0.0
FR;1;2021-10-03;2708;6012;1166;1;0;0;24606333;23533371;540577;332;0;0;75.2;71.9;1.7;0.0;0.0;0.0
FR;1;2021-10-04;18188;30046;24571;6;0;0;24624521;23563417;565148;338;0;0;75.2;72.0;1.7;0.0;0.0;0.0
FR;1;2021-10-05;17288;30788;28176;18;0;0;24641809;23594205;593324;356;0;0;75.3;72.1;1.8;0.0;0.0;0.0
FR;1;2021-10-06;21467;39648;29618;15;0;0;24663276;23633853;622942;371;0;0;75.4;72.2;1.9;0.0;0.0;0.0
FR;1;2021-10-07;14953;29156;29341;16;0;0;24678229;23663009;652283;387;0;0;75.4;72.3;2.0;0.0;0.0;0.0
FR;1;2021-10-08;24720;44250;37228;19;0;0;24702949;23707259;689511;406;0;0;75.5;72.4;2.1;0.0;0.0;0.0
FR;1;2021-10-09;16602;32070;14997;9;0;0;24719551;23739329;704508;415;0;0;75.5;72.5;2.2;0.0;0.0;0.0
FR;1;2021-10-10;2445;4127;1524;1;0;0;24721996;23743456;706032;416;0;0;75.5;72.5;2.2;0.0;0.0;0.0
FR;1;2021-10-11;15214;24993;27948;21;0;0;24737210;23768449;733980;437;0;0;75.6;72.6;2.2;0.0;0.0;0.0
FR;1;2021-10-12;15478;25110;32631;13;0;0;24752688;23793559;766611;450;0;0;75.6;72.7;2.3;0.0;0.0;0.0
FR;1;2021-10-13;19997;30719;34531;15;0;1;24772685;23824278;801142;465;0;1;75.7;72.8;2.4;0.0;0.0;0.0
FR;1;2021-10-14;14831;24073;31658;7;0;0;24787516;23848351;832800;472;0;1;75.7;72.9;2.5;0.0;0.0;0.0
FR;1;2021-10-15;22389;34770;44681;15;0;0;24809905;23883121;877481;487;0;1;75.8;73.0;2.7;0.0;0.0;0.0
FR;1;2021-10-16;15633;23584;17213;3;0;0;24825538;23906705;894694;490;0;1;75.9;73.0;2.7;0.0;0.0;0.0
FR;1;2021-10-17;2072;2973;1578;2;0;0;24827610;23909678;896272;492;0;1;75.9;73.1;2.7;0.0;0.0;0.0
FR;1;2021-10-18;14672;21364;30905;12;0;0;24842282;23931042;927177;504;0;1;75.9;73.1;2.8;0.0;0.0;0.0
FR;1;2021-10-19;13525;21848;34958;17;0;0;24855807;23952890;962135;521;0;1;75.9;73.2;2.9;0.0;0.0;0.0
FR;1;2021-10-20;17373;25677;44120;20;0;0;24873180;23978567;1006255;541;0;1;76.0;73.3;3.1;0.0;0.0;0.0
FR;1;2021-10-21;12892;21001;38228;18;0;0;24886072;23999568;1044483;559;0;1;76.0;73.3;3.2;0.0;0.0;0.0
FR;1;2021-10-22;19118;29611;48518;24;0;0;24905190;24029179;1093001;583;0;1;76.1;73.4;3.3;0.0;0.0;0.0
FR;1;2021-10-23;13500;21392;21232;10;0;0;24918690;24050571;1114233;593;0;1;76.1;73.5;3.4;0.0;0.0;0.0
FR;1;2021-10-24;1460;2595;1700;0;0;0;24920150;24053166;1115933;593;0;1;76.1;73.5;3.4;0.0;0.0;0.0
FR;1;2021-10-25;12807;17804;37688;19;0;0;24932957;24070970;1153621;612;0;1;76.2;73.5;3.5;0.0;0.0;0.0
FR;1;2021-10-26;11551;16067;39874;19;0;0;24944508;24087037;1193495;631;0;1;76.2;73.6;3.6;0.0;0.0;0.0
FR;1;2021-10-27;14849;21939;50064;20;0;0;24959357;24108976;1243559;651;0;1;76.3;73.7;3.8;0.0;0.0;0.0
FR;1;2021-10-28;11520;15378;40606;14;0;0;24970877;24124354;1284165;665;0;1;76.3;73.7;3.9;0.0;0.0;0.0
FR;1;2021-10-29;15691;23177;54234;22;0;0;24986568;24147531;1338399;687;0;1;76.3;73.8;4.1;0.0;0.0;0.0
FR;1;2021-10-30;10522;16738;23451;6;0;0;24997090;24164269;1361850;693;0;1;76.4;73.8;4.2;0.0;0.0;0.0
FR;1;2021-10-31;1294;1958;1745;2;0;0;24998384;24166227;1363595;695;0;1;76.4;73.8;4.2;0.0;0.0;0.0
FR;1;2021-11-01;4775;2688;1712;3;0;0;25003159;24168915;1365307;698;0;1;76.4;73.8;4.2;0.0;0.0;0.0
FR;1;2021-11-02;12892;18099;43573;20;0;0;25016051;24187014;1408880;718;0;1;76.4;73.9;4.3;0.0;0.0;0.0
FR;1;2021-11-03;14687;21784;55127;31;0;0;25030738;24208798;1464007;749;0;1;76.5;74.0;4.5;0.0;0.0;0.0
FR;1;2021-11-04;11832;15725;49906;18;0;0;25042570;24224523;1513913;767;0;1;76.5;74.0;4.6;0.0;0.0;0.0
FR;1;2021-11-05;16196;22403;66506;23;0;0;25058766;24246926;1580419;790;0;1;76.6;74.1;4.8;0.0;0.0;0.0
FR;1;2021-11-06;10910;16386;30492;8;0;0;25069676;24263312;1610911;798;0;1;76.6;74.1;4.9;0.0;0.0;0.0
FR;1;2021-11-07;1228;2035;2478;3;0;0;25070904;24265347;1613389;801;0;1;76.6;74.1;4.9;0.0;0.0;0.0
FR;1;2021-11-08;10287;15578;59509;22;0;0;25081191;24280925;1672898;823;0;1;76.6;74.2;5.1;0.0;0.0;0.0
FR;1;2021-11-09;11007;16222;75122;27;0;0;25092198;24297147;1748020;850;0;1;76.7;74.2;5.3;0.0;0.0;0.0
FR;1;2021-11-10;15643;21828;87190;33;0;0;25107841;24318975;1835210;883;0;1;76.7;74.3;5.6;0.0;0.0;0.0
FR;1;2021-11-11;2422;3170;6390;7;0;0;25110263;24322145;1841600;890;0;1;76.7;74.3;5.6;0.0;0.0;0.0
FR;1;2021-11-12;14616;20852;87501;40;0;0;25124879;24342997;1929101;930;0;1;76.8;74.4;5.9;0.0;0.0;0.0
FR;1;2021-11-13;10213;14399;38400;21;0;0;25135092;24357396;1967501;951;0;1;76.8;74.4;6.0;0.0;0.0;0.0
FR;1;2021-11-14;1171;1684;3526;3;0;0;25136263;24359080;1971027;954;0;1;76.8;74.4;6.0;0.0;0.0;0.0
FR;1;2021-11-15;10357;13895;76021;31;0;0;25146620;24372975;2047048;985;0;1;76.8;74.5;6.3;0.0;0.0;0.0
FR;1;2021-11-16;11750;13784;94092;52;0;0;25158370;24386759;2141140;1037;0;1;76.9;74.5;6.5;0.0;0.0;0.0
FR;1;2021-11-17;15157;18185;93405;44;0;0;25173527;24404944;2234545;1081;0;1;76.9;74.6;6.8;0.0;0.0;0.0
FR;1;2021-11-18;11580;14284;89062;44;0;0;25185107;24419228;2323607;1125;0;1;77.0;74.6;7.1;0.0;0.0;0.0
FR;1;2021-11-19;16695;19746;113410;61;0;0;25201802;24438974;2437017;1186;0;1;77.0;74.7;7.4;0.0;0.0;0.0
FR;1;2021-11-20;12905;14855;48272;21;0;0;25214707;24453829;2485289;1207;0;1;77.0;74.7;7.6;0.0;0.0;0.0
FR;1;2021-11-21;1359;1829;4768;8;0;0;25216066;24455658;2490057;1215;0;1;77.0;74.7;7.6;0.0;0.0;0.0
FR;1;2021-11-22;11609;9500;85517;37;0;0;25227675;24465158;2575574;1252;0;1;77.1;74.8;7.9;0.0;0.0;0.0
FR;1;2021-11-23;12941;12070;108191;36;0;0;25240616;24477228;2683765;1288;0;1;77.1;74.8;8.2;0.0;0.0;0.0
FR;1;2021-11-24;15845;16976;106281;43;0;0;25256461;24494204;2790046;1331;0;1;77.2;74.8;8.5;0.0;0.0;0.0
FR;1;2021-11-25;12830;12326;121970;54;0;0;25269291;24506530;2912016;1385;0;1;77.2;74.9;8.9;0.0;0.0;0.0
FR;1;2021-11-26;16811;18665;183792;91;0;0;25286102;24525195;3095808;1476;0;1;77.3;74.9;9.5;0.0;0.0;0.0
FR;1;2021-11-27;12004;14480;109750;75;0;0;25298106;24539675;3205558;1551;0;1;77.3;75.0;9.8;0.0;0.0;0.0
FR;1;2021-11-28;1762;2085;30944;18;0;0;25299868;24541760;3236502;1569;0;1;77.3;75.0;9.9;0.0;0.0;0.0
FR;1;2021-11-29;9696;11585;169178;94;0;0;25309564;24553345;3405680;1663;0;1;77.3;75.0;10.4;0.0;0.0;0.0
FR;1;2021-11-30;12511;13218;226794;144;0;0;25322075;24566563;3632474;1807;0;1;77.4;75.1;11.1;0.0;0.0;0.0
FR;1;2021-12-01;13810;15478;231971;131;0;0;25335885;24582041;3864445;1938;0;1;77.4;75.1;11.8;0.0;0.0;0.0
FR;1;2021-12-02;11163;10431;262114;155;0;0;25347048;24592472;4126559;2093;0;1;77.4;75.1;12.6;0.0;0.0;0.0
FR;1;2021-12-03;12841;16993;294441;174;0;0;25359889;24609465;4421000;2267;0;1;77.5;75.2;13.5;0.0;0.0;0.0
FR;1;2021-12-04;9325;13071;173122;105;0;0;25369214;24622536;4594122;2372;0;1;77.5;75.2;14.0;0.0;0.0;0.0
FR;1;2021-12-05;2122;2442;51108;48;0;0;25371336;24624978;4645230;2420;0;1;77.5;75.2;14.2;0.0;0.0;0.0
FR;1;2021-12-06;15744;12917;249575;193;0;0;25387080;24637895;4894805;2613;0;1;77.6;75.3;15.0;0.0;0.0;0.0
FR;1;2021-12-07;11848;14401;323030;206;0;0;25398928;24652296;5217835;2819;0;1;77.6;75.3;15.9;0.0;0.0;0.0
FR;1;2021-12-08;12470;17336;290168;205;0;0;25411398;24669632;5508003;3024;0;1;77.6;75.4;16.8;0.0;0.0;0.0
FR;1;2021-12-09;11972;14437;331121;233;0;0;25423370;24684069;5839124;3257;0;1;77.7;75.4;17.8;0.0;0.0;0.0
FR;1;2021-12-10;14135;19029;366242;211;0;1;25437505;24703098;6205366;3468;0;2;77.7;75.5;19.0;0.0;0.0;0.0
FR;1;2021-12-11;10322;15449;227400;163;0;0;25447827;24718547;6432766;3631;0;2;77.8;75.5;19.7;0.0;0.0;0.0
FR;1;2021-12-12;2911;3238;76571;59;0;0;25450738;24721785;6509337;3690;0;2;77.8;75.5;19.9;0.0;0.0;0.0
FR;1;2021-12-13;10707;15057;303150;204;0;0;25461445;24736842;6812487;3894;0;2;77.8;75.6;20.8;0.0;0.0;0.0
FR;1;2021-12-14;14001;17982;393244;328;0;1;25475446;24754824;7205731;4222;0;3;77.8;75.6;22.0;0.0;0.0;0.0
FR;1;2021-12-15;14078;19714;350006;253;0;0;25489524;24774538;7555737;4475;0;3;77.9;75.7;23.1;0.0;0.0;0.0
FR;1;2021-12-16;14074;17585;390707;266;0;0;25503598;24792123;7946444;4741;0;3;77.9;75.8;24.3;0.0;0.0;0.0
FR;1;2021-12-17;16075;21813;414361;276;0;0;25519673;24813936;8360805;5017;0;3;78.0;75.8;25.5;0.0;0.0;0.0
FR;1;2021-12-18;12743;15401;251541;195;0;0;25532416;24829337;8612346;5212;0;3;78.0;75.9;26.3;0.0;0.0;0.0
FR;1;2021-12-19;4457;3955;93026;81;0;0;25536873;24833292;8705372;5293;0;3;78.0;75.9;26.6;0.0;0.0;0.0
FR;1;2021-12-20;16399;17244;314006;260;0;0;25553272;24850536;9019378;5553;0;3;78.1;75.9;27.6;0.0;0.0;0.0
FR;1;2021-12-21;20296;19628;365748;311;0;0;25573568;24870164;9385126;5864;0;3;78.1;76.0;28.7;0.0;0.0;0.0
FR;1;2021-12-22;20618;19094;314777;331;0;1;25594186;24889258;9699903;6195;0;4;78.2;76.0;29.6;0.0;0.0;0.0
FR;1;2021-12-23;17998;15734;252924;303;0;0;25612184;24904992;9952827;6498;0;4;78.3;76.1;30.4;0.0;0.0;0.0
FR;1;2021-12-24;5757;6233;66931;113;0;1;25617941;24911225;10019758;6611;0;5;78.3;76.1;30.6;0.0;0.0;0.0
FR;1;2021-12-25;415;1166;4724;38;0;0;25618356;24912391;10024482;6649;0;5;78.3;76.1;30.6;0.0;0.0;0.0
FR;1;2021-12-26;2450;2486;29708;84;0;0;25620806;24914877;10054190;6733;0;5;78.3;76.1;30.7;0.0;0.0;0.0
FR;1;2021-12-27;15825;17046;247617;346;0;0;25636631;24931923;10301807;7079;0;5;78.3;76.2;31.5;0.0;0.0;0.0
FR;1;2021-12-28;19972;17965;308051;851;0;1;25656603;24949888;10609858;7930;0;6;78.4;76.2;32.4;0.0;0.0;0.0
FR;1;2021-12-29;20434;16897;275128;900;0;0;25677037;24966785;10884986;8830;0;6;78.5;76.3;33.3;0.0;0.0;0.0
FR;1;2021-12-30;18667;15282;233764;992;0;0;25695704;24982067;11118750;9822;0;6;78.5;76.3;34.0;0.0;0.0;0.0
FR;1;2021-12-31;6298;5953;65792;392;0;0;25702002;24988020;11184542;10214;0;6;78.5;76.4;34.2;0.0;0.0;0.0
FR;1;2022-01-01;859;993;4958;61;0;0;25702861;24989013;11189500;10275;0;6;78.3;76.2;34.1;0.0;0.0;0.0
FR;1;2022-01-02;3095;2632;33455;205;0;0;25705956;24991645;11222955;10480;0;6;78.4;76.2;34.2;0.0;0.0;0.0
FR;1;2022-01-03;20534;19402;275663;1338;0;1;25726490;25011047;11498618;11818;0;7;78.4;76.2;35.0;0.0;0.0;0.0
FR;1;2022-01-04;21926;20879;350243;1984;0;1;25748416;25031926;11848861;13802;0;8;78.5;76.3;36.1;0.0;0.0;0.0
FR;1;2022-01-05;31211;22189;304193;1722;0;2;25779627;25054115;12153054;15524;0;10;78.6;76.4;37.0;0.0;0.0;0.0
FR;1;2022-01-06;22797;20248;345559;2301;0;0;25802424;25074363;12498613;17825;0;10;78.6;76.4;38.1;0.1;0.0;0.0
FR;1;2022-01-07;26372;23804;384201;2535;0;1;25828796;25098167;12882814;20360;0;11;78.7;76.5;39.3;0.1;0.0;0.0
FR;1;2022-01-08;23419;18256;237022;1210;0;3;25852215;25116423;13119836;21570;0;14;78.8;76.6;40.0;0.1;0.0;0.0
FR;1;2022-01-09;8115;5969;73819;406;0;0;25860330;25122392;13193655;21976;0;14;78.8;76.6;40.2;0.1;0.0;0.0
FR;1;2022-01-10;18484;22945;259625;1879;0;1;25878814;25145337;13453280;23855;0;15;78.9;76.6;41.0;0.1;0.0;0.0
FR;1;2022-01-11;21510;21763;297608;2658;0;1;25900324;25167100;13750888;26513;0;16;78.9;76.7;41.9;0.1;0.0;0.0
FR;1;2022-01-12;30785;25422;239481;2237;0;7;25931109;25192522;13990369;28750;0;23;79.0;76.8;42.6;0.1;0.0;0.0
FR;1;2022-01-13;19565;21148;262538;2733;0;2;25950674;25213670;14252907;31483;0;25;79.1;76.8;43.4;0.1;0.0;0.0
FR;1;2022-01-14;21620;22505;307520;3280;0;1;25972294;25236175;14560427;34763;0;26;79.2;76.9;44.4;0.1;0.0;0.0
FR;1;2022-01-15;20326;16545;192240;1675;0;1;25992620;25252720;14752667;36438;0;27;79.2;77.0;45.0;0.1;0.0;0.0
FR;1;2022-01-16;5963;4693;50766;383;0;0;25998583;25257413;14803433;36821;0;27;79.2;77.0;45.1;0.1;0.0;0.0
FR;1;2022-01-17;12710;14683;178688;2033;0;0;26011293;25272096;14982121;38854;0;27;79.3;77.0;45.7;0.1;0.0;0.0
FR;1;2022-01-18;14618;16650;196376;2938;0;0;26025911;25288746;15178497;41792;0;27;79.3;77.1;46.3;0.1;0.0;0.0
FR;1;2022-01-19;22006;20674;150079;2237;0;4;26047917;25309420;15328576;44029;0;31;79.4;77.1;46.7;0.1;0.0;0.0
FR;1;2022-01-20;12177;15191;161195;2767;0;3;26060094;25324611;15489771;46796;0;34;79.4;77.2;47.2;0.1;0.0;0.0
FR;1;2022-01-21;14644;17248;199548;3340;0;2;26074738;25341859;15689319;50136;0;36;79.5;77.2;47.8;0.2;0.0;0.0
FR;1;2022-01-22;14461;14380;124497;1410;0;1;26089199;25356239;15813816;51546;0;37;79.5;77.3;48.2;0.2;0.0;0.0
FR;1;2022-01-23;3484;3971;28285;299;0;1;26092683;25360210;15842101;51845;0;38;79.5;77.3;48.3;0.2;0.0;0.0
FR;1;2022-01-24;8496;13360;120392;2065;0;1;26101179;25373570;15962493;53910;0;39;79.6;77.3;48.7;0.2;0.0;0.0
FR;1;2022-01-25;9859;14958;132162;3023;0;1;26111038;25388528;16094655;56933;0;40;79.6;77.4;49.1;0.2;0.0;0.0
FR;1;2022-01-26;14253;21140;111248;2192;0;1;26125291;25409668;16205903;59125;0;41;79.6;77.4;49.4;0.2;0.0;0.0
FR;1;2022-01-27;8382;13577;110606;2874;0;3;26133673;25423245;16316509;61999;0;44;79.7;77.5;49.7;0.2;0.0;0.0
FR;1;2022-01-28;11158;23663;158680;3658;0;3;26144831;25446908;16475189;65657;0;47;79.7;77.6;50.2;0.2;0.0;0.0
FR;1;2022-01-29;9487;17451;105454;1621;0;0;26154318;25464359;16580643;67278;0;47;79.7;77.6;50.5;0.2;0.0;0.0
FR;1;2022-01-30;2303;4792;23078;314;0;1;26156621;25469151;16603721;67592;0;48;79.7;77.6;50.6;0.2;0.0;0.0
FR;1;2022-01-31;5816;13898;83624;2153;0;1;26162437;25483049;16687345;69745;0;49;79.7;77.7;50.9;0.2;0.0;0.0
FR;1;2022-02-01;6955;14222;96635;3583;0;1;26169392;25497271;16783980;73328;0;50;79.8;77.7;51.2;0.2;0.0;0.0
FR;1;2022-02-02;10629;23764;95332;3013;0;2;26180021;25521035;16879312;76341;0;52;79.8;77.8;51.4;0.2;0.0;0.0
FR;1;2022-02-03;6139;13021;87006;3455;0;3;26186160;25534056;16966318;79796;0;55;79.8;77.8;51.7;0.2;0.0;0.0
FR;1;2022-02-04;7555;19442;133763;4574;0;5;26193715;25553498;17100081;84370;0;60;79.8;77.9;52.1;0.3;0.0;0.0
FR;1;2022-02-05;6558;16689;88876;1869;0;1;26200273;25570187;17188957;86239;0;61;79.9;77.9;52.4;0.3;0.0;0.0
FR;1;2022-02-06;1408;3840;17513;325;0;0;26201681;25574027;17206470;86564;0;61;79.9;77.9;52.4;0.3;0.0;0.0
FR;1;2022-02-07;4952;12864;89846;2678;0;4;26206633;25586891;17296316;89242;0;65;79.9;78.0;52.7;0.3;0.0;0.0
FR;1;2022-02-08;4971;10857;92794;3543;0;5;26211604;25597748;17389110;92785;0;70;79.9;78.0;53.0;0.3;0.0;0.0
FR;1;2022-02-09;7384;18155;96874;2895;0;5;26218988;25615903;17485984;95680;0;75;79.9;78.1;53.3;0.3;0.0;0.0
FR;1;2022-02-10;4276;9504;84078;3216;0;1;26223264;25625407;17570062;98896;0;76;79.9;78.1;53.6;0.3;0.0;0.0
FR;1;2022-02-11;5454;13291;123461;4218;0;3;26228718;25638698;17693523;103114;0;79;79.9;78.1;53.9;0.3;0.0;0.0
FR;1;2022-02-12;4205;11920;79250;1746;0;2;26232923;25650618;17772773;104860;0;81;80.0;78.2;54.2;0.3;0.0;0.0
FR;1;2022-02-13;985;2290;16178;268;0;0;26233908;25652908;17788951;105128;0;81;80.0;78.2;54.2;0.3;0.0;0.0
FR;1;2022-02-14;3529;7668;85695;2381;0;4;26237437;25660576;17874646;107509;0;85;80.0;78.2;54.5;0.3;0.0;0.0
FR;1;2022-02-15;3569;8148;84360;3452;0;1;26241006;25668724;17959006;110961;0;86;80.0;78.2;54.7;0.3;0.0;0.0
FR;1;2022-02-16;4788;13253;78112;2923;0;3;26245794;25681977;18037118;113884;0;89;80.0;78.3;55.0;0.3;0.0;0.0
FR;1;2022-02-17;2839;6663;49796;2764;0;2;26248633;25688640;18086914;116648;0;91;80.0;78.3;55.1;0.4;0.0;0.0
FR;1;2022-02-18;3569;9774;68888;3769;0;1;26252202;25698414;18155802;120417;0;92;80.0;78.3;55.3;0.4;0.0;0.0
FR;1;2022-02-19;2761;8319;42122;1514;0;1;26254963;25706733;18197924;121931;0;93;80.0;78.4;55.5;0.4;0.0;0.0
FR;1;2022-02-20;627;1531;7516;237;0;1;26255590;25708264;18205440;122168;0;94;80.0;78.4;55.5;0.4;0.0;0.0
FR;1;2022-02-21;2062;5171;35393;2056;0;2;26257652;25713435;18240833;124224;0;96;80.0;78.4;55.6;0.4;0.0;0.0
FR;1;2022-02-22;2224;5776;33648;2633;0;1;26259876;25719211;18274481;126857;0;97;80.0;78.4;55.7;0.4;0.0;0.0
FR;1;2022-02-23;3393;10122;37693;2325;0;3;26263269;25729333;18312174;129182;0;100;80.0;78.4;55.8;0.4;0.0;0.0
FR;1;2022-02-24;1927;4932;27932;2197;0;2;26265196;25734265;18340106;131379;0;102;80.1;78.4;55.9;0.4;0.0;0.0
FR;1;2022-02-25;2684;8067;42502;3636;0;4;26267880;25742332;18382608;135015;0;106;80.1;78.5;56.0;0.4;0.0;0.0
FR;1;2022-02-26;2008;6287;27717;1539;0;2;26269888;25748619;18410325;136554;0;108;80.1;78.5;56.1;0.4;0.0;0.0
FR;1;2022-02-27;454;1068;4806;237;0;0;26270342;25749687;18415131;136791;0;108;80.1;78.5;56.1;0.4;0.0;0.0
FR;1;2022-02-28;1541;3917;22790;1886;0;0;26271883;25753604;18437921;138677;0;108;80.1;78.5;56.2;0.4;0.0;0.0
FR;1;2022-03-01;2037;3855;23859;2643;0;3;26273920;25757459;18461780;141320;0;111;80.1;78.5;56.3;0.4;0.0;0.0
FR;1;2022-03-02;2660;6604;25911;2320;0;1;26276580;25764063;18487691;143640;0;112;80.1;78.5;56.3;0.4;0.0;0.0
FR;1;2022-03-03;1405;3064;15520;1919;0;1;26277985;25767127;18503211;145559;0;113;80.1;78.5;56.4;0.4;0.0;0.0
FR;1;2022-03-04;1620;4274;20405;3033;0;2;26279605;25771401;18523616;148592;0;115;80.1;78.5;56.5;0.5;0.0;0.0
FR;1;2022-03-05;1584;3698;13142;1499;0;0;26281189;25775099;18536758;150091;0;115;80.1;78.6;56.5;0.5;0.0;0.0
FR;1;2022-03-06;271;549;1835;182;0;0;26281460;25775648;18538593;150273;0;115;80.1;78.6;56.5;0.5;0.0;0.0
FR;1;2022-03-07;1231;1868;9009;1528;0;3;26282691;25777516;18547602;151801;0;118;80.1;78.6;56.5;0.5;0.0;0.0
FR;1;2022-03-08;1046;2169;8956;1913;0;2;26283737;25779685;18556558;153714;0;120;80.1;78.6;56.6;0.5;0.0;0.0
FR;1;2022-03-09;1785;4445;10505;1865;0;3;26285522;25784130;18567063;155579;0;123;80.1;78.6;56.6;0.5;0.0;0.0
FR;1;2022-03-10;909;2131;7879;1574;0;1;26286431;25786261;18574942;157153;0;124;80.1;78.6;56.6;0.5;0.0;0.0
FR;1;2022-03-11;1153;2622;10627;2526;0;1;26287584;25788883;18585569;159679;0;125;80.1;78.6;56.6;0.5;0.0;0.0
FR;1;2022-03-12;1305;2732;8088;1417;0;2;26288889;25791615;18593657;161096;0;127;80.1;78.6;56.7;0.5;0.0;0.0
FR;1;2022-03-13;207;320;1133;237;0;0;26289096;25791935;18594790;161333;0;127;80.1;78.6;56.7;0.5;0.0;0.0
FR;1;2022-03-14;732;1347;6824;3731;0;2;26289828;25793282;18601614;165064;0;129;80.1;78.6;56.7;0.5;0.0;0.0
FR;1;2022-03-15;828;2518;6924;5468;0;4;26290656;25795800;18608538;170532;0;133;80.1;78.6;56.7;0.5;0.0;0.0
FR;1;2022-03-16;1497;3041;8660;8131;0;5;26292153;25798841;18617198;178663;0;138;80.1;78.6;56.7;0.5;0.0;0.0
FR;1;2022-03-17;675;1386;5689;6352;0;8;26292828;25800227;18622887;185015;0;146;80.1;78.6;56.8;0.6;0.0;0.0
FR;1;2022-03-18;1072;2036;8424;10470;0;8;26293900;25802263;18631311;195485;0;154;80.1;78.6;56.8;0.6;0.0;0.0
FR;1;2022-03-19;1083;2042;5885;5369;0;1;26294983;25804305;18637196;200854;0;155;80.1;78.7;56.8;0.6;0.0;0.0
FR;1;2022-03-20;148;274;935;566;0;1;26295131;25804579;18638131;201420;0;156;80.1;78.7;56.8;0.6;0.0;0.0
FR;1;2022-03-21;611;1019;5708;8105;0;7;26295742;25805598;18643839;209525;0;163;80.1;78.7;56.8;0.6;0.0;0.0
FR;1;2022-03-22;732;1282;5878;10466;0;3;26296474;25806880;18649717;219991;0;166;80.2;78.7;56.8;0.7;0.0;0.0
FR;1;2022-03-23;1319;2547;8268;11549;0;18;26297793;25809427;18657985;231540;0;184;80.2;78.7;56.9;0.7;0.0;0.0
FR;1;2022-03-24;650;1098;5091;8759;0;12;26298443;25810525;18663076;240299;0;196;80.2;78.7;56.9;0.7;0.0;0.0
FR;1;2022-03-25;964;1773;7768;13860;0;14;26299407;25812298;18670844;254159;0;210;80.2;78.7;56.9;0.8;0.0;0.0
FR;1;2022-03-26;1023;1888;5459;6468;0;9;26300430;25814186;18676303;260627;0;219;80.2;78.7;56.9;0.8;0.0;0.0
FR;1;2022-03-27;170;248;916;748;0;0;26300600;25814434;18677219;261375;0;219;80.2;78.7;56.9;0.8;0.0;0.0
FR;1;2022-03-28;641;931;4869;8364;0;9;26301241;25815365;18682088;269739;0;228;80.2;78.7;56.9;0.8;0.0;0.0
FR;1;2022-03-29;634;983;5454;12512;0;13;26301875;25816348;18687542;282251;0;241;80.2;78.7;57.0;0.9;0.0;0.0
FR;1;2022-03-30;1350;2332;6846;12653;0;13;26303225;25818680;18694388;294904;0;254;80.2;78.7;57.0;0.9;0.0;0.0
FR;1;2022-03-31;723;1189;5429;11277;0;23;26303948;25819869;18699817;306181;0;277;80.2;78.7;57.0;0.9;0.0;0.0
FR;1;2022-04-01;1212;1365;8823;14427;0;28;26305160;25821234;18708640;320608;0;305;80.2;78.7;57.0;1.0;0.0;0.0
FR;1;2022-04-02;694;963;3954;4900;0;11;26305854;25822197;18712594;325508;0;316;80.2;78.7;57.0;1.0;0.0;0.0
FR;1;2022-04-03;135;167;744;566;0;2;26305989;25822364;18713338;326074;0;318;80.2;78.7;57.0;1.0;0.0;0.0
FR;1;2022-04-04;2238;1006;5317;8530;0;19;26308227;25823370;18718655;334604;0;337;80.2;78.7;57.1;1.0;0.0;0.0
FR;1;2022-04-05;1143;946;5923;14567;0;36;26309370;25824316;18724578;349171;0;373;80.2;78.7;57.1;1.1;0.0;0.0
FR;1;2022-04-06;1226;1431;5710;11111;0;28;26310596;25825747;18730288;360282;0;401;80.2;78.7;57.1;1.1;0.0;0.0
FR;1;2022-04-07;908;906;5679;14191;0;25;26311504;25826653;18735967;374473;0;426;80.2;78.7;57.1;1.1;0.0;0.0
FR;1;2022-04-08;1018;1199;8066;19888;0;37;26312522;25827852;18744033;394361;0;463;80.2;78.7;57.1;1.2;0.0;0.0
FR;1;2022-04-09;613;902;4114;6548;0;14;26313135;25828754;18748147;400909;0;477;80.2;78.7;57.1;1.2;0.0;0.0
FR;1;2022-04-10;135;264;909;964;0;6;26313270;25829018;18749056;401873;0;483;80.2;78.7;57.1;1.2;0.0;0.0
FR;1;2022-04-11;603;734;5190;10484;0;32;26313873;25829752;18754246;412357;0;515;80.2;78.7;57.2;1.3;0.0;0.0
FR;1;2022-04-12;790;889;5850;17141;0;48;26314663;25830641;18760096;429498;0;563;80.2;78.7;57.2;1.3;0.0;0.0
FR;1;2022-04-13;979;1330;5819;13944;0;35;26315642;25831971;18765915;443442;0;598;80.2;78.7;57.2;1.4;0.0;0.0
FR;1;2022-04-14;664;880;5746;15188;0;46;26316306;25832851;18771661;458630;0;644;80.2;78.7;57.2;1.4;0.0;0.0
FR;1;2022-04-15;816;1204;6858;16154;0;50;26317122;25834055;18778519;474784;0;694;80.2;78.7;57.2;1.4;0.0;0.0
FR;1;2022-04-16;483;598;2859;4272;0;20;26317605;25834653;18781378;479056;0;714;80.2;78.7;57.2;1.5;0.0;0.0
FR;1;2022-04-17;75;109;469;516;0;3;26317680;25834762;18781847;479572;0;717;80.2;78.7;57.2;1.5;0.0;0.0
FR;1;2022-04-18;104;181;1428;506;0;4;26317784;25834943;18783275;480078;0;721;80.2;78.7;57.3;1.5;0.0;0.0
FR;1;2022-04-19;662;825;5492;12893;0;32;26318446;25835768;18788767;492971;0;753;80.2;78.7;57.3;1.5;0.0;0.0
FR;1;2022-04-20;959;1224;5838;12480;0;41;26319405;25836992;18794605;505451;0;794;80.2;78.7;57.3;1.5;0.0;0.0
FR;1;2022-04-21;680;829;5481;14253;0;48;26320085;25837821;18800086;519704;0;842;80.2;78.8;57.3;1.6;0.0;0.0
FR;1;2022-04-22;836;1068;7158;16459;0;55;26320921;25838889;18807244;536163;0;897;80.2;78.8;57.3;1.6;0.0;0.0
FR;1;2022-04-23;506;670;3255;5114;0;17;26321427;25839559;18810499;541277;0;914;80.2;78.8;57.3;1.6;0.0;0.0
FR;1;2022-04-24;114;146;631;784;0;3;26321541;25839705;18811130;542061;0;917;80.2;78.8;57.3;1.7;0.0;0.0
FR;1;2022-04-25;568;679;4700;9045;0;31;26322109;25840384;18815830;551106;0;948;80.2;78.8;57.3;1.7;0.0;0.0
FR;1;2022-04-26;678;814;5675;15995;0;61;26322787;25841198;18821505;567101;0;1009;80.2;78.8;57.4;1.7;0.0;0.0
FR;1;2022-04-27;861;1056;4910;12580;0;46;26323648;25842254;18826415;579681;0;1055;80.2;78.8;57.4;1.8;0.0;0.0
FR;1;2022-04-28;673;764;5201;14630;0;50;26324321;25843018;18831616;594311;0;1105;80.2;78.8;57.4;1.8;0.0;0.0
FR;1;2022-04-29;906;1628;6573;16335;0;70;26325227;25844646;18838189;610646;0;1175;80.2;78.8;57.4;1.9;0.0;0.0
FR;1;2022-04-30;530;1954;3073;4650;0;19;26325757;25846600;18841262;615296;0;1194;80.2;78.8;57.4;1.9;0.0;0.0
FR;1;2022-05-01;110;113;405;476;0;3;26325867;25846713;18841667;615772;0;1197;80.2;78.8;57.4;1.9;0.0;0.0
FR;1;2022-05-02;1115;944;5120;7919;0;29;26326982;25847657;18846787;623691;0;1226;80.2;78.8;57.4;1.9;0.0;0.0
FR;1;2022-05-03;904;933;6073;14855;0;67;26327886;25848590;18852860;638546;0;1293;80.2;78.8;57.5;1.9;0.0;0.0
FR;1;2022-05-04;867;1080;5410;10931;0;44;26328753;25849670;18858270;649477;0;1337;80.2;78.8;57.5;2.0;0.0;0.0
FR;1;2022-05-05;809;929;5710;14037;0;76;26329562;25850599;18863980;663514;0;1413;80.3;78.8;57.5;2.0;0.0;0.0
FR;1;2022-05-06;984;1052;6525;16587;0;94;26330546;25851651;18870505;680101;0;1507;80.3;78.8;57.5;2.1;0.0;0.0
FR;1;2022-05-07;534;559;2996;4803;0;23;26331080;25852210;18873501;684904;0;1530;80.3;78.8;57.5;2.1;0.0;0.0
FR;1;2022-05-08;139;154;607;731;0;4;26331219;25852364;18874108;685635;0;1534;80.3;78.8;57.5;2.1;0.0;0.0
FR;1;2022-05-09;632;608;4378;9191;0;46;26331851;25852972;18878486;694826;0;1580;80.3;78.8;57.5;2.1;0.0;0.0
FR;1;2022-05-10;790;978;5770;17035;0;97;26332641;25853950;18884256;711861;0;1677;80.3;78.8;57.6;2.2;0.0;0.0
FR;1;2022-05-11;872;1089;4663;12135;0;66;26333513;25855039;18888919;723996;0;1743;80.3;78.8;57.6;2.2;0.0;0.0
FR;1;2022-05-12;684;815;4686;15522;0;97;26334197;25855854;18893605;739518;0;1840;80.3;78.8;57.6;2.3;0.0;0.0
FR;1;2022-05-13;839;918;5885;17610;0;75;26335036;25856772;18899490;757128;0;1915;80.3;78.8;57.6;2.3;0.0;0.0
FR;1;2022-05-14;531;527;2623;5214;0;27;26335567;25857299;18902113;762342;0;1942;80.3;78.8;57.6;2.3;0.0;0.0
FR;1;2022-05-15;136;148;636;730;0;3;26335703;25857447;18902749;763072;0;1945;80.3;78.8;57.6;2.3;0.0;0.0
FR;1;2022-05-16;513;516;3871;9402;0;45;26336216;25857963;18906620;772474;0;1990;80.3;78.8;57.6;2.4;0.0;0.0
FR;1;2022-05-17;677;726;5028;16960;0;72;26336893;25858689;18911648;789434;0;2062;80.3;78.8;57.6;2.4;0.0;0.0
FR;1;2022-05-18;795;836;4357;12170;0;43;26337688;25859525;18916005;801604;0;2105;80.3;78.8;57.7;2.4;0.0;0.0
FR;1;2022-05-19;611;719;4667;15561;0;63;26338299;25860244;18920672;817165;0;2168;80.3;78.8;57.7;2.5;0.0;0.0
FR;1;2022-05-20;796;888;5795;17904;0;57;26339095;25861132;18926467;835069;0;2225;80.3;78.8;57.7;2.5;0.0;0.0
FR;1;2022-05-21;540;569;2487;4793;0;22;26339635;25861701;18928954;839862;0;2247;80.3;78.8;57.7;2.6;0.0;0.0
FR;1;2022-05-22;118;128;454;699;0;6;26339753;25861829;18929408;840561;0;2253;80.3;78.8;57.7;2.6;0.0;0.0
FR;1;2022-05-23;524;597;3903;9214;0;42;26340277;25862426;18933311;849775;0;2295;80.3;78.8;57.7;2.6;0.0;0.0
FR;1;2022-05-24;643;716;4860;17369;0;85;26340920;25863142;18938171;867144;0;2380;80.3;78.8;57.7;2.6;0.0;0.0
FR;1;2022-05-25;807;959;4130;11192;0;57;26341727;25864101;18942301;878336;0;2437;80.3;78.8;57.7;2.7;0.0;0.0
FR;1;2022-05-26;94;138;814;595;0;12;26341821;25864239;18943115;878931;0;2449;80.3;78.8;57.7;2.7;0.0;0.0
FR;1;2022-05-27;618;731;4083;10254;0;49;26342439;25864970;18947198;889185;0;2498;80.3;78.8;57.7;2.7;0.0;0.0
FR;1;2022-05-28;303;399;1813;3407;0;17;26342742;25865369;18949011;892592;0;2515;80.3;78.8;57.8;2.7;0.0;0.0
FR;1;2022-05-29;81;89;364;451;0;2;26342823;25865458;18949375;893043;0;2517;80.3;78.8;57.8;2.7;0.0;0.0
FR;1;2022-05-30;413;542;3049;8863;0;40;26343236;25866000;18952424;901906;0;2557;80.3;78.8;57.8;2.7;0.0;0.0
FR;1;2022-05-31;634;721;4102;16083;0;77;26343870;25866721;18956526;917989;0;2634;80.3;78.8;57.8;2.8;0.0;0.0
FR;1;2022-06-01;813;1054;4899;11501;0;58;26344683;25867775;18961425;929490;0;2692;80.3;78.8;57.8;2.8;0.0;0.0
FR;1;2022-06-02;667;743;4840;16344;0;76;26345350;25868518;18966265;945834;0;2768;80.3;78.8;57.8;2.9;0.0;0.0
FR;1;2022-06-03;758;896;5746;18375;0;79;26346108;25869414;18972011;964209;0;2847;80.3;78.8;57.8;2.9;0.0;0.0
FR;1;2022-06-04;445;472;2333;4506;0;33;26346553;25869886;18974344;968715;0;2880;80.3;78.8;57.8;3.0;0.0;0.0
FR;1;2022-06-05;75;104;402;550;0;1;26346628;25869990;18974746;969265;0;2881;80.3;78.9;57.8;3.0;0.0;0.0
FR;1;2022-06-06;487;580;1084;666;0;3;26347115;25870570;18975830;969931;0;2884;80.3;78.9;57.8;3.0;0.0;0.0
FR;1;2022-06-07;672;758;4126;17015;0;79;26347787;25871328;18979956;986946;0;2963;80.3;78.9;57.8;3.0;0.0;0.0
FR;1;2022-06-08;715;875;4007;13828;0;55;26348502;25872203;18983963;1000774;0;3018;80.3;78.9;57.9;3.1;0.0;0.0
FR;1;2022-06-09;555;691;4528;18343;0;73;26349057;25872894;18988491;1019117;0;3091;80.3;78.9;57.9;3.1;0.0;0.0
FR;1;2022-06-10;709;939;5716;21278;0;101;26349766;25873833;18994207;1040395;0;3192;80.3;78.9;57.9;3.2;0.0;0.0
FR;1;2022-06-11;442;547;2542;5759;0;30;26350208;25874380;18996749;1046154;0;3222;80.3;78.9;57.9;3.2;0.0;0.0
FR;1;2022-06-12;94;125;521;874;0;3;26350302;25874505;18997270;1047028;0;3225;80.3;78.9;57.9;3.2;0.0;0.0
FR;1;2022-06-13;513;599;3245;11166;0;44;26350815;25875104;19000515;1058194;0;3269;80.3;78.9;57.9;3.2;0.0;0.0
FR;1;2022-06-14;626;676;4391;21359;0;95;26351441;25875780;19004906;1079553;0;3364;80.3;78.9;57.9;3.3;0.0;0.0
FR;1;2022-06-15;689;877;4075;14594;0;91;26352130;25876657;19008981;1094147;0;3455;80.3;78.9;57.9;3.3;0.0;0.0
FR;1;2022-06-16;497;544;4144;18836;0;84;26352627;25877201;19013125;1112983;0;3539;80.3;78.9;58.0;3.4;0.0;0.0
FR;1;2022-06-17;667;815;5477;22575;0;115;26353294;25878016;19018602;1135558;0;3654;80.3;78.9;58.0;3.5;0.0;0.0
FR;1;2022-06-18;364;468;2137;5660;0;36;26353658;25878484;19020739;1141218;0;3690;80.3;78.9;58.0;3.5;0.0;0.0
FR;1;2022-06-19;75;94;503;774;0;8;26353733;25878578;19021242;1141992;0;3698;80.3;78.9;58.0;3.5;0.0;0.0
FR;1;2022-06-20;433;532;3916;12650;0;73;26354166;25879110;19025158;1154642;0;3771;80.3;78.9;58.0;3.5;0.0;0.0
FR;1;2022-06-21;627;700;4174;23993;0;129;26354793;25879810;19029332;1178635;0;3900;80.3;78.9;58.0;3.6;0.0;0.0
FR;1;2022-06-22;609;806;3777;19143;0;119;26355402;25880616;19033109;1197778;0;4019;80.3;78.9;58.0;3.7;0.0;0.0
FR;1;2022-06-23;527;582;4426;26466;0;149;26355929;25881198;19037535;1224244;0;4168;80.3;78.9;58.0;3.7;0.0;0.0
FR;1;2022-06-24;656;776;5688;33850;0;180;26356585;25881974;19043223;1258094;0;4348;80.3;78.9;58.0;3.8;0.0;0.0
FR;1;2022-06-25;448;512;2837;9989;0;92;26357033;25882486;19046060;1268083;0;4440;80.3;78.9;58.1;3.9;0.0;0.0
FR;1;2022-06-26;104;127;863;1842;0;16;26357137;25882613;19046923;1269925;0;4456;80.3;78.9;58.1;3.9;0.0;0.0
FR;1;2022-06-27;466;501;4436;23760;0;168;26357603;25883114;19051359;1293685;0;4624;80.3;78.9;58.1;3.9;0.0;0.0
FR;1;2022-06-28;666;714;5917;44100;0;308;26358269;25883828;19057276;1337785;0;4932;80.3;78.9;58.1;4.1;0.0;0.0
FR;1;2022-06-29;781;868;4996;34529;0;278;26359050;25884696;19062272;1372314;0;5210;80.3;78.9;58.1;4.2;0.0;0.0
FR;1;2022-06-30;654;733;5764;45731;0;352;26359704;25885429;19068036;1418045;0;5562;80.3;78.9;58.1;4.3;0.0;0.0
FR;1;2022-07-01;925;1037;8969;55574;0;496;26360629;25886466;19077005;1473619;0;6058;80.3;78.9;58.1;4.5;0.0;0.0
FR;1;2022-07-02;519;514;3643;17349;0;152;26361148;25886980;19080648;1490968;0;6210;80.3;78.9;58.2;4.5;0.0;0.0
FR;1;2022-07-03;130;150;869;3097;0;41;26361278;25887130;19081517;1494065;0;6251;80.3;78.9;58.2;4.6;0.0;0.0
FR;1;2022-07-04;931;1111;6083;38130;0;317;26362209;25888241;19087600;1532195;0;6568;80.4;78.9;58.2;4.7;0.0;0.0
FR;1;2022-07-05;765;774;7339;62766;0;563;26362974;25889015;19094939;1594961;0;7131;80.4;78.9;58.2;4.9;0.0;0.0
FR;1;2022-07-06;820;873;6217;47064;0;442;26363794;25889888;19101156;1642025;0;7573;80.4;78.9;58.2;5.0;0.0;0.0
FR;1;2022-07-07;768;750;6702;59385;0;594;26364562;25890638;19107858;1701410;0;8167;80.4;78.9;58.2;5.2;0.0;0.0
FR;1;2022-07-08;847;858;7755;64948;0;676;26365409;25891496;19115613;1766358;0;8843;80.4;78.9;58.3;5.4;0.0;0.0
FR;1;2022-07-09;409;427;3083;18088;0;209;26365818;25891923;19118696;1784446;0;9052;80.4;78.9;58.3;5.4;0.0;0.0
FR;1;2022-07-10;132;213;965;3366;0;46;26365950;25892136;19119661;1787812;0;9098;80.4;78.9;58.3;5.4;0.0;0.0
FR;1;2022-07-11;635;598;5647;41956;0;401;26366585;25892734;19125308;1829768;0;9499;80.4;78.9;58.3;5.6;0.0;0.0
FR;1;2022-07-12;794;772;7618;68064;0;804;26367379;25893506;19132926;1897832;0;10303;80.4;78.9;58.3;5.8;0.0;0.0
FR;1;2022-07-13;783;741;5986;44607;0;541;26368162;25894247;19138912;1942439;0;10844;80.4;78.9;58.3;5.9;0.0;0.0
FR;1;2022-07-14;91;97;877;2611;0;36;26368253;25894344;19139789;1945050;0;10880;80.4;78.9;58.3;5.9;0.0;0.0
FR;1;2022-07-15;661;671;5837;40296;0;531;26368914;25895015;19145626;1985346;0;11411;80.4;78.9;58.4;6.1;0.0;0.0
FR;1;2022-07-16;248;300;2413;12015;0;169;26369162;25895315;19148039;1997361;0;11580;80.4;78.9;58.4;6.1;0.0;0.0
FR;1;2022-07-17;83;111;754;2233;0;31;26369245;25895426;19148793;1999594;0;11611;80.4;78.9;58.4;6.1;0.0;0.0
FR;1;2022-07-18;517;627;4697;30040;0;417;26369762;25896053;19153490;2029634;0;12028;80.4;78.9;58.4;6.2;0.0;0.0
FR;1;2022-07-19;621;627;5607;49733;0;714;26370383;25896680;19159097;2079367;0;12742;80.4;78.9;58.4;6.3;0.0;0.0
FR;1;2022-07-20;656;642;4926;36707;0;491;26371039;25897322;19164023;2116074;0;13233;80.4;78.9;58.4;6.4;0.0;0.0
FR;1;2022-07-21;536;619;4718;41427;0;653;26371575;25897941;19168741;2157501;0;13886;80.4;78.9;58.4;6.6;0.0;0.0
FR;1;2022-07-22;639;680;5546;42554;0;668;26372214;25898621;19174287;2200055;0;14554;80.4;78.9;58.4;6.7;0.0;0.0
FR;1;2022-07-23;296;406;2288;10672;0;198;26372510;25899027;19176575;2210727;0;14752;80.4;78.9;58.4;6.7;0.0;0.0
FR;1;2022-07-24;85;86;568;1887;0;40;26372595;25899113;19177143;2212614;0;14792;80.4;78.9;58.5;6.7;0.0;0.0
FR;1;2022-07-25;441;526;3508;22926;0;356;26373036;25899639;19180651;2235540;0;15148;80.4;78.9;58.5;6.8;0.0;0.0
FR;1;2022-07-26;560;574;4917;39696;0;651;26373596;25900213;19185568;2275236;0;15799;80.4;78.9;58.5;6.9;0.0;0.0
FR;1;2022-07-27;511;604;3802;28655;0;457;26374107;25900817;19189370;2303891;0;16256;80.4;78.9;58.5;7.0;0.0;0.0
FR;1;2022-07-28;506;549;3682;29780;0;519;26374613;25901366;19193052;2333671;0;16775;80.4;78.9;58.5;7.1;0.0;0.1
FR;1;2022-07-29;529;575;3970;30713;0;569;26375142;25901941;19197022;2364384;0;17344;80.4;78.9;58.5;7.2;0.0;0.1
FR;1;2022-07-30;228;270;1338;7204;0;153;26375370;25902211;19198360;2371588;0;17497;80.4;78.9;58.5;7.2;0.0;0.1
FR;1;2022-07-31;66;84;358;1170;0;20;26375436;25902295;19198718;2372758;0;17517;80.4;78.9;58.5;7.2;0.0;0.1
FR;1;2022-08-01;459;575;2915;14363;0;254;26375895;25902870;19201633;2387121;0;17771;80.4;79.0;58.5;7.3;0.0;0.1
FR;1;2022-08-02;444;462;3090;25906;0;582;26376339;25903332;19204723;2413027;0;18353;80.4;79.0;58.5;7.4;0.0;0.1
FR;1;2022-08-03;388;402;2264;18040;0;339;26376727;25903734;19206987;2431067;0;18692;80.4;79.0;58.5;7.4;0.0;0.1
FR;1;2022-08-04;324;377;2387;19821;0;434;26377051;25904111;19209374;2450888;0;19126;80.4;79.0;58.5;7.5;0.0;0.1
FR;1;2022-08-05;368;417;2594;20794;0;469;26377419;25904528;19211968;2471682;0;19595;80.4;79.0;58.6;7.5;0.0;0.1
FR;1;2022-08-06;152;176;861;4374;0;104;26377571;25904704;19212829;2476056;0;19699;80.4;79.0;58.6;7.5;0.0;0.1
FR;1;2022-08-07;53;51;219;754;0;17;26377624;25904755;19213048;2476810;0;19716;80.4;79.0;58.6;7.5;0.0;0.1
FR;1;2022-08-08;316;423;1446;10205;0;238;26377940;25905178;19214494;2487015;0;19954;80.4;79.0;58.6;7.6;0.0;0.1
FR;1;2022-08-09;330;367;2147;18287;0;427;26378270;25905545;19216641;2505302;0;20381;80.4;79.0;58.6;7.6;0.0;0.1
FR;1;2022-08-10;291;450;1715;12765;0;307;26378561;25905995;19218356;2518067;0;20688;80.4;79.0;58.6;7.7;0.0;0.1
FR;1;2022-08-11;264;330;1614;13381;0;326;26378825;25906325;19219970;2531448;0;21014;80.4;79.0;58.6;7.7;0.0;0.1
FR;1;2022-08-12;389;353;1749;13005;0;358;26379214;25906678;19221719;2544453;0;21372;80.4;79.0;58.6;7.8;0.0;0.1
FR;1;2022-08-13;168;152;508;2504;0;57;26379382;25906830;19222227;2546957;0;21429;80.4;79.0;58.6;7.8;0.0;0.1
FR;1;2022-08-14;37;49;113;461;0;11;26379419;25906879;19222340;2547418;0;21440;80.4;79.0;58.6;7.8;0.0;0.1
FR;1;2022-08-15;63;89;262;251;0;8;26379482;25906968;19222602;2547669;0;21448;80.4;79.0;58.6;7.8;0.0;0.1
FR;1;2022-08-16;280;361;1465;10056;0;317;26379762;25907329;19224067;2557725;0;21765;80.4;79.0;58.6;7.8;0.0;0.1
FR;1;2022-08-17;296;355;1483;10322;0;311;26380058;25907684;19225550;2568047;0;22076;80.4;79.0;58.6;7.8;0.0;0.1
FR;1;2022-08-18;253;349;1443;11892;0;318;26380311;25908033;19226993;2579939;0;22394;80.4;79.0;58.6;7.9;0.0;0.1
FR;1;2022-08-19;261;372;1615;12359;0;374;26380572;25908405;19228608;2592298;0;22768;80.4;79.0;58.6;7.9;0.0;0.1
FR;1;2022-08-20;139;203;515;2633;0;72;26380711;25908608;19229123;2594931;0;22840;80.4;79.0;58.6;7.9;0.0;0.1
FR;1;2022-08-21;41;33;127;460;0;12;26380752;25908641;19229250;2595391;0;22852;80.4;79.0;58.6;7.9;0.0;0.1
FR;1;2022-08-22;221;320;1204;7015;0;207;26380973;25908961;19230454;2602406;0;23059;80.4;79.0;58.6;7.9;0.0;0.1
FR;1;2022-08-23;290;332;1533;12947;0;396;26381263;25909293;19231987;2615353;0;23455;80.4;79.0;58.6;8.0;0.0;0.1
FR;1;2022-08-24;274;349;1236;8751;0;287;26381537;25909642;19233223;2624104;0;23742;80.4;79.0;58.6;8.0;0.0;0.1
FR;1;2022-08-25;258;314;1391;10407;0;337;26381795;25909956;19234614;2634511;0;24079;80.4;79.0;58.6;8.0;0.0;0.1
FR;1;2022-08-26;371;395;1531;11656;0;387;26382166;25910351;19236145;2646167;0;24466;80.4;79.0;58.6;8.1;0.0;0.1
FR;1;2022-08-27;118;153;546;2507;0;96;26382284;25910504;19236691;2648674;0;24562;80.4;79.0;58.6;8.1;0.0;0.1
FR;1;2022-08-28;59;60;119;435;0;13;26382343;25910564;19236810;2649109;0;24575;80.4;79.0;58.6;8.1;0.0;0.1
FR;1;2022-08-29;293;326;1108;6644;0;205;26382636;25910890;19237918;2655753;0;24780;80.4;79.0;58.6;8.1;0.0;0.1
FR;1;2022-08-30;347;377;1605;12737;0;410;26382983;25911267;19239523;2668490;0;25190;80.4;79.0;58.6;8.1;0.0;0.1
FR;1;2022-08-31;259;293;1068;7825;0;253;26383242;25911560;19240591;2676315;0;25443;80.4;79.0;58.6;8.2;0.0;0.1
FR;1;2022-09-01;301;292;1633;10112;0;301;26383543;25911852;19242224;2686427;0;25744;80.4;79.0;58.6;8.2;0.0;0.1
FR;1;2022-09-02;372;342;1769;12730;0;428;26383915;25912194;19243993;2699157;0;26172;80.4;79.0;58.7;8.2;0.0;0.1
FR;1;2022-09-03;165;188;704;2808;0;97;26384080;25912382;19244697;2701965;0;26269;80.4;79.0;58.7;8.2;0.0;0.1
FR;1;2022-09-04;56;36;134;410;0;9;26384136;25912418;19244831;2702375;0;26278;80.4;79.0;58.7;8.2;0.0;0.1
FR;1;2022-09-05;338;333;1116;7323;0;260;26384474;25912751;19245947;2709698;0;26538;80.4;79.0;58.7;8.3;0.0;0.1
FR;1;2022-09-06;390;271;1609;14058;0;502;26384864;25913022;19247556;2723756;0;27040;80.4;79.0;58.7;8.3;0.0;0.1
FR;1;2022-09-07;298;232;986;7326;0;258;26385162;25913254;19248542;2731082;0;27298;80.4;79.0;58.7;8.3;0.0;0.1
FR;1;2022-09-08;279;253;1299;10931;0;392;26385441;25913507;19249841;2742013;0;27690;80.4;79.0;58.7;8.4;0.0;0.1
FR;1;2022-09-09;340;270;1487;12198;0;439;26385781;25913777;19251328;2754211;0;28129;80.4;79.0;58.7;8.4;0.0;0.1
FR;1;2022-09-10;166;209;629;2573;0;98;26385947;25913986;19251957;2756784;0;28227;80.4;79.0;58.7;8.4;0.0;0.1
FR;1;2022-09-11;58;40;134;305;0;10;26386005;25914026;19252091;2757089;0;28237;80.4;79.0;58.7;8.4;0.0;0.1
FR;1;2022-09-12;218;199;974;5961;0;201;26386223;25914225;19253065;2763050;0;28438;80.4;79.0;58.7;8.4;0.0;0.1
FR;1;2022-09-13;267;226;1516;11621;0;415;26386490;25914451;19254581;2774671;0;28853;80.4;79.0;58.7;8.5;0.0;0.1
FR;1;2022-09-14;298;251;1034;7085;0;272;26386788;25914702;19255615;2781756;0;29125;80.4;79.0;58.7;8.5;0.0;0.1
FR;1;2022-09-15;245;267;1254;10398;0;317;26387033;25914969;19256869;2792154;0;29442;80.4;79.0;58.7;8.5;0.0;0.1
FR;1;2022-09-16;344;313;1445;11562;0;473;26387377;25915282;19258314;2803716;0;29915;80.4;79.0;58.7;8.5;0.0;0.1
FR;1;2022-09-17;158;170;522;2771;0;126;26387535;25915452;19258836;2806487;0;30041;80.4;79.0;58.7;8.6;0.0;0.1
FR;1;2022-09-18;56;63;132;439;0;20;26387591;25915515;19258968;2806926;0;30061;80.4;79.0;58.7;8.6;0.0;0.1
FR;1;2022-09-19;186;193;829;5905;0;219;26387777;25915708;19259797;2812831;0;30280;80.4;79.0;58.7;8.6;0.0;0.1
FR;1;2022-09-20;241;280;1381;11606;0;445;26388018;25915988;19261178;2824437;0;30725;80.4;79.0;58.7;8.6;0.0;0.1
FR;1;2022-09-21;267;247;971;7177;0;280;26388285;25916235;19262149;2831614;0;31005;80.4;79.0;58.7;8.6;0.0;0.1
FR;1;2022-09-22;234;234;1183;10297;0;359;26388519;25916469;19263332;2841911;0;31364;80.4;79.0;58.7;8.7;0.0;0.1
FR;1;2022-09-23;322;293;1581;12668;0;500;26388841;25916762;19264913;2854579;0;31864;80.4;79.0;58.7;8.7;0.0;0.1
FR;1;2022-09-24;175;181;603;3176;0;145;26389016;25916943;19265516;2857755;0;32009;80.4;79.0;58.7;8.7;0.0;0.1
FR;1;2022-09-25;45;70;129;495;0;18;26389061;25917013;19265645;2858250;0;32027;80.4;79.0;58.7;8.7;0.0;0.1
FR;1;2022-09-26;180;225;835;5996;0;211;26389241;25917238;19266480;2864246;0;32238;80.4;79.0;58.7;8.7;0.0;0.1
FR;1;2022-09-27;254;255;1222;11512;0;457;26389495;25917493;19267702;2875758;0;32695;80.4;79.0;58.7;8.8;0.0;0.1
FR;1;2022-09-28;246;264;967;6715;0;281;26389741;25917757;19268669;2882473;0;32976;80.4;79.0;58.7;8.8;0.0;0.1
FR;1;2022-09-29;243;220;1143;9198;17;382;26389984;25917977;19269812;2891671;17;33358;80.4;79.0;58.7;8.8;0.0;0.1
FR;1;2022-09-30;305;333;1353;11288;323;505;26390289;25918310;19271165;2902959;340;33863;80.4;79.0;58.7;8.8;0.0;0.1
FR;1;2022-10-01;192;238;764;2835;183;163;26390481;25918548;19271929;2905794;523;34026;80.4;79.0;58.7;8.9;0.0;0.1
FR;1;2022-10-02;28;42;91;310;37;19;26390509;25918590;19272020;2906104;560;34045;80.4;79.0;58.7;8.9;0.0;0.1
FR;1;2022-10-03;319;361;959;5410;996;389;26390828;25918951;19272979;2911514;1556;34434;80.4;79.0;58.7;8.9;0.0;0.1
FR;1;2022-10-04;345;246;1212;10689;2276;808;26391173;25919197;19274191;2922203;3832;35242;80.4;79.0;58.7;8.9;0.0;0.1
FR;1;2022-10-05;263;266;889;6646;1741;587;26391436;25919463;19275080;2928849;5573;35829;80.4;79.0;58.7;8.9;0.0;0.1
FR;1;2022-10-06;238;231;1056;9903;3164;957;26391674;25919694;19276136;2938752;8737;36786;80.4;79.0;58.8;9.0;0.0;0.1
FR;1;2022-10-07;317;307;1469;13645;7850;1615;26391991;25920001;19277605;2952397;16587;38401;80.4;79.0;58.8;9.0;0.1;0.1
FR;1;2022-10-08;151;171;623;3964;3145;580;26392142;25920172;19278228;2956361;19732;38981;80.4;79.0;58.8;9.0;0.1;0.1
FR;1;2022-10-09;42;56;132;766;682;139;26392184;25920228;19278360;2957127;20414;39120;80.4;79.0;58.8;9.0;0.1;0.1
FR;1;2022-10-10;224;278;1040;9478;9005;1555;26392408;25920506;19279400;2966605;29419;40675;80.4;79.0;58.8;9.0;0.1;0.1
FR;1;2022-10-11;271;224;1535;18481;18375;3022;26392679;25920730;19280935;2985086;47794;43697;80.4;79.0;58.8;9.1;0.1;0.1
FR;1;2022-10-12;263;268;1193;12292;12439;2198;26392942;25920998;19282128;2997378;60233;45895;80.4;79.0;58.8;9.1;0.2;0.1
FR;1;2022-10-13;269;264;1308;17331;18123;3012;26393211;25921262;19283436;3014709;78356;48907;80.4;79.0;58.8;9.2;0.2;0.1
FR;1;2022-10-14;347;337;1708;21728;23221;3736;26393558;25921599;19285144;3036437;101577;52643;80.4;79.0;58.8;9.3;0.3;0.2
FR;1;2022-10-15;147;182;730;5508;6035;1078;26393705;25921781;19285874;3041945;107612;53721;80.4;79.0;58.8;9.3;0.3;0.2
FR;1;2022-10-16;43;42;155;914;1057;216;26393748;25921823;19286029;3042859;108669;53937;80.4;79.0;58.8;9.3;0.3;0.2
FR;1;2022-10-17;183;203;1100;12034;13821;2434;26393931;25922026;19287129;3054893;122490;56371;80.4;79.0;58.8;9.3;0.4;0.2
FR;1;2022-10-18;250;238;1705;21602;25788;5452;26394181;25922264;19288834;3076495;148278;61823;80.4;79.0;58.8;9.4;0.5;0.2
FR;1;2022-10-19;254;280;1340;16114;19610;4306;26394435;25922544;19290174;3092609;167888;66129;80.4;79.0;58.8;9.4;0.5;0.2
FR;1;2022-10-20;271;256;1649;23207;27920;5924;26394706;25922800;19291823;3115816;195808;72053;80.4;79.0;58.8;9.5;0.6;0.2
FR;1;2022-10-21;263;281;2011;26769;33132;6865;26394969;25923081;19293834;3142585;228940;78918;80.5;79.0;58.8;9.6;0.7;0.2
FR;1;2022-10-22;141;142;574;6211;7553;1660;26395110;25923223;19294408;3148796;236493;80578;80.5;79.0;58.8;9.6;0.7;0.2
FR;1;2022-10-23;51;53;106;1003;1264;301;26395161;25923276;19294514;3149799;237757;80879;80.5;79.0;58.8;9.6;0.7;0.2
FR;1;2022-10-24;236;179;1168;12858;16459;3601;26395397;25923455;19295682;3162657;254216;84480;80.5;79.0;58.8;9.6;0.8;0.3
FR;1;2022-10-25;266;244;1621;23070;29777;6824;26395663;25923699;19297303;3185727;283993;91304;80.5;79.0;58.8;9.7;0.9;0.3
FR;1;2022-10-26;220;183;1225;15081;19814;4822;26395883;25923882;19298528;3200808;303807;96126;80.5;79.0;58.8;9.8;0.9;0.3
FR;1;2022-10-27;250;201;1432;18904;24546;5701;26396133;25924083;19299960;3219712;328353;101827;80.5;79.0;58.8;9.8;1.0;0.3
FR;1;2022-10-28;286;231;1533;21029;27161;6133;26396419;25924314;19301493;3240741;355514;107960;80.5;79.0;58.8;9.9;1.1;0.3
FR;1;2022-10-29;123;101;493;4522;5867;1412;26396542;25924415;19301986;3245263;361381;109372;80.5;79.0;58.8;9.9;1.1;0.3
FR;1;2022-10-30;35;35;126;782;1003;237;26396577;25924450;19302112;3246045;362384;109609;80.5;79.0;58.8;9.9;1.1;0.3
FR;1;2022-10-31;151;146;757;7671;10166;2390;26396728;25924596;19302869;3253716;372550;111999;80.5;79.0;58.8;9.9;1.1;0.3
FR;1;2022-11-01;71;71;424;518;715;186;26396799;25924667;19303293;3254234;373265;112185;80.5;79.0;58.8;9.9;1.1;0.3
FR;1;2022-11-02;249;220;1157;11819;16463;4379;26397048;25924887;19304450;3266053;389728;116564;80.5;79.0;58.8;10.0;1.2;0.4
FR;1;2022-11-03;295;238;1375;18577;25608;6670;26397343;25925125;19305825;3284630;415336;123234;80.5;79.0;58.8;10.0;1.3;0.4
FR;1;2022-11-04;300;248;1538;20377;27904;7112;26397643;25925373;19307363;3305007;443240;130346;80.5;79.0;58.8;10.1;1.4;0.4
FR;1;2022-11-05;117;141;522;4720;6347;1526;26397760;25925514;19307885;3309727;449587;131872;80.5;79.0;58.8;10.1;1.4;0.4
FR;1;2022-11-06;36;50;104;775;1076;283;26397796;25925564;19307989;3310502;450663;132155;80.5;79.0;58.8;10.1;1.4;0.4
FR;1;2022-11-07;238;247;994;12509;17532;4734;26398034;25925811;19308983;3323011;468195;136889;80.5;79.0;58.9;10.1;1.4;0.4
FR;1;2022-11-08;313;268;1708;24335;33540;8675;26398347;25926079;19310691;3347346;501735;145564;80.5;79.0;58.9;10.2;1.5;0.4
FR;1;2022-11-09;229;210;1168;14736;20814;5779;26398576;25926289;19311859;3362082;522549;151343;80.5;79.0;58.9;10.2;1.6;0.5
FR;1;2022-11-10;252;296;1553;19991;27852;7515;26398828;25926585;19313412;3382073;550401;158858;80.5;79.0;58.9;10.3;1.7;0.5
FR;1;2022-11-11;36;38;137;777;1167;372;26398864;25926623;19313549;3382850;551568;159230;80.5;79.0;58.9;10.3;1.7;0.5
FR;1;2022-11-12;99;121;424;3431;4813;1299;26398963;25926744;19313973;3386281;556381;160529;80.5;79.0;58.9;10.3;1.7;0.5
FR;1;2022-11-13;36;48;100;579;916;291;26398999;25926792;19314073;3386860;557297;160820;80.5;79.0;58.9;10.3;1.7;0.5
FR;1;2022-11-14;206;156;932;11058;16072;4714;26399205;25926948;19315005;3397918;573369;165534;80.5;79.0;58.9;10.4;1.7;0.5
FR;1;2022-11-15;273;312;1467;21140;30159;8527;26399478;25927260;19316472;3419058;603528;174061;80.5;79.0;58.9;10.4;1.8;0.5
FR;1;2022-11-16;261;249;1122;13228;19316;5754;26399739;25927509;19317594;3432286;622844;179815;80.5;79.0;58.9;10.5;1.9;0.5
FR;1;2022-11-17;242;234;1254;18198;26049;7482;26399981;25927743;19318848;3450484;648893;187297;80.5;79.0;58.9;10.5;2.0;0.6
FR;1;2022-11-18;248;235;1476;21175;30027;8372;26400229;25927978;19320324;3471659;678920;195669;80.5;79.0;58.9;10.6;2.1;0.6
FR;1;2022-11-19;124;119;464;4675;6635;1836;26400353;25928097;19320788;3476334;685555;197505;80.5;79.0;58.9;10.6;2.1;0.6
FR;1;2022-11-20;47;85;126;816;1254;374;26400400;25928182;19320914;3477150;686809;197879;80.5;79.0;58.9;10.6;2.1;0.6
FR;1;2022-11-21;196;139;847;9940;14693;4431;26400596;25928321;19321761;3487090;701502;202310;80.5;79.0;58.9;10.6;2.1;0.6
FR;1;2022-11-22;239;171;1347;18452;26924;7997;26400835;25928492;19323108;3505542;728426;210307;80.5;79.0;58.9;10.7;2.2;0.6
FR;1;2022-11-23;208;179;992;11966;17882;5518;26401043;25928671;19324100;3517508;746308;215825;80.5;79.0;58.9;10.7;2.3;0.7
FR;1;2022-11-24;197;163;1271;17050;25189;7767;26401240;25928834;19325371;3534558;771497;223592;80.5;79.0;58.9;10.8;2.4;0.7
FR;1;2022-11-25;231;230;1439;18787;27326;7993;26401471;25929064;19326810;3553345;798823;231585;80.5;79.0;58.9;10.8;2.4;0.7
FR;1;2022-11-26;132;133;487;4483;6554;1844;26401603;25929197;19327297;3557828;805377;233429;80.5;79.0;58.9;10.8;2.5;0.7
FR;1;2022-11-27;37;34;105;797;1192;379;26401640;25929231;19327402;3558625;806569;233808;80.5;79.0;58.9;10.8;2.5;0.7
FR;1;2022-11-28;214;156;857;11825;17562;5427;26401854;25929387;19328259;3570450;824131;239235;80.5;79.0;58.9;10.9;2.5;0.7
FR;1;2022-11-29;213;164;1470;22211;32849;9969;26402067;25929551;19329729;3592661;856980;249204;80.5;79.0;58.9;11.0;2.6;0.8
FR;1;2022-11-30;231;232;1273;17540;25906;7798;26402298;25929783;19331002;3610201;882886;257002;80.5;79.0;58.9;11.0;2.7;0.8
FR;1;2022-12-01;240;198;1822;24346;36674;11481;26402538;25929981;19332824;3634547;919560;268483;80.5;79.0;58.9;11.1;2.8;0.8
FR;1;2022-12-02;296;241;1983;29166;42826;12663;26402834;25930222;19334807;3663713;962386;281146;80.5;79.0;58.9;11.2;2.9;0.9
FR;1;2022-12-03;142;96;741;8983;12832;3567;26402976;25930318;19335548;3672696;975218;284713;80.5;79.0;58.9;11.2;3.0;0.9
FR;1;2022-12-04;44;38;186;2079;3009;832;26403020;25930356;19335734;3674775;978227;285545;80.5;79.0;58.9;11.2;3.0;0.9
FR;1;2022-12-05;212;221;1358;21647;32294;9977;26403232;25930577;19337092;3696422;1010521;295522;80.5;79.0;58.9;11.3;3.1;0.9
FR;1;2022-12-06;291;212;2182;37514;57046;18388;26403523;25930789;19339274;3733936;1067567;313910;80.5;79.0;58.9;11.4;3.3;1.0
FR;1;2022-12-07;247;214;1676;27499;41731;13450;26403770;25931003;19340950;3761435;1109298;327360;80.5;79.0;59.0;11.5;3.4;1.0
FR;1;2022-12-08;259;208;2057;37809;57356;18689;26404029;25931211;19343007;3799244;1166654;346049;80.5;79.0;59.0;11.6;3.6;1.1
FR;1;2022-12-09;355;252;2664;45642;68454;21446;26404384;25931463;19345671;3844886;1235108;367495;80.5;79.0;59.0;11.7;3.8;1.1
FR;1;2022-12-10;191;185;1214;16807;24140;6812;26404575;25931648;19346885;3861693;1259248;374307;80.5;79.0;59.0;11.8;3.8;1.1
FR;1;2022-12-11;52;45;307;4151;5776;1447;26404627;25931693;19347192;3865844;1265024;375754;80.5;79.0;59.0;11.8;3.9;1.1
FR;1;2022-12-12;229;176;1939;32092;49157;15963;26404856;25931869;19349131;3897936;1314181;391717;80.5;79.0;59.0;11.9;4.0;1.2
FR;1;2022-12-13;341;216;2671;49519;76355;25089;26405197;25932085;19351802;3947455;1390536;416806;80.5;79.0;59.0;12.0;4.2;1.3
FR;1;2022-12-14;281;237;2057;34843;53985;17719;26405478;25932322;19353859;3982298;1444521;434525;80.5;79.0;59.0;12.1;4.4;1.3
FR;1;2022-12-15;295;244;2630;45405;70718;23783;26405773;25932566;19356489;4027703;1515239;458308;80.5;79.0;59.0;12.3;4.6;1.4
FR;1;2022-12-16;354;293;3020;49811;77110;25393;26406127;25932859;19359509;4077514;1592349;483701;80.5;79.0;59.0;12.4;4.9;1.5
FR;1;2022-12-17;148;136;1106;15642;23042;6729;26406275;25932995;19360615;4093156;1615391;490430;80.5;79.0;59.0;12.5;4.9;1.5
FR;1;2022-12-18;42;35;276;3022;4458;1234;26406317;25933030;19360891;4096178;1619849;491664;80.5;79.0;59.0;12.5;4.9;1.5
FR;1;2022-12-19;277;210;1701;27241;42151;13853;26406594;25933240;19362592;4123419;1662000;505517;80.5;79.0;59.0;12.6;5.1;1.5
FR;1;2022-12-20;360;236;2426;38876;61605;20995;26406954;25933476;19365018;4162295;1723605;526512;80.5;79.0;59.0;12.7;5.3;1.6
FR;1;2022-12-21;274;192;1668;25203;40034;13628;26407228;25933668;19366686;4187498;1763639;540140;80.5;79.0;59.0;12.8;5.4;1.6
FR;1;2022-12-22;299;230;1673;23183;37063;12670;26407527;25933898;19368359;4210681;1800702;552810;80.5;79.0;59.0;12.8;5.5;1.7
FR;1;2022-12-23;222;185;1326;13688;21738;7254;26407749;25934083;19369685;4224369;1822440;560064;80.5;79.0;59.0;12.9;5.6;1.7
FR;1;2022-12-24;45;39;182;1483;2199;595;26407794;25934122;19369867;4225852;1824639;560659;80.5;79.0;59.0;12.9;5.6;1.7
FR;1;2022-12-25;23;22;58;305;465;128;26407817;25934144;19369925;4226157;1825104;560787;80.5;79.0;59.0;12.9;5.6;1.7
FR;1;2022-12-26;175;134;866;8380;13048;4121;26407992;25934278;19370791;4234537;1838152;564908;80.5;79.0;59.0;12.9;5.6;1.7
FR;1;2022-12-27;232;187;1385;16832;27030;9212;26408224;25934465;19372176;4251369;1865182;574120;80.5;79.0;59.0;13.0;5.7;1.7
FR;1;2022-12-28;216;154;1093;12659;20353;6856;26408440;25934619;19373269;4264028;1885535;580976;80.5;79.0;59.0;13.0;5.7;1.8
FR;1;2022-12-29;194;158;1150;13210;21313;7221;26408634;25934777;19374419;4277238;1906848;588197;80.5;79.0;59.1;13.0;5.8;1.8
FR;1;2022-12-30;199;152;876;9688;15631;5294;26408833;25934929;19375295;4286926;1922479;593491;80.5;79.0;59.1;13.1;5.9;1.8
FR;1;2022-12-31;59;58;200;1591;2344;618;26408892;25934987;19375495;4288517;1924823;594109;80.5;79.0;59.1;13.1;5.9;1.8
FR;1;2023-01-01;13;12;79;365;492;113;26408905;25934999;19375574;4288882;1925315;594222;80.5;79.0;59.1;13.1;5.9;1.8
FR;1;2023-01-02;466;203;1068;9368;15729;5728;26409371;25935202;19376642;4298250;1941044;599950;80.5;79.0;59.1;13.1;5.9;1.8
FR;1;2023-01-03;343;211;1555;21268;39158;16591;26409714;25935413;19378197;4319518;1980202;616541;80.5;79.0;59.1;13.2;6.0;1.9
FR;1;2023-01-04;264;182;1252;14709;27770;12059;26409978;25935595;19379449;4334227;2007972;628600;80.5;79.1;59.1;13.2;6.1;1.9
FR;1;2023-01-05;302;263;1511;20476;39162;17429;26410280;25935858;19380960;4354703;2047134;646029;80.5;79.1;59.1;13.3;6.2;2.0
FR;1;2023-01-06;367;254;1665;23141;43347;18878;26410647;25936112;19382625;4377844;2090481;664907;80.5;79.1;59.1;13.3;6.4;2.0
FR;1;2023-01-07;160;140;618;6330;10988;4218;26410807;25936252;19383243;4384174;2101469;669125;80.5;79.1;59.1;13.4;6.4;2.0
FR;1;2023-01-08;53;46;161;1423;2457;928;26410860;25936298;19383404;4385597;2103926;670053;80.5;79.1;59.1;13.4;6.4;2.0
FR;1;2023-01-09;273;221;908;10795;21548;9995;26411133;25936519;19384312;4396392;2125474;680048;80.5;79.1;59.1;13.4;6.5;2.1
FR;1;2023-01-10;287;281;1602;19646;40564;19634;26411420;25936800;19385914;4416038;2166038;699682;80.5;79.1;59.1;13.5;6.6;2.1
FR;1;2023-01-11;206;197;1056;11739;24476;11815;26411626;25936997;19386970;4427777;2190514;711497;80.5;79.1;59.1;13.5;6.7;2.2
FR;1;2023-01-12;296;221;1295;15897;33346;16374;26411922;25937218;19388265;4443674;2223860;727871;80.5;79.1;59.1;13.5;6.8;2.2
FR;1;2023-01-13;378;237;1442;16977;34682;16519;26412300;25937455;19389707;4460651;2258542;744390;80.5;79.1;59.1;13.6;6.9;2.3
FR;1;2023-01-14;164;100;581;4580;8493;3494;26412464;25937555;19390288;4465231;2267035;747884;80.5;79.1;59.1;13.6;6.9;2.3
FR;1;2023-01-15;45;43;142;773;1525;671;26412509;25937598;19390430;4466004;2268560;748555;80.5;79.1;59.1;13.6;6.9;2.3
FR;1;2023-01-16;182;159;808;7627;16611;8426;26412691;25937757;19391238;4473631;2285171;756981;80.5;79.1;59.1;13.6;7.0;2.3
FR;1;2023-01-17;215;167;1121;13731;30612;15921;26412906;25937924;19392359;4487362;2315783;772902;80.5;79.1;59.1;13.7;7.1;2.4
FR;1;2023-01-18;224;181;802;8011;17844;9168;26413130;25938105;19393161;4495373;2333627;782070;80.5;79.1;59.1;13.7;7.1;2.4
FR;1;2023-01-19;222;150;945;10694;24133;12636;26413352;25938255;19394106;4506067;2357760;794706;80.5;79.1;59.1;13.7;7.2;2.4
FR;1;2023-01-20;274;227;1156;11942;26708;13853;26413626;25938482;19395262;4518009;2384468;808559;80.5;79.1;59.1;13.8;7.3;2.5
FR;1;2023-01-21;108;99;390;3129;6255;2820;26413734;25938581;19395652;4521138;2390723;811379;80.5;79.1;59.1;13.8;7.3;2.5
FR;1;2023-01-22;22;20;67;442;886;401;26413756;25938601;19395719;4521580;2391609;811780;80.5;79.1;59.1;13.8;7.3;2.5
FR;1;2023-01-23;145;115;571;5152;12583;6923;26413901;25938716;19396290;4526732;2404192;818703;80.5;79.1;59.1;13.8;7.3;2.5
FR;1;2023-01-24;206;166;862;9565;23346;13018;26414107;25938882;19397152;4536297;2427538;831721;80.5;79.1;59.1;13.8;7.4;2.5
FR;1;2023-01-25;174;200;652;5827;14030;7660;26414281;25939082;19397804;4542124;2441568;839381;80.5;79.1;59.1;13.8;7.4;2.6
FR;1;2023-01-26;171;167;729;7878;19253;10730;26414452;25939249;19398533;4550002;2460821;850111;80.5;79.1;59.1;13.9;7.5;2.6
FR;1;2023-01-27;234;461;863;8521;20748;11496;26414686;25939710;19399396;4558523;2481569;861607;80.5;79.1;59.1;13.9;7.6;2.6
FR;1;2023-01-28;111;105;280;2212;4671;2222;26414797;25939815;19399676;4560735;2486240;863829;80.5;79.1;59.1;13.9;7.6;2.6
FR;1;2023-01-29;19;26;41;229;490;246;26414816;25939841;19399717;4560964;2486730;864075;80.5;79.1;59.1;13.9;7.6;2.6
FR;1;2023-01-30;171;144;474;3939;9637;5241;26414987;25939985;19400191;4564903;2496367;869316;80.5;79.1;59.1;13.9;7.6;2.6
FR;1;2023-01-31;187;150;680;6470;16941;9910;26415174;25940135;19400871;4571373;2513308;879226;80.5;79.1;59.1;13.9;7.7;2.7
FR;1;2023-02-01;184;177;653;3818;10158;5863;26415358;25940312;19401524;4575191;2523466;885089;80.5;79.1;59.1;13.9;7.7;2.7
FR;1;2023-02-02;157;152;620;5526;14529;8459;26415515;25940464;19402144;4580717;2537995;893548;80.5;79.1;59.1;14.0;7.7;2.7
FR;1;2023-02-03;204;222;734;5780;15517;9059;26415719;25940686;19402878;4586497;2553512;902607;80.5;79.1;59.1;14.0;7.8;2.8
FR;1;2023-02-04;85;93;288;1500;3517;1787;26415804;25940779;19403166;4587997;2557029;904394;80.5;79.1;59.1;14.0;7.8;2.8
FR;1;2023-02-05;14;22;35;123;265;126;26415818;25940801;19403201;4588120;2557294;904520;80.5;79.1;59.1;14.0;7.8;2.8
FR;1;2023-02-06;133;138;391;2507;7000;4161;26415951;25940939;19403592;4590627;2564294;908681;80.5;79.1;59.1;14.0;7.8;2.8
FR;1;2023-02-07;133;157;574;4514;12966;7826;26416084;25941096;19404166;4595141;2577260;916507;80.5;79.1;59.1;14.0;7.9;2.8
FR;1;2023-02-08;126;121;424;2838;7794;4489;26416210;25941217;19404590;4597979;2585054;920996;80.5;79.1;59.1;14.0;7.9;2.8
FR;1;2023-02-09;150;148;485;3666;10359;6230;26416360;25941365;19405075;4601645;2595413;927226;80.5;79.1;59.1;14.0;7.9;2.8
FR;1;2023-02-10;195;196;530;3899;10947;6508;26416555;25941561;19405605;4605544;2606360;933734;80.5;79.1;59.1;14.0;7.9;2.8
FR;1;2023-02-11;73;80;223;1047;2537;1298;26416628;25941641;19405828;4606591;2608897;935032;80.5;79.1;59.1;14.0;8.0;2.8
FR;1;2023-02-12;19;27;24;90;201;99;26416647;25941668;19405852;4606681;2609098;935131;80.5;79.1;59.1;14.0;8.0;2.9
FR;1;2023-02-13;105;118;311;1616;4468;2549;26416752;25941786;19406163;4608297;2613566;937680;80.5;79.1;59.1;14.0;8.0;2.9
FR;1;2023-02-14;132;125;446;2736;8022;4829;26416884;25941911;19406609;4611033;2621588;942509;80.5;79.1;59.2;14.1;8.0;2.9
FR;1;2023-02-15;109;119;389;1848;5450;3220;26416993;25942030;19406998;4612881;2627038;945729;80.5;79.1;59.2;14.1;8.0;2.9
FR;1;2023-02-16;113;116;432;2379;6764;3960;26417106;25942146;19407430;4615260;2633802;949689;80.5;79.1;59.2;14.1;8.0;2.9
FR;1;2023-02-17;159;162;485;2532;7461;4478;26417265;25942308;19407915;4617792;2641263;954167;80.5;79.1;59.2;14.1;8.1;2.9
FR;1;2023-02-18;77;73;205;775;1863;943;26417342;25942381;19408120;4618567;2643126;955110;80.5;79.1;59.2;14.1;8.1;2.9
FR;1;2023-02-19;15;16;21;67;148;67;26417357;25942397;19408141;4618634;2643274;955177;80.5;79.1;59.2;14.1;8.1;2.9
FR;1;2023-02-20;111;115;277;1307;3809;2217;26417468;25942512;19408418;4619941;2647083;957394;80.5;79.1;59.2;14.1;8.1;2.9
FR;1;2023-02-21;105;113;366;2134;6388;3855;26417573;25942625;19408784;4622075;2653471;961249;80.5;79.1;59.2;14.1;8.1;2.9
FR;1;2023-02-22;94;117;273;1372;4112;2419;26417667;25942742;19409057;4623447;2657583;963668;80.5;79.1;59.2;14.1;8.1;2.9
FR;1;2023-02-23;87;98;353;1895;5644;3355;26417754;25942840;19409410;4625342;2663227;967023;80.5;79.1;59.2;14.1;8.1;2.9
FR;1;2023-02-24;128;153;389;2111;5973;3464;26417882;25942993;19409799;4627453;2669200;970487;80.5;79.1;59.2;14.1;8.1;3.0
FR;1;2023-02-25;56;70;172;568;1484;772;26417938;25943063;19409971;4628021;2670684;971259;80.5;79.1;59.2;14.1;8.1;3.0
FR;1;2023-02-26;9;15;15;53;124;58;26417947;25943078;19409986;4628074;2670808;971317;80.5;79.1;59.2;14.1;8.1;3.0
FR;1;2023-02-27;100;106;267;905;2947;1804;26418047;25943184;19410253;4628979;2673755;973121;80.5;79.1;59.2;14.1;8.1;3.0
FR;1;2023-02-28;117;104;324;1666;5482;3406;26418164;25943288;19410577;4630645;2679237;976527;80.5;79.1;59.2;14.1;8.2;3.0
FR;1;2023-03-01;95;117;341;1025;3037;1792;26418259;25943405;19410918;4631670;2682274;978319;80.5;79.1;59.2;14.1;8.2;3.0
FR;1;2023-03-02;106;90;342;1431;4574;2821;26418365;25943495;19411260;4633101;2686848;981140;80.5;79.1;59.2;14.1;8.2;3.0
FR;1;2023-03-03;151;150;405;1802;5478;3239;26418516;25943645;19411665;4634903;2692326;984379;80.5;79.1;59.2;14.1;8.2;3.0
FR;1;2023-03-04;56;60;153;532;1290;632;26418572;25943705;19411818;4635435;2693616;985011;80.5;79.1;59.2;14.1;8.2;3.0
FR;1;2023-03-05;11;9;12;24;91;54;26418583;25943714;19411830;4635459;2693707;985065;80.5;79.1;59.2;14.1;8.2;3.0
FR;1;2023-03-06;115;79;242;703;2142;1205;26418698;25943793;19412072;4636162;2695849;986270;80.5;79.1;59.2;14.1;8.2;3.0
FR;1;2023-03-07;76;89;252;1108;3662;2288;26418774;25943882;19412324;4637270;2699511;988558;80.5;79.1;59.2;14.1;8.2;3.0
FR;1;2023-03-08;62;102;188;702;2271;1349;26418836;25943984;19412512;4637972;2701782;989907;80.5;79.1;59.2;14.1;8.2;3.0
FR;1;2023-03-09;75;82;263;939;3212;1970;26418911;25944066;19412775;4638911;2704994;991877;80.5;79.1;59.2;14.1;8.2;3.0
FR;1;2023-03-10;128;140;354;1289;4165;2501;26419039;25944206;19413129;4640200;2709159;994378;80.5;79.1;59.2;14.1;8.3;3.0
FR;1;2023-03-11;60;59;141;417;1094;558;26419099;25944265;19413270;4640617;2710253;994936;80.5;79.1;59.2;14.1;8.3;3.0
FR;1;2023-03-12;5;8;18;26;89;46;26419104;25944273;19413288;4640643;2710342;994982;80.5;79.1;59.2;14.1;8.3;3.0
FR;1;2023-03-13;51;85;171;555;1727;1002;26419155;25944358;19413459;4641198;2712069;995984;80.5;79.1;59.2;14.1;8.3;3.0
FR;1;2023-03-14;72;70;262;903;3112;1925;26419227;25944428;19413721;4642101;2715181;997909;80.5;79.1;59.2;14.1;8.3;3.0
FR;1;2023-03-15;63;84;213;584;1923;1126;26419290;25944512;19413934;4642685;2717104;999035;80.5;79.1;59.2;14.2;8.3;3.0
FR;1;2023-03-16;83;81;249;798;2625;1569;26419373;25944593;19414183;4643483;2719729;1000604;80.5;79.1;59.2;14.2;8.3;3.0
FR;1;2023-03-17;127;125;301;1038;3347;1977;26419500;25944718;19414484;4644521;2723076;1002581;80.5;79.1;59.2;14.2;8.3;3.1
FR;1;2023-03-18;42;48;198;335;958;468;26419542;25944766;19414682;4644856;2724034;1003049;80.5;79.1;59.2;14.2;8.3;3.1
FR;1;2023-03-19;15;10;8;25;61;28;26419557;25944776;19414690;4644881;2724095;1003077;80.5;79.1;59.2;14.2;8.3;3.1
FR;1;2023-03-20;65;70;197;555;1762;1004;26419622;25944846;19414887;4645436;2725857;1004081;80.5;79.1;59.2;14.2;8.3;3.1
FR;1;2023-03-21;81;63;300;783;2930;1768;26419703;25944909;19415187;4646219;2728787;1005849;80.5;79.1;59.2;14.2;8.3;3.1
FR;1;2023-03-22;74;76;211;496;1732;1010;26419777;25944985;19415398;4646715;2730519;1006859;80.5;79.1;59.2;14.2;8.3;3.1
FR;1;2023-03-23;64;63;238;700;2371;1401;26419841;25945048;19415636;4647415;2732890;1008260;80.5;79.1;59.2;14.2;8.3;3.1
FR;1;2023-03-24;107;130;373;871;2984;1738;26419948;25945178;19416009;4648286;2735874;1009998;80.5;79.1;59.2;14.2;8.3;3.1
FR;1;2023-03-25;63;70;131;321;837;392;26420011;25945248;19416140;4648607;2736711;1010390;80.5;79.1;59.2;14.2;8.3;3.1
FR;1;2023-03-26;4;7;11;13;37;21;26420015;25945255;19416151;4648620;2736748;1010411;80.5;79.1;59.2;14.2;8.3;3.1
FR;1;2023-03-27;106;99;199;466;1573;904;26420121;25945354;19416350;4649086;2738321;1011315;80.5;79.1;59.2;14.2;8.3;3.1
FR;1;2023-03-28;68;71;241;783;2801;1683;26420189;25945425;19416591;4649869;2741122;1012998;80.5;79.1;59.2;14.2;8.4;3.1
FR;1;2023-03-29;84;67;193;468;1673;958;26420273;25945492;19416784;4650337;2742795;1013956;80.5;79.1;59.2;14.2;8.4;3.1
FR;1;2023-03-30;74;71;219;677;2373;1383;26420347;25945563;19417003;4651014;2745168;1015339;80.5;79.1;59.2;14.2;8.4;3.1
FR;1;2023-03-31;93;127;250;878;3129;1888;26420440;25945690;19417253;4651892;2748297;1017227;80.5;79.1;59.2;14.2;8.4;3.1
FR;1;2023-04-01;52;56;181;324;924;438;26420492;25945746;19417434;4652216;2749221;1017665;80.5;79.1;59.2;14.2;8.4;3.1
FR;1;2023-04-02;4;7;20;17;49;19;26420496;25945753;19417454;4652233;2749270;1017684;80.5;79.1;59.2;14.2;8.4;3.1
FR;1;2023-04-03;94;74;233;451;1508;844;26420590;25945827;19417687;4652684;2750778;1018528;80.5;79.1;59.2;14.2;8.4;3.1
FR;1;2023-04-04;44;71;209;639;2456;1480;26420634;25945898;19417896;4653323;2753234;1020008;80.5;79.1;59.2;14.2;8.4;3.1
FR;1;2023-04-05;53;57;159;410;1566;916;26420687;25945955;19418055;4653733;2754800;1020924;80.5;79.1;59.2;14.2;8.4;3.1
FR;1;2023-04-06;73;53;179;545;1938;1094;26420760;25946008;19418234;4654278;2756738;1022018;80.5;79.1;59.2;14.2;8.4;3.1
FR;1;2023-04-07;77;101;218;640;2323;1318;26420837;25946109;19418452;4654918;2759061;1023336;80.5;79.1;59.2;14.2;8.4;3.1
FR;1;2023-04-08;27;34;103;196;621;288;26420864;25946143;19418555;4655114;2759682;1023624;80.5;79.1;59.2;14.2;8.4;3.1
FR;1;2023-04-09;5;2;9;11;29;10;26420869;25946145;19418564;4655125;2759711;1023634;80.5;79.1;59.2;14.2;8.4;3.1
FR;1;2023-04-10;5;13;24;27;58;16;26420874;25946158;19418588;4655152;2759769;1023650;80.5;79.1;59.2;14.2;8.4;3.1
FR;1;2023-04-11;55;65;255;526;2062;1115;26420929;25946223;19418843;4655678;2761831;1024765;80.5;79.1;59.2;14.2;8.4;3.1
FR;1;2023-04-12;54;62;177;362;1512;863;26420983;25946285;19419020;4656040;2763343;1025628;80.5;79.1;59.2;14.2;8.4;3.1
FR;1;2023-04-13;49;68;160;484;1916;1114;26421032;25946353;19419180;4656524;2765259;1026742;80.5;79.1;59.2;14.2;8.4;3.1
FR;1;2023-04-14;87;99;245;646;2471;1418;26421119;25946452;19419425;4657170;2767730;1028160;80.5;79.1;59.2;14.2;8.4;3.1
FR;1;2023-04-15;26;40;115;217;726;340;26421145;25946492;19419540;4657387;2768456;1028500;80.5;79.1;59.2;14.2;8.4;3.1
FR;1;2023-04-16;6;7;7;18;51;20;26421151;25946499;19419547;4657405;2768507;1028520;80.5;79.1;59.2;14.2;8.4;3.1
FR;1;2023-04-17;45;59;174;372;1389;725;26421196;25946558;19419721;4657777;2769896;1029245;80.5;79.1;59.2;14.2;8.4;3.1
FR;1;2023-04-18;59;53;182;474;1896;1056;26421255;25946611;19419903;4658251;2771792;1030301;80.5;79.1;59.2;14.2;8.4;3.1
FR;1;2023-04-19;39;59;109;295;1210;648;26421294;25946670;19420012;4658546;2773002;1030949;80.5;79.1;59.2;14.2;8.5;3.1
FR;1;2023-04-20;45;49;132;382;1516;848;26421339;25946719;19420144;4658928;2774518;1031797;80.5;79.1;59.2;14.2;8.5;3.1
FR;1;2023-04-21;61;80;238;516;1979;1049;26421400;25946799;19420382;4659444;2776497;1032846;80.5;79.1;59.2;14.2;8.5;3.1
FR;1;2023-04-22;33;36;86;140;525;250;26421433;25946835;19420468;4659584;2777022;1033096;80.5;79.1;59.2;14.2;8.5;3.1
FR;1;2023-04-23;5;4;7;13;37;14;26421438;25946839;19420475;4659597;2777059;1033110;80.5;79.1;59.2;14.2;8.5;3.1
FR;1;2023-04-24;61;58;123;279;1084;550;26421499;25946897;19420598;4659876;2778143;1033660;80.5;79.1;59.2;14.2;8.5;3.2
FR;1;2023-04-25;54;49;164;413;1854;1008;26421553;25946946;19420762;4660289;2779997;1034668;80.5;79.1;59.2;14.2;8.5;3.2
FR;1;2023-04-26;44;49;111;254;1139;584;26421597;25946995;19420873;4660543;2781136;1035252;80.5;79.1;59.2;14.2;8.5;3.2
FR;1;2023-04-27;50;51;141;399;1645;882;26421647;25947046;19421014;4660942;2782781;1036134;80.5;79.1;59.2;14.2;8.5;3.2
FR;1;2023-04-28;90;67;194;440;1959;1006;26421737;25947113;19421208;4661382;2784740;1037140;80.5;79.1;59.2;14.2;8.5;3.2
FR;1;2023-04-29;38;39;68;148;522;232;26421775;25947152;19421276;4661530;2785262;1037372;80.5;79.1;59.2;14.2;8.5;3.2
FR;1;2023-04-30;3;3;4;8;29;14;26421778;25947155;19421280;4661538;2785291;1037386;80.5;79.1;59.2;14.2;8.5;3.2
FR;1;2023-05-01;9;11;25;5;23;10;26421787;25947166;19421305;4661543;2785314;1037396;80.5;79.1;59.2;14.2;8.5;3.2
FR;1;2023-05-02;103;79;218;349;1622;808;26421890;25947245;19421523;4661892;2786936;1038204;80.5;79.1;59.2;14.2;8.5;3.2
FR;1;2023-05-03;69;41;116;224;1219;644;26421959;25947286;19421639;4662116;2788155;1038848;80.5;79.1;59.2;14.2;8.5;3.2
FR;1;2023-05-04;38;57;200;324;1740;890;26421997;25947343;19421839;4662440;2789895;1039738;80.5;79.1;59.2;14.2;8.5;3.2
FR;1;2023-05-05;49;50;153;374;2021;1074;26422046;25947393;19421992;4662814;2791916;1040812;80.5;79.1;59.2;14.2;8.5;3.2
FR;1;2023-05-06;40;28;77;127;567;263;26422086;25947421;19422069;4662941;2792483;1041075;80.5;79.1;59.2;14.2;8.5;3.2
FR;1;2023-05-07;2;6;6;12;39;13;26422088;25947427;19422075;4662953;2792522;1041088;80.5;79.1;59.2;14.2;8.5;3.2
FR;1;2023-05-08;11;5;9;9;39;20;26422099;25947432;19422084;4662962;2792561;1041108;80.5;79.1;59.2;14.2;8.5;3.2
FR;1;2023-05-09;37;43;101;272;1584;778;26422136;25947475;19422185;4663234;2794145;1041886;80.5;79.1;59.2;14.2;8.5;3.2
FR;1;2023-05-10;58;50;117;233;1437;693;26422194;25947525;19422302;4663467;2795582;1042579;80.5;79.1;59.2;14.2;8.5;3.2
FR;1;2023-05-11;41;31;92;319;1774;887;26422235;25947556;19422394;4663786;2797356;1043466;80.5;79.1;59.2;14.2;8.5;3.2
FR;1;2023-05-12;43;49;116;341;1997;992;26422278;25947605;19422510;4664127;2799353;1044458;80.5;79.1;59.2;14.2;8.5;3.2
FR;1;2023-05-13;27;28;60;103;498;219;26422305;25947633;19422570;4664230;2799851;1044677;80.5;79.1;59.2;14.2;8.5;3.2
FR;1;2023-05-14;8;3;6;4;31;13;26422313;25947636;19422576;4664234;2799882;1044690;80.5;79.1;59.2;14.2;8.5;3.2
FR;1;2023-05-15;27;24;79;209;1352;652;26422340;25947660;19422655;4664443;2801234;1045342;80.5;79.1;59.2;14.2;8.5;3.2
FR;1;2023-05-16;33;44;95;413;2441;1210;26422373;25947704;19422750;4664856;2803675;1046552;80.5;79.1;59.2;14.2;8.5;3.2
FR;1;2023-05-17;45;54;89;222;1344;608;26422418;25947758;19422839;4665078;2805019;1047160;80.5;79.1;59.2;14.2;8.5;3.2
FR;1;2023-05-18;2;4;4;14;57;22;26422420;25947762;19422843;4665092;2805076;1047182;80.5;79.1;59.2;14.2;8.5;3.2
FR;1;2023-05-19;34;45;112;254;1280;529;26422454;25947807;19422955;4665346;2806356;1047711;80.5;79.1;59.2;14.2;8.6;3.2
FR;1;2023-05-20;21;19;41;62;368;147;26422475;25947826;19422996;4665408;2806724;1047858;80.5;79.1;59.2;14.2;8.6;3.2
FR;1;2023-05-21;8;4;4;9;66;23;26422483;25947830;19423000;4665417;2806790;1047881;80.5;79.1;59.2;14.2;8.6;3.2
FR;1;2023-05-22;49;18;84;229;1271;565;26422532;25947848;19423084;4665646;2808061;1048446;80.5;79.1;59.2;14.2;8.6;3.2
FR;1;2023-05-23;29;29;84;357;1912;833;26422561;25947877;19423168;4666003;2809973;1049279;80.5;79.1;59.2;14.2;8.6;3.2
FR;1;2023-05-24;34;31;79;237;1319;580;26422595;25947908;19423247;4666240;2811292;1049859;80.5;79.1;59.2;14.2;8.6;3.2
FR;1;2023-05-25;32;33;80;248;1810;792;26422627;25947941;19423327;4666488;2813102;1050651;80.5;79.1;59.2;14.2;8.6;3.2
FR;1;2023-05-26;43;48;112;279;2065;970;26422670;25947989;19423439;4666767;2815167;1051621;80.5;79.1;59.2;14.2;8.6;3.2
FR;1;2023-05-27;19;18;37;73;422;202;26422689;25948007;19423476;4666840;2815589;1051823;80.5;79.1;59.2;14.2;8.6;3.2
FR;1;2023-05-28;1;3;2;6;29;15;26422690;25948010;19423478;4666846;2815618;1051838;80.5;79.1;59.2;14.2;8.6;3.2
FR;1;2023-05-29;4;1;4;20;99;40;26422694;25948011;19423482;4666866;2815717;1051878;80.5;79.1;59.2;14.2;8.6;3.2
FR;1;2023-05-30;56;23;86;290;1831;765;26422750;25948034;19423568;4667156;2817548;1052643;80.5;79.1;59.2;14.2;8.6;3.2
FR;1;2023-05-31;31;44;63;236;1412;652;26422781;25948078;19423631;4667392;2818960;1053295;80.5;79.1;59.2;14.2;8.6;3.2
FR;1;2023-06-01;37;31;81;267;1886;780;26422818;25948109;19423712;4667659;2820846;1054075;80.5;79.1;59.2;14.2;8.6;3.2
FR;1;2023-06-02;32;40;103;284;2211;990;26422850;25948149;19423815;4667943;2823057;1055065;80.5;79.1;59.2;14.2;8.6;3.2
FR;1;2023-06-03;14;18;32;82;483;180;26422864;25948167;19423847;4668025;2823540;1055245;80.5;79.1;59.2;14.2;8.6;3.2
FR;1;2023-06-04;0;8;3;6;43;8;26422864;25948175;19423850;4668031;2823583;1055253;80.5;79.1;59.2;14.2;8.6;3.2
FR;1;2023-06-05;61;32;60;282;1629;647;26422925;25948207;19423910;4668313;2825212;1055900;80.5;79.1;59.2;14.2;8.6;3.2
FR;1;2023-06-06;47;50;100;339;2720;1170;26422972;25948257;19424010;4668652;2827932;1057070;80.5;79.1;59.2;14.2;8.6;3.2
FR;1;2023-06-07;28;24;70;235;1615;662;26423000;25948281;19424080;4668887;2829547;1057732;80.5;79.1;59.2;14.2;8.6;3.2
FR;1;2023-06-08;39;33;84;301;2265;979;26423039;25948314;19424164;4669188;2831812;1058711;80.5;79.1;59.2;14.2;8.6;3.2
FR;1;2023-06-09;33;63;91;260;2219;941;26423072;25948377;19424255;4669448;2834031;1059652;80.5;79.1;59.2;14.2;8.6;3.2
FR;1;2023-06-10;14;19;30;74;457;178;26423086;25948396;19424285;4669522;2834488;1059830;80.5;79.1;59.2;14.2;8.6;3.2
FR;1;2023-06-11;1;2;2;6;45;19;26423087;25948398;19424287;4669528;2834533;1059849;80.5;79.1;59.2;14.2;8.6;3.2
FR;1;2023-06-12;21;33;69;245;1823;764;26423108;25948431;19424356;4669773;2836356;1060613;80.5;79.1;59.2;14.2;8.6;3.2
FR;1;2023-06-13;19;23;83;324;2709;1150;26423127;25948454;19424439;4670097;2839065;1061763;80.5;79.1;59.2;14.2;8.7;3.2
FR;1;2023-06-14;16;52;72;240;1795;755;26423143;25948506;19424511;4670337;2840860;1062518;80.5;79.1;59.2;14.2;8.7;3.2
FR;1;2023-06-15;25;31;80;313;2406;1037;26423168;25948537;19424591;4670650;2843266;1063555;80.5;79.1;59.2;14.2;8.7;3.2
FR;1;2023-06-16;33;47;63;324;2483;1030;26423201;25948584;19424654;4670974;2845749;1064585;80.5;79.1;59.2;14.2;8.7;3.2
FR;1;2023-06-17;9;24;27;50;442;169;26423210;25948608;19424681;4671024;2846191;1064754;80.5;79.1;59.2;14.2;8.7;3.2
FR;1;2023-06-18;2;3;5;11;64;32;26423212;25948611;19424686;4671035;2846255;1064786;80.5;79.1;59.2;14.2;8.7;3.2
FR;1;2023-06-19;36;19;57;226;1629;633;26423248;25948630;19424743;4671261;2847884;1065419;80.5;79.1;59.2;14.2;8.7;3.2
FR;1;2023-06-20;40;21;79;296;2474;1043;26423288;25948651;19424822;4671557;2850358;1066462;80.5;79.1;59.2;14.2;8.7;3.3
FR;1;2023-06-21;11;24;77;272;1636;648;26423299;25948675;19424899;4671829;2851994;1067110;80.5;79.1;59.2;14.2;8.7;3.3
FR;1;2023-06-22;24;14;85;306;1973;750;26423323;25948689;19424984;4672135;2853967;1067860;80.5;79.1;59.2;14.2;8.7;3.3
FR;1;2023-06-23;38;27;66;309;2143;792;26423361;25948716;19425050;4672444;2856110;1068652;80.5;79.1;59.2;14.2;8.7;3.3
FR;1;2023-06-24;5;5;24;58;399;127;26423366;25948721;19425074;4672502;2856509;1068779;80.5;79.1;59.2;14.2;8.7;3.3
FR;1;2023-06-25;1;0;5;6;42;16;26423367;25948721;19425079;4672508;2856551;1068795;80.5;79.1;59.2;14.2;8.7;3.3
FR;1;2023-06-26;23;12;59;160;1162;424;26423390;25948733;19425138;4672668;2857713;1069219;80.5;79.1;59.2;14.2;8.7;3.3
FR;1;2023-06-27;29;15;61;257;1905;734;26423419;25948748;19425199;4672925;2859618;1069953;80.5;79.1;59.2;14.2;8.7;3.3
FR;1;2023-06-28;19;24;41;180;1202;494;26423438;25948772;19425240;4673105;2860820;1070447;80.5;79.1;59.2;14.2;8.7;3.3
FR;1;2023-06-29;19;16;57;192;1537;610;26423457;25948788;19425297;4673297;2862357;1071057;80.5;79.1;59.2;14.2;8.7;3.3
FR;1;2023-06-30;21;28;61;196;1738;652;26423478;25948816;19425358;4673493;2864095;1071709;80.5;79.1;59.2;14.2;8.7;3.3
FR;1;2023-07-01;20;20;21;44;381;155;26423498;25948836;19425379;4673537;2864476;1071864;80.5;79.1;59.2;14.2;8.7;3.3
FR;1;2023-07-02;0;0;1;3;19;9;26423498;25948836;19425380;4673540;2864495;1071873;80.5;79.1;59.2;14.2;8.7;3.3
FR;1;2023-07-03;38;13;44;119;884;282;26423536;25948849;19425424;4673659;2865379;1072155;80.5;79.1;59.2;14.2;8.7;3.3
FR;1;2023-07-04;15;15;58;174;1324;500;26423551;25948864;19425482;4673833;2866703;1072655;80.5;79.1;59.2;14.2;8.7;3.3
FR;1;2023-07-05;21;9;45;138;991;372;26423572;25948873;19425527;4673971;2867694;1073027;80.5;79.1;59.2;14.2;8.7;3.3
FR;1;2023-07-06;21;13;54;185;1188;404;26423593;25948886;19425581;4674156;2868882;1073431;80.5;79.1;59.2;14.2;8.7;3.3
FR;1;2023-07-07;28;28;70;157;1268;415;26423621;25948914;19425651;4674313;2870150;1073846;80.5;79.1;59.2;14.2;8.7;3.3
FR;1;2023-07-08;6;8;29;35;253;70;26423627;25948922;19425680;4674348;2870403;1073916;80.5;79.1;59.2;14.2;8.7;3.3
FR;1;2023-07-09;1;2;0;2;20;8;26423628;25948924;19425680;4674350;2870423;1073924;80.5;79.1;59.2;14.2;8.7;3.3
FR;1;2023-07-10;8;16;41;78;680;213;26423636;25948940;19425721;4674428;2871103;1074137;80.5;79.1;59.2;14.2;8.8;3.3
FR;2;2020-12-27;291;24;0;0;0;0;291;24;0;0;0;0;0.0;0.0;0.0;0.0;0.0;0.0
FR;2;2020-12-28;354;24;0;0;0;0;645;48;0;0;0;0;0.0;0.0;0.0;0.0;0.0;0.0
FR;2;2020-12-29;209;9;0;0;0;0;854;57;0;0;0;0;0.0;0.0;0.0;0.0;0.0;0.0
FR;2;2020-12-30;247;10;0;0;0;0;1101;67;0;0;0;0;0.0;0.0;0.0;0.0;0.0;0.0
FR;2;2020-12-31;243;11;0;0;0;0;1344;78;0;0;0;0;0.0;0.0;0.0;0.0;0.0;0.0
FR;2;2021-01-01;525;26;0;0;0;0;1869;104;0;0;0;0;0.0;0.0;0.0;0.0;0.0;0.0
FR;2;2021-01-02;183;14;0;0;0;0;2052;118;0;0;0;0;0.0;0.0;0.0;0.0;0.0;0.0
FR;2;2021-01-03;204;13;0;0;0;0;2256;131;0;0;0;0;0.0;0.0;0.0;0.0;0.0;0.0
FR;2;2021-01-04;1133;26;0;0;0;0;3389;157;0;0;0;0;0.0;0.0;0.0;0.0;0.0;0.0
FR;2;2021-01-05;4136;65;0;0;0;0;7525;222;0;0;0;0;0.0;0.0;0.0;0.0;0.0;0.0
FR;2;2021-01-06;7079;76;0;0;0;0;14604;298;0;0;0;0;0.0;0.0;0.0;0.0;0.0;0.0
FR;2;2021-01-07;17906;93;0;0;0;0;32510;391;0;0;0;0;0.1;0.0;0.0;0.0;0.0;0.0
FR;2;2021-01-08;22512;129;0;0;0;0;55022;520;0;0;0;0;0.2;0.0;0.0;0.0;0.0;0.0
FR;2;2021-01-09;5932;47;0;0;0;0;60954;567;0;0;0;0;0.2;0.0;0.0;0.0;0.0;0.0
FR;2;2021-01-10;3199;18;0;0;0;0;64153;585;0;0;0;0;0.2;0.0;0.0;0.0;0.0;0.0
FR;2;2021-01-11;24821;137;0;0;0;0;88974;722;0;0;0;0;0.3;0.0;0.0;0.0;0.0;0.0
FR;2;2021-01-12;39803;187;0;0;0;0;128777;909;0;0;0;0;0.4;0.0;0.0;0.0;0.0;0.0
FR;2;2021-01-13;41506;277;0;0;0;0;170283;1186;0;0;0;0;0.5;0.0;0.0;0.0;0.0;0.0
FR;2;2021-01-14;53744;722;0;0;0;0;224027;1908;0;0;0;0;0.6;0.0;0.0;0.0;0.0;0.0
FR;2;2021-01-15;44160;372;0;0;0;0;268187;2280;0;0;0;0;0.8;0.0;0.0;0.0;0.0;0.0
FR;2;2021-01-16;11466;99;0;0;0;0;279653;2379;0;0;0;0;0.8;0.0;0.0;0.0;0.0;0.0
FR;2;2021-01-17;6956;76;0;0;0;0;286609;2455;0;0;0;0;0.8;0.0;0.0;0.0;0.0;0.0
FR;2;2021-01-18;50931;384;0;0;0;0;337540;2839;0;0;0;0;1.0;0.0;0.0;0.0;0.0;0.0
FR;2;2021-01-19;80532;532;0;0;0;0;418072;3371;0;0;0;0;1.2;0.0;0.0;0.0;0.0;0.0
FR;2;2021-01-20;84194;542;0;0;0;0;502266;3913;0;0;0;0;1.4;0.0;0.0;0.0;0.0;0.0
FR;2;2021-01-21;98958;590;0;0;0;0;601224;4503;0;0;0;0;1.7;0.0;0.0;0.0;0.0;0.0
FR;2;2021-01-22;71689;535;0;0;0;0;672913;5038;0;0;0;0;1.9;0.0;0.0;0.0;0.0;0.0
FR;2;2021-01-23;21314;125;0;0;0;0;694227;5163;0;0;0;0;2.0;0.0;0.0;0.0;0.0;0.0
FR;2;2021-01-24;5829;98;0;0;0;0;700056;5261;0;0;0;0;2.0;0.0;0.0;0.0;0.0;0.0
FR;2;2021-01-25;44241;1037;0;0;0;0;744297;6298;0;0;0;0;2.1;0.0;0.0;0.0;0.0;0.0
FR;2;2021-01-26;58965;2485;0;0;0;0;803262;8783;0;0;0;0;2.3;0.0;0.0;0.0;0.0;0.0
FR;2;2021-01-27;64767;4260;0;0;0;0;868029;13043;0;0;0;0;2.5;0.0;0.0;0.0;0.0;0.0
FR;2;2021-01-28;77550;10770;0;0;0;0;945579;23813;0;0;0;0;2.7;0.1;0.0;0.0;0.0;0.0
FR;2;2021-01-29;54522;11584;0;0;0;0;1000101;35397;0;0;0;0;2.9;0.1;0.0;0.0;0.0;0.0
FR;2;2021-01-30;16161;2581;0;0;0;0;1016262;37978;0;0;0;0;2.9;0.1;0.0;0.0;0.0;0.0
FR;2;2021-01-31;3130;1107;0;0;0;0;1019392;39085;0;0;0;0;2.9;0.1;0.0;0.0;0.0;0.0
FR;2;2021-02-01;29656;14293;0;0;0;0;1049048;53378;0;0;0;0;3.0;0.2;0.0;0.0;0.0;0.0
FR;2;2021-02-02;41933;24828;0;0;0;0;1090981;78206;0;0;0;0;3.1;0.2;0.0;0.0;0.0;0.0
FR;2;2021-02-03;42696;25926;0;0;0;0;1133677;104132;0;0;0;0;3.2;0.3;0.0;0.0;0.0;0.0
FR;2;2021-02-04;49612;36341;0;0;0;0;1183289;140473;0;0;0;0;3.4;0.4;0.0;0.0;0.0;0.0
FR;2;2021-02-05;39434;31244;0;0;0;0;1222723;171717;0;0;0;0;3.5;0.5;0.0;0.0;0.0;0.0
FR;2;2021-02-06;12739;6792;0;0;0;0;1235462;178509;0;0;0;0;3.5;0.5;0.0;0.0;0.0;0.0
FR;2;2021-02-07;3179;3884;0;0;0;0;1238641;182393;0;0;0;0;3.5;0.5;0.0;0.0;0.0;0.0
FR;2;2021-02-08;26338;30904;0;0;0;0;1264979;213297;0;0;0;0;3.6;0.6;0.0;0.0;0.0;0.0
FR;2;2021-02-09;38805;52281;0;0;0;0;1303784;265578;0;0;0;0;3.7;0.8;0.0;0.0;0.0;0.0
FR;2;2021-02-10;42156;55629;0;0;0;0;1345940;321207;0;0;0;0;3.9;0.9;0.0;0.0;0.0;0.0
FR;2;2021-02-11;53045;72355;0;0;0;0;1398985;393562;0;0;0;0;4.0;1.1;0.0;0.0;0.0;0.0
FR;2;2021-02-12;47610;49850;0;0;0;0;1446595;443412;0;0;0;0;4.1;1.3;0.0;0.0;0.0;0.0
FR;2;2021-02-13;12861;11423;0;0;0;0;1459456;454835;0;0;0;0;4.2;1.3;0.0;0.0;0.0;0.0
FR;2;2021-02-14;2984;4733;0;0;0;0;1462440;459568;0;0;0;0;4.2;1.3;0.0;0.0;0.0;0.0
FR;2;2021-02-15;22607;44883;0;0;0;0;1485047;504451;0;0;0;0;4.2;1.4;0.0;0.0;0.0;0.0
FR;2;2021-02-16;30225;59719;0;0;0;0;1515272;564170;0;0;0;0;4.3;1.6;0.0;0.0;0.0;0.0
FR;2;2021-02-17;30567;65238;0;0;0;0;1545839;629408;0;0;0;0;4.4;1.8;0.0;0.0;0.0;0.0
FR;2;2021-02-18;42861;77975;0;0;0;0;1588700;707383;0;0;0;0;4.5;2.0;0.0;0.0;0.0;0.0
FR;2;2021-02-19;39293;56338;0;0;0;0;1627993;763721;0;0;0;0;4.7;2.2;0.0;0.0;0.0;0.0
FR;2;2021-02-20;10782;16264;0;0;0;0;1638775;779985;0;0;0;0;4.7;2.2;0.0;0.0;0.0;0.0
FR;2;2021-02-21;1913;3689;0;0;0;0;1640688;783674;0;0;0;0;4.7;2.2;0.0;0.0;0.0;0.0
FR;2;2021-02-22;21852;41590;0;0;0;0;1662540;825264;0;0;0;0;4.8;2.4;0.0;0.0;0.0;0.0
FR;2;2021-02-23;31261;50356;0;0;0;0;1693801;875620;0;0;0;0;4.8;2.5;0.0;0.0;0.0;0.0
FR;2;2021-02-24;34484;49259;0;0;0;0;1728285;924879;0;0;0;0;4.9;2.6;0.0;0.0;0.0;0.0
FR;2;2021-02-25;54716;55978;0;0;0;0;1783001;980857;0;0;0;0;5.1;2.8;0.0;0.0;0.0;0.0
FR;2;2021-02-26;60274;42762;0;0;0;0;1843275;1023619;0;0;0;0;5.3;2.9;0.0;0.0;0.0;0.0
FR;2;2021-02-27;25993;13018;0;0;0;0;1869268;1036637;0;0;0;0;5.3;3.0;0.0;0.0;0.0;0.0
FR;2;2021-02-28;3242;2554;0;0;0;0;1872510;1039191;0;0;0;0;5.4;3.0;0.0;0.0;0.0;0.0
FR;2;2021-03-01;36179;31049;0;0;0;0;1908689;1070240;0;0;0;0;5.5;3.1;0.0;0.0;0.0;0.0
FR;2;2021-03-02;54820;39868;0;0;0;0;1963509;1110108;0;0;0;0;5.6;3.2;0.0;0.0;0.0;0.0
FR;2;2021-03-03;62111;39504;0;0;0;0;2025620;1149612;0;0;0;0;5.8;3.3;0.0;0.0;0.0;0.0
FR;2;2021-03-04;86208;45958;0;0;0;0;2111828;1195570;0;0;0;0;6.0;3.4;0.0;0.0;0.0;0.0
FR;2;2021-03-05;106559;40186;0;0;0;0;2218387;1235756;0;0;0;0;6.3;3.5;0.0;0.0;0.0;0.0
FR;2;2021-03-06;108298;12622;0;0;0;0;2326685;1248378;0;0;0;0;6.7;3.6;0.0;0.0;0.0;0.0
FR;2;2021-03-07;66576;4161;0;0;0;0;2393261;1252539;0;0;0;0;6.8;3.6;0.0;0.0;0.0;0.0
FR;2;2021-03-08;59572;29506;0;0;0;0;2452833;1282045;0;0;0;0;7.0;3.7;0.0;0.0;0.0;0.0
FR;2;2021-03-09;94188;34621;0;0;0;0;2547021;1316666;0;0;0;0;7.3;3.8;0.0;0.0;0.0;0.0
FR;2;2021-03-10;97484;35833;0;0;0;0;2644505;1352499;0;0;0;0;7.6;3.9;0.0;0.0;0.0;0.0
FR;2;2021-03-11;131974;42157;0;0;0;0;2776479;1394656;0;0;0;0;7.9;4.0;0.0;0.0;0.0;0.0
FR;2;2021-03-12;157760;36287;0;0;0;0;2934239;1430943;0;0;0;0;8.4;4.1;0.0;0.0;0.0;0.0
FR;2;2021-03-13;121660;11662;0;0;0;0;3055899;1442605;0;0;0;0;8.7;4.1;0.0;0.0;0.0;0.0
FR;2;2021-03-14;35071;2868;0;0;0;0;3090970;1445473;0;0;0;0;8.8;4.1;0.0;0.0;0.0;0.0
FR;2;2021-03-15;87153;20246;0;0;0;0;3178123;1465719;0;0;0;0;9.1;4.2;0.0;0.0;0.0;0.0
FR;2;2021-03-16;80447;24463;0;0;0;0;3258570;1490182;0;0;0;0;9.3;4.3;0.0;0.0;0.0;0.0
FR;2;2021-03-17;86394;24466;0;0;0;0;3344964;1514648;0;0;0;0;9.6;4.3;0.0;0.0;0.0;0.0
FR;2;2021-03-18;96329;29209;0;0;0;0;3441293;1543857;0;0;0;0;9.8;4.4;0.0;0.0;0.0;0.0
FR;2;2021-03-19;126397;25417;0;0;0;0;3567690;1569274;0;0;0;0;10.2;4.5;0.0;0.0;0.0;0.0
FR;2;2021-03-20;89825;8963;0;0;0;0;3657515;1578237;0;0;0;0;10.5;4.5;0.0;0.0;0.0;0.0
FR;2;2021-03-21;27814;2187;0;0;0;0;3685329;1580424;0;0;0;0;10.5;4.5;0.0;0.0;0.0;0.0
FR;2;2021-03-22;93867;21739;0;0;0;0;3779196;1602163;0;0;0;0;10.8;4.6;0.0;0.0;0.0;0.0
FR;2;2021-03-23;136255;28277;0;0;0;0;3915451;1630440;0;0;0;0;11.2;4.7;0.0;0.0;0.0;0.0
FR;2;2021-03-24;139767;29083;0;0;0;0;4055218;1659523;0;0;0;0;11.6;4.7;0.0;0.0;0.0;0.0
FR;2;2021-03-25;184876;31809;0;0;0;0;4240094;1691332;0;0;0;0;12.1;4.8;0.0;0.0;0.0;0.0
FR;2;2021-03-26;195061;30543;0;0;0;0;4435155;1721875;0;0;0;0;12.7;4.9;0.0;0.0;0.0;0.0
FR;2;2021-03-27;107911;13076;0;0;0;0;4543066;1734951;0;0;0;0;13.0;5.0;0.0;0.0;0.0;0.0
FR;2;2021-03-28;33733;3776;0;0;0;0;4576799;1738727;0;0;0;0;13.1;5.0;0.0;0.0;0.0;0.0
FR;2;2021-03-29;113530;33714;0;0;0;0;4690329;1772441;0;0;0;0;13.4;5.1;0.0;0.0;0.0;0.0
FR;2;2021-03-30;160134;45630;0;0;0;0;4850463;1818071;0;0;0;0;13.9;5.2;0.0;0.0;0.0;0.0
FR;2;2021-03-31;150212;48421;0;0;0;0;5000675;1866492;0;0;0;0;14.3;5.3;0.0;0.0;0.0;0.0
FR;2;2021-04-01;180695;61378;0;0;0;0;5181370;1927870;0;0;0;0;14.8;5.5;0.0;0.0;0.0;0.0
FR;2;2021-04-02;159637;61217;0;0;0;0;5341007;1989087;0;0;0;0;15.3;5.7;0.0;0.0;0.0;0.0
FR;2;2021-04-03;78007;38518;0;0;0;0;5419014;2027605;0;0;0;0;15.5;5.8;0.0;0.0;0.0;0.0
FR;2;2021-04-04;26038;11958;0;0;0;0;5445052;2039563;0;0;0;0;15.6;5.8;0.0;0.0;0.0;0.0
FR;2;2021-04-05;35369;7334;0;0;0;0;5480421;2046897;0;0;0;0;15.7;5.9;0.0;0.0;0.0;0.0
FR;2;2021-04-06;123463;69149;0;0;0;0;5603884;2116046;0;0;0;0;16.0;6.1;0.0;0.0;0.0;0.0
FR;2;2021-04-07;149433;72815;0;0;0;0;5753317;2188861;0;0;0;0;16.5;6.3;0.0;0.0;0.0;0.0
FR;2;2021-04-08;192168;80605;0;0;0;0;5945485;2269466;0;0;0;0;17.0;6.5;0.0;0.0;0.0;0.0
FR;2;2021-04-09;226032;77495;0;0;0;0;6171517;2346961;0;0;0;0;17.7;6.7;0.0;0.0;0.0;0.0
FR;2;2021-04-10;115065;51757;0;0;0;0;6286582;2398718;0;0;0;0;18.0;6.9;0.0;0.0;0.0;0.0
FR;2;2021-04-11;31055;20719;0;0;0;0;6317637;2419437;0;0;0;0;18.1;6.9;0.0;0.0;0.0;0.0
FR;2;2021-04-12;131518;71298;0;0;0;0;6449155;2490735;0;0;0;0;18.5;7.1;0.0;0.0;0.0;0.0
FR;2;2021-04-13;172119;90029;0;0;0;0;6621274;2580764;0;0;0;0;18.9;7.4;0.0;0.0;0.0;0.0
FR;2;2021-04-14;166109;88329;0;0;0;0;6787383;2669093;0;0;0;0;19.4;7.6;0.0;0.0;0.0;0.0
FR;2;2021-04-15;188831;95593;0;0;0;0;6976214;2764686;0;0;0;0;20.0;7.9;0.0;0.0;0.0;0.0
FR;2;2021-04-16;187591;93569;0;0;0;0;7163805;2858255;0;0;0;0;20.5;8.2;0.0;0.0;0.0;0.0
FR;2;2021-04-17;103931;56132;0;0;0;0;7267736;2914387;0;0;0;0;20.8;8.3;0.0;0.0;0.0;0.0
FR;2;2021-04-18;28419;21531;0;0;0;0;7296155;2935918;0;0;0;0;20.9;8.4;0.0;0.0;0.0;0.0
FR;2;2021-04-19;116271;84858;0;0;0;0;7412426;3020776;0;0;0;0;21.2;8.6;0.0;0.0;0.0;0.0
FR;2;2021-04-20;141717;106581;0;0;0;0;7554143;3127357;0;0;0;0;21.6;8.9;0.0;0.0;0.0;0.0
FR;2;2021-04-21;141968;107317;0;0;0;0;7696111;3234674;0;0;0;0;22.0;9.3;0.0;0.0;0.0;0.0
FR;2;2021-04-22;159949;122049;0;0;0;0;7856060;3356723;0;0;0;0;22.5;9.6;0.0;0.0;0.0;0.0
FR;2;2021-04-23;164020;120541;0;0;0;0;8020080;3477264;0;0;0;0;22.9;9.9;0.0;0.0;0.0;0.0
FR;2;2021-04-24;103751;70821;0;0;0;0;8123831;3548085;0;0;0;0;23.2;10.2;0.0;0.0;0.0;0.0
FR;2;2021-04-25;38033;24479;0;0;0;0;8161864;3572564;0;0;0;0;23.4;10.2;0.0;0.0;0.0;0.0
FR;2;2021-04-26;122311;99922;0;0;0;0;8284175;3672486;0;0;0;0;23.7;10.5;0.0;0.0;0.0;0.0
FR;2;2021-04-27;156817;123111;0;0;0;0;8440992;3795597;0;0;0;0;24.2;10.9;0.0;0.0;0.0;0.0
FR;2;2021-04-28;166866;123344;0;0;0;0;8607858;3918941;0;0;0;0;24.6;11.2;0.0;0.0;0.0;0.0
FR;2;2021-04-29;196092;136941;0;0;0;0;8803950;4055882;0;0;0;0;25.2;11.6;0.0;0.0;0.0;0.0
FR;2;2021-04-30;203070;130877;0;0;0;0;9007020;4186759;0;0;0;0;25.8;12.0;0.0;0.0;0.0;0.0
FR;2;2021-05-01;91116;36010;0;0;0;0;9098136;4222769;0;0;0;0;26.0;12.1;0.0;0.0;0.0;0.0
FR;2;2021-05-02;49146;24695;0;0;0;0;9147282;4247464;0;0;0;0;26.2;12.2;0.0;0.0;0.0;0.0
FR;2;2021-05-03;154570;106351;0;0;0;0;9301852;4353815;0;0;0;0;26.6;12.5;0.0;0.0;0.0;0.0
FR;2;2021-05-04;168508;144847;0;0;0;0;9470360;4498662;0;0;0;0;27.1;12.9;0.0;0.0;0.0;0.0
FR;2;2021-05-05;179123;145761;0;0;0;0;9649483;4644423;0;0;0;0;27.6;13.3;0.0;0.0;0.0;0.0
FR;2;2021-05-06;201953;158641;0;0;0;0;9851436;4803064;0;0;0;0;28.2;13.7;0.0;0.0;0.0;0.0
FR;2;2021-05-07;196883;170181;0;0;0;0;10048319;4973245;0;0;0;0;28.8;14.2;0.0;0.0;0.0;0.0
FR;2;2021-05-08;118086;48026;0;0;0;0;10166405;5021271;0;0;0;0;29.1;14.4;0.0;0.0;0.0;0.0
FR;2;2021-05-09;67020;29555;0;0;0;0;10233425;5050826;0;0;0;0;29.3;14.5;0.0;0.0;0.0;0.0
FR;2;2021-05-10;162267;145038;0;0;0;0;10395692;5195864;0;0;0;0;29.7;14.9;0.0;0.0;0.0;0.0
FR;2;2021-05-11;207129;167396;0;0;0;0;10602821;5363260;0;0;0;0;30.3;15.3;0.0;0.0;0.0;0.0
FR;2;2021-05-12;229104;153465;0;0;0;0;10831925;5516725;0;0;0;0;31.0;15.8;0.0;0.0;0.0;0.0
FR;2;2021-05-13;171930;42741;0;0;0;0;11003855;5559466;0;0;0;0;31.5;15.9;0.0;0.0;0.0;0.0
FR;2;2021-05-14;231933;112507;0;0;0;0;11235788;5671973;0;0;0;0;32.1;16.2;0.0;0.0;0.0;0.0
FR;2;2021-05-15;188816;65150;0;0;0;0;11424604;5737123;0;0;0;0;32.7;16.4;0.0;0.0;0.0;0.0
FR;2;2021-05-16;101210;18312;0;0;0;0;11525814;5755435;0;0;0;0;33.0;16.5;0.0;0.0;0.0;0.0
FR;2;2021-05-17;191794;100238;0;0;0;0;11717608;5855673;0;0;0;0;33.5;16.8;0.0;0.0;0.0;0.0
FR;2;2021-05-18;234471;107421;0;0;0;0;11952079;5963094;0;0;0;0;34.2;17.1;0.0;0.0;0.0;0.0
FR;2;2021-05-19;248070;100479;0;0;0;0;12200149;6063573;0;0;0;0;34.9;17.3;0.0;0.0;0.0;0.0
FR;2;2021-05-20;259873;110801;0;0;0;0;12460022;6174374;0;0;0;0;35.7;17.7;0.0;0.0;0.0;0.0
FR;2;2021-05-21;247502;118682;0;0;0;0;12707524;6293056;0;0;0;0;36.4;18.0;0.0;0.0;0.0;0.0
FR;2;2021-05-22;174797;56960;0;0;0;0;12882321;6350016;0;0;0;0;36.9;18.2;0.0;0.0;0.0;0.0
FR;2;2021-05-23;80774;14127;0;0;0;0;12963095;6364143;0;0;0;0;37.1;18.2;0.0;0.0;0.0;0.0
FR;2;2021-05-24;133220;28356;0;0;0;0;13096315;6392499;0;0;0;0;37.5;18.3;0.0;0.0;0.0;0.0
FR;2;2021-05-25;201452;124710;0;0;0;0;13297767;6517209;0;0;0;0;38.0;18.6;0.0;0.0;0.0;0.0
FR;2;2021-05-26;217598;126487;0;0;0;0;13515365;6643696;0;0;0;0;38.7;19.0;0.0;0.0;0.0;0.0
FR;2;2021-05-27;228069;144348;0;0;0;0;13743434;6788044;0;0;0;0;39.3;19.4;0.0;0.0;0.0;0.0
FR;2;2021-05-28;214776;169843;0;0;0;0;13958210;6957887;0;0;0;0;39.9;19.9;0.0;0.0;0.0;0.0
FR;2;2021-05-29;148036;95955;0;0;0;0;14106246;7053842;0;0;0;0;40.4;20.2;0.0;0.0;0.0;0.0
FR;2;2021-05-30;52335;22282;0;0;0;0;14158581;7076124;0;0;0;0;40.5;20.2;0.0;0.0;0.0;0.0
FR;2;2021-05-31;177462;132356;0;0;0;0;14336043;7208480;0;0;0;0;41.0;20.6;0.0;0.0;0.0;0.0
FR;2;2021-06-01;210903;163975;0;0;0;0;14546946;7372455;0;0;0;0;41.6;21.1;0.0;0.0;0.0;0.0
FR;2;2021-06-02;212358;153488;0;0;0;0;14759304;7525943;0;0;0;0;42.2;21.5;0.0;0.0;0.0;0.0
FR;2;2021-06-03;229308;168194;0;0;0;0;14988612;7694137;0;0;0;0;42.9;22.0;0.0;0.0;0.0;0.0
FR;2;2021-06-04;220666;193845;0;0;0;0;15209278;7887982;0;0;0;0;43.5;22.6;0.0;0.0;0.0;0.0
FR;2;2021-06-05;146666;117644;0;0;0;0;15355944;8005626;0;0;0;0;43.9;22.9;0.0;0.0;0.0;0.0
FR;2;2021-06-06;63731;32423;0;0;0;0;15419675;8038049;0;0;0;0;44.1;23.0;0.0;0.0;0.0;0.0
FR;2;2021-06-07;164815;161786;0;0;0;0;15584490;8199835;0;0;0;0;44.6;23.5;0.0;0.0;0.0;0.0
FR;2;2021-06-08;191187;182371;0;0;0;0;15775677;8382206;0;0;0;0;45.1;24.0;0.0;0.0;0.0;0.0
FR;2;2021-06-09;193811;174274;0;0;0;0;15969488;8556480;0;0;0;0;45.7;24.5;0.0;0.0;0.0;0.0
FR;2;2021-06-10;198304;180935;0;0;0;0;16167792;8737415;0;0;0;0;46.3;25.0;0.0;0.0;0.0;0.0
FR;2;2021-06-11;186529;213820;0;0;0;0;16354321;8951235;0;0;0;0;46.8;25.6;0.0;0.0;0.0;0.0
FR;2;2021-06-12;133882;127152;0;0;0;0;16488203;9078387;0;0;0;0;47.2;26.0;0.0;0.0;0.0;0.0
FR;2;2021-06-13;49737;44145;0;0;0;0;16537940;9122532;0;0;0;0;47.3;26.1;0.0;0.0;0.0;0.0
FR;2;2021-06-14;116769;201500;0;0;0;0;16654709;9324032;0;0;0;0;47.7;26.7;0.0;0.0;0.0;0.0
FR;2;2021-06-15;149817;221877;0;0;0;0;16804526;9545909;0;0;0;0;48.1;27.3;0.0;0.0;0.0;0.0
FR;2;2021-06-16;157226;213369;0;0;0;0;16961752;9759278;0;0;0;0;48.5;27.9;0.0;0.0;0.0;0.0
FR;2;2021-06-17;156740;214587;0;0;0;0;17118492;9973865;0;0;0;0;49.0;28.5;0.0;0.0;0.0;0.0
FR;2;2021-06-18;156448;249273;0;0;0;0;17274940;10223138;0;0;0;0;49.4;29.3;0.0;0.0;0.0;0.0
FR;2;2021-06-19;107679;155424;0;0;0;0;17382619;10378562;0;0;0;0;49.7;29.7;0.0;0.0;0.0;0.0
FR;2;2021-06-20;35643;56408;0;0;0;0;17418262;10434970;0;0;0;0;49.8;29.9;0.0;0.0;0.0;0.0
FR;2;2021-06-21;96273;218580;0;0;0;0;17514535;10653550;0;0;0;0;50.1;30.5;0.0;0.0;0.0;0.0
FR;2;2021-06-22;109448;255403;0;0;0;0;17623983;10908953;0;0;0;0;50.4;31.2;0.0;0.0;0.0;0.0
FR;2;2021-06-23;118117;254134;0;0;0;0;17742100;11163087;0;0;0;0;50.8;31.9;0.0;0.0;0.0;0.0
FR;2;2021-06-24;119257;226944;0;0;0;0;17861357;11390031;0;0;0;0;51.1;32.6;0.0;0.0;0.0;0.0
FR;2;2021-06-25;110115;282954;0;0;0;0;17971472;11672985;0;0;0;0;51.4;33.4;0.0;0.0;0.0;0.0
FR;2;2021-06-26;72627;198092;0;0;0;0;18044099;11871077;0;0;0;0;51.6;34.0;0.0;0.0;0.0;0.0
FR;2;2021-06-27;26869;82511;0;0;0;0;18070968;11953588;0;0;0;0;51.7;34.2;0.0;0.0;0.0;0.0
FR;2;2021-06-28;75845;242310;0;0;0;0;18146813;12195898;0;0;0;0;51.9;34.9;0.0;0.0;0.0;0.0
FR;2;2021-06-29;89327;272143;0;0;0;0;18236140;12468041;0;0;0;0;52.2;35.7;0.0;0.0;0.0;0.0
FR;2;2021-06-30;101603;274391;1;0;0;0;18337743;12742432;1;0;0;0;52.5;36.5;0.0;0.0;0.0;0.0
FR;2;2021-07-01;112059;252917;0;0;0;0;18449802;12995349;1;0;0;0;52.8;37.2;0.0;0.0;0.0;0.0
FR;2;2021-07-02;109569;280924;0;0;0;0;18559371;13276273;1;0;0;0;53.1;38.0;0.0;0.0;0.0;0.0
FR;2;2021-07-03;67071;196230;0;0;0;0;18626442;13472503;1;0;0;0;53.3;38.5;0.0;0.0;0.0;0.0
FR;2;2021-07-04;27045;75256;0;0;0;0;18653487;13547759;1;0;0;0;53.4;38.8;0.0;0.0;0.0;0.0
FR;2;2021-07-05;81451;224630;0;0;0;0;18734938;13772389;1;0;0;0;53.6;39.4;0.0;0.0;0.0;0.0
FR;2;2021-07-06;94610;255402;4;0;0;0;18829548;14027791;5;0;0;0;53.9;40.1;0.0;0.0;0.0;0.0
FR;2;2021-07-07;105088;248941;1;0;0;0;18934636;14276732;6;0;0;0;54.2;40.9;0.0;0.0;0.0;0.0
FR;2;2021-07-08;113110;235211;0;0;0;0;19047746;14511943;6;0;0;0;54.5;41.5;0.0;0.0;0.0;0.0
FR;2;2021-07-09;110501;273566;1;0;0;0;19158247;14785509;7;0;0;0;54.8;42.3;0.0;0.0;0.0;0.0
FR;2;2021-07-10;69751;178638;0;0;0;0;19227998;14964147;7;0;0;0;55.0;42.8;0.0;0.0;0.0;0.0
FR;2;2021-07-11;28552;58815;0;0;0;0;19256550;15022962;7;0;0;0;55.1;43.0;0.0;0.0;0.0;0.0
FR;2;2021-07-12;83152;253245;0;0;0;0;19339702;15276207;7;0;0;0;55.3;43.7;0.0;0.0;0.0;0.0
FR;2;2021-07-13;144887;288719;0;0;0;0;19484589;15564926;7;0;0;0;55.8;44.5;0.0;0.0;0.0;0.0
FR;2;2021-07-14;90414;92197;0;0;0;0;19575003;15657123;7;0;0;0;56.0;44.8;0.0;0.0;0.0;0.0
FR;2;2021-07-15;175061;280842;0;0;0;0;19750064;15937965;7;0;0;0;56.5;45.6;0.0;0.0;0.0;0.0
FR;2;2021-07-16;189787;276641;0;0;0;0;19939851;16214606;7;0;0;0;57.1;46.4;0.0;0.0;0.0;0.0
FR;2;2021-07-17;125160;174107;0;0;0;0;20065011;16388713;7;0;0;0;57.4;46.9;0.0;0.0;0.0;0.0
FR;2;2021-07-18;53262;63678;0;0;0;0;20118273;16452391;7;0;0;0;57.6;47.1;0.0;0.0;0.0;0.0
FR;2;2021-07-19;143129;236280;0;0;0;0;20261402;16688671;7;0;0;0;58.0;47.8;0.0;0.0;0.0;0.0
FR;2;2021-07-20;187177;256233;0;0;0;0;20448579;16944904;7;0;0;0;58.5;48.5;0.0;0.0;0.0;0.0
FR;2;2021-07-21;199027;241974;1;0;0;0;20647606;17186878;8;0;0;0;59.1;49.2;0.0;0.0;0.0;0.0
FR;2;2021-07-22;220585;233725;0;0;0;0;20868191;17420603;8;0;0;0;59.7;49.8;0.0;0.0;0.0;0.0
FR;2;2021-07-23;215529;245980;0;0;0;0;21083720;17666583;8;0;0;0;60.3;50.5;0.0;0.0;0.0;0.0
FR;2;2021-07-24;134028;151023;0;0;0;0;21217748;17817606;8;0;0;0;60.7;51.0;0.0;0.0;0.0;0.0
FR;2;2021-07-25;57053;47849;0;0;0;0;21274801;17865455;8;0;0;0;60.9;51.1;0.0;0.0;0.0;0.0
FR;2;2021-07-26;170341;190890;1;0;0;0;21445142;18056345;9;0;0;0;61.4;51.7;0.0;0.0;0.0;0.0
FR;2;2021-07-27;226950;197396;0;0;0;0;21672092;18253741;9;0;0;0;62.0;52.2;0.0;0.0;0.0;0.0
FR;2;2021-07-28;225632;184273;0;0;0;0;21897724;18438014;9;0;0;0;62.7;52.8;0.0;0.0;0.0;0.0
FR;2;2021-07-29;239217;176651;0;0;0;0;22136941;18614665;9;0;0;0;63.3;53.3;0.0;0.0;0.0;0.0
FR;2;2021-07-30;220771;184535;1;0;0;0;22357712;18799200;10;0;0;0;64.0;53.8;0.0;0.0;0.0;0.0
FR;2;2021-07-31;130239;108986;0;0;0;0;22487951;18908186;10;0;0;0;64.3;54.1;0.0;0.0;0.0;0.0
FR;2;2021-08-01;51304;31695;0;0;0;0;22539255;18939881;10;0;0;0;64.5;54.2;0.0;0.0;0.0;0.0
FR;2;2021-08-02;162530;140960;0;0;0;0;22701785;19080841;10;0;0;0;65.0;54.6;0.0;0.0;0.0;0.0
FR;2;2021-08-03;190073;151180;0;0;0;0;22891858;19232021;10;0;0;0;65.5;55.0;0.0;0.0;0.0;0.0
FR;2;2021-08-04;183607;133046;1;0;0;0;23075465;19365067;11;0;0;0;66.0;55.4;0.0;0.0;0.0;0.0
FR;2;2021-08-05;175141;140393;0;0;0;0;23250606;19505460;11;0;0;0;66.5;55.8;0.0;0.0;0.0;0.0
FR;2;2021-08-06;169989;160914;0;0;0;0;23420595;19666374;11;0;0;0;67.0;56.3;0.0;0.0;0.0;0.0
FR;2;2021-08-07;95783;99118;0;0;0;0;23516378;19765492;11;0;0;0;67.3;56.6;0.0;0.0;0.0;0.0
FR;2;2021-08-08;33398;35456;0;0;0;0;23549776;19800948;11;0;0;0;67.4;56.7;0.0;0.0;0.0;0.0
FR;2;2021-08-09;121335;147564;2;0;0;0;23671111;19948512;13;0;0;0;67.7;57.1;0.0;0.0;0.0;0.0
FR;2;2021-08-10;142976;160080;0;0;0;0;23814087;20108592;13;0;0;0;68.1;57.5;0.0;0.0;0.0;0.0
FR;2;2021-08-11;130676;150730;0;0;0;0;23944763;20259322;13;0;0;0;68.5;58.0;0.0;0.0;0.0;0.0
FR;2;2021-08-12;127222;159057;0;0;0;0;24071985;20418379;13;0;0;0;68.9;58.4;0.0;0.0;0.0;0.0
FR;2;2021-08-13;115844;154352;0;0;0;0;24187829;20572731;13;0;0;0;69.2;58.9;0.0;0.0;0.0;0.0
FR;2;2021-08-14;63718;102470;0;0;0;0;24251547;20675201;13;0;0;0;69.4;59.2;0.0;0.0;0.0;0.0
FR;2;2021-08-15;17348;26356;0;0;0;0;24268895;20701557;13;0;0;0;69.4;59.2;0.0;0.0;0.0;0.0
FR;2;2021-08-16;86980;169285;0;0;0;0;24355875;20870842;13;0;0;0;69.7;59.7;0.0;0.0;0.0;0.0
FR;2;2021-08-17;100845;180482;0;0;0;0;24456720;21051324;13;0;0;0;70.0;60.2;0.0;0.0;0.0;0.0
FR;2;2021-08-18;94271;173923;0;0;0;0;24550991;21225247;13;0;0;0;70.2;60.7;0.0;0.0;0.0;0.0
FR;2;2021-08-19;90410;173553;0;0;0;0;24641401;21398800;13;0;0;0;70.5;61.2;0.0;0.0;0.0;0.0
FR;2;2021-08-20;87345;189857;2;0;0;0;24728746;21588657;15;0;0;0;70.8;61.8;0.0;0.0;0.0;0.0
FR;2;2021-08-21;47663;116480;0;0;0;0;24776409;21705137;15;0;0;0;70.9;62.1;0.0;0.0;0.0;0.0
FR;2;2021-08-22;14668;41963;0;0;0;0;24791077;21747100;15;0;0;0;70.9;62.2;0.0;0.0;0.0;0.0
FR;2;2021-08-23;67001;184004;0;0;0;0;24858078;21931104;15;0;0;0;71.1;62.8;0.0;0.0;0.0;0.0
FR;2;2021-08-24;76926;193780;0;0;0;0;24935004;22124884;15;0;0;0;71.3;63.3;0.0;0.0;0.0;0.0
FR;2;2021-08-25;73081;182614;1;0;0;0;25008085;22307498;16;0;0;0;71.6;63.8;0.0;0.0;0.0;0.0
FR;2;2021-08-26;68952;178005;0;0;0;0;25077037;22485503;16;0;0;0;71.8;64.3;0.0;0.0;0.0;0.0
FR;2;2021-08-27;71318;197013;0;0;0;0;25148355;22682516;16;0;0;0;72.0;64.9;0.0;0.0;0.0;0.0
FR;2;2021-08-28;42222;121055;0;0;0;0;25190577;22803571;16;0;0;0;72.1;65.2;0.0;0.0;0.0;0.0
FR;2;2021-08-29;12800;40763;0;0;0;0;25203377;22844334;16;0;0;0;72.1;65.4;0.0;0.0;0.0;0.0
FR;2;2021-08-30;56754;164169;2813;0;0;0;25260131;23008503;2829;0;0;0;72.3;65.8;0.0;0.0;0.0;0.0
FR;2;2021-08-31;61199;167320;5575;1;0;0;25321330;23175823;8404;1;0;0;72.5;66.3;0.0;0.0;0.0;0.0
FR;2;2021-09-01;64409;142503;11609;1;0;0;25385739;23318326;20013;2;0;0;72.6;66.7;0.1;0.0;0.0;0.0
FR;2;2021-09-02;54648;122258;13971;0;0;0;25440387;23440584;33984;2;0;0;72.8;67.1;0.1;0.0;0.0;0.0
FR;2;2021-09-03;57061;143377;16384;1;0;0;25497448;23583961;50368;3;0;0;73.0;67.5;0.1;0.0;0.0;0.0
FR;2;2021-09-04;42864;104621;7133;3;0;0;25540312;23688582;57501;6;0;0;73.1;67.8;0.2;0.0;0.0;0.0
FR;2;2021-09-05;10141;21329;2360;0;0;0;25550453;23709911;59861;6;0;0;73.1;67.8;0.2;0.0;0.0;0.0
FR;2;2021-09-06;36644;88219;17034;1;0;0;25587097;23798130;76895;7;0;0;73.2;68.1;0.2;0.0;0.0;0.0
FR;2;2021-09-07;39052;89342;18542;2;0;0;25626149;23887472;95437;9;0;0;73.3;68.3;0.3;0.0;0.0;0.0
FR;2;2021-09-08;45246;105010;16855;3;0;0;25671395;23992482;112292;12;0;0;73.5;68.7;0.3;0.0;0.0;0.0
FR;2;2021-09-09;38230;82346;19451;3;0;0;25709625;24074828;131743;15;0;0;73.6;68.9;0.4;0.0;0.0;0.0
FR;2;2021-09-10;47760;100093;21985;4;0;0;25757385;24174921;153728;19;0;0;73.7;69.2;0.4;0.0;0.0;0.0
FR;2;2021-09-11;33314;81854;7781;0;0;0;25790699;24256775;161509;19;0;0;73.8;69.4;0.5;0.0;0.0;0.0
FR;2;2021-09-12;6258;15387;1772;1;0;0;25796957;24272162;163281;20;0;0;73.8;69.5;0.5;0.0;0.0;0.0
FR;2;2021-09-13;32561;62706;25112;10;0;0;25829518;24334868;188393;30;0;0;73.9;69.6;0.5;0.0;0.0;0.0
FR;2;2021-09-14;38250;64504;36734;19;0;0;25867768;24399372;225127;49;0;0;74.0;69.8;0.6;0.0;0.0;0.0
FR;2;2021-09-15;39212;85354;31411;50;0;0;25906980;24484726;256538;99;0;0;74.1;70.1;0.7;0.0;0.0;0.0
FR;2;2021-09-16;31988;56693;35595;41;0;0;25938968;24541419;292133;140;0;0;74.2;70.2;0.8;0.0;0.0;0.0
FR;2;2021-09-17;37468;75868;32679;47;0;0;25976436;24617287;324812;187;0;0;74.3;70.4;0.9;0.0;0.0;0.0
FR;2;2021-09-18;23772;67578;9378;13;0;0;26000208;24684865;334190;200;0;0;74.4;70.6;1.0;0.0;0.0;0.0
FR;2;2021-09-19;3808;11368;1440;1;0;0;26004016;24696233;335630;201;0;0;74.4;70.7;1.0;0.0;0.0;0.0
FR;2;2021-09-20;22125;45362;29401;15;0;0;26026141;24741595;365031;216;0;0;74.5;70.8;1.0;0.0;0.0;0.0
FR;2;2021-09-21;22816;46406;38665;54;0;0;26048957;24788001;403696;270;0;0;74.5;70.9;1.2;0.0;0.0;0.0
FR;2;2021-09-22;24343;70123;33463;26;0;0;26073300;24858124;437159;296;0;0;74.6;71.1;1.3;0.0;0.0;0.0
FR;2;2021-09-23;21551;43921;39138;56;0;0;26094851;24902045;476297;352;0;0;74.7;71.3;1.4;0.0;0.0;0.0
FR;2;2021-09-24;25863;63479;34312;49;0;0;26120714;24965524;510609;401;0;0;74.7;71.4;1.5;0.0;0.0;0.0
FR;2;2021-09-25;17243;56385;10045;11;0;0;26137957;25021909;520654;412;0;0;74.8;71.6;1.5;0.0;0.0;0.0
FR;2;2021-09-26;2672;8749;1277;3;0;0;26140629;25030658;521931;415;0;0;74.8;71.6;1.5;0.0;0.0;0.0
FR;2;2021-09-27;16827;37530;27858;51;0;1;26157456;25068188;549789;466;0;1;74.8;71.7;1.6;0.0;0.0;0.0
FR;2;2021-09-28;17997;35689;33755;31;0;0;26175453;25103877;583544;497;0;1;74.9;71.8;1.7;0.0;0.0;0.0
FR;2;2021-09-29;22039;50803;32163;23;0;0;26197492;25154680;615707;520;0;1;75.0;72.0;1.8;0.0;0.0;0.0
FR;2;2021-09-30;18010;34858;35763;46;0;0;26215502;25189538;651470;566;0;1;75.0;72.1;1.9;0.0;0.0;0.0
FR;2;2021-10-01;29609;49621;35552;13;0;0;26245111;25239159;687022;579;0;1;75.1;72.2;2.0;0.0;0.0;0.0
FR;2;2021-10-02;19203;39843;12738;8;0;0;26264314;25279002;699760;587;0;1;75.2;72.3;2.0;0.0;0.0;0.0
FR;2;2021-10-03;2545;5170;1375;3;0;0;26266859;25284172;701135;590;0;1;75.2;72.3;2.0;0.0;0.0;0.0
FR;2;2021-10-04;16814;29167;30254;31;0;0;26283673;25313339;731389;621;0;1;75.2;72.4;2.1;0.0;0.0;0.0
FR;2;2021-10-05;16433;30985;36901;29;0;0;26300106;25344324;768290;650;0;1;75.3;72.5;2.2;0.0;0.0;0.0
FR;2;2021-10-06;20994;40203;38725;13;0;0;26321100;25384527;807015;663;0;1;75.3;72.6;2.3;0.0;0.0;0.0
FR;2;2021-10-07;15397;30017;39496;21;0;0;26336497;25414544;846511;684;0;1;75.4;72.7;2.4;0.0;0.0;0.0
FR;2;2021-10-08;24440;45186;47525;19;0;0;26360937;25459730;894036;703;0;1;75.4;72.8;2.6;0.0;0.0;0.0
FR;2;2021-10-09;16801;31665;18894;8;0;0;26377738;25491395;912930;711;0;1;75.5;72.9;2.6;0.0;0.0;0.0
FR;2;2021-10-10;2239;3760;1949;1;0;0;26379977;25495155;914879;712;0;1;75.5;72.9;2.6;0.0;0.0;0.0
FR;2;2021-10-11;15314;25354;36126;25;0;0;26395291;25520509;951005;737;0;1;75.5;73.0;2.7;0.0;0.0;0.0
FR;2;2021-10-12;15939;25919;43346;14;0;0;26411230;25546428;994351;751;0;1;75.6;73.1;2.8;0.0;0.0;0.0
FR;2;2021-10-13;19875;31738;44792;14;0;0;26431105;25578166;1039143;765;0;1;75.6;73.2;3.0;0.0;0.0;0.0
FR;2;2021-10-14;15300;25330;42165;23;0;0;26446405;25603496;1081308;788;0;1;75.7;73.3;3.1;0.0;0.0;0.0
FR;2;2021-10-15;22230;35148;58322;11;0;0;26468635;25638644;1139630;799;0;1;75.7;73.4;3.3;0.0;0.0;0.0
FR;2;2021-10-16;15464;22783;22388;12;0;0;26484099;25661427;1162018;811;0;1;75.8;73.4;3.3;0.0;0.0;0.0
FR;2;2021-10-17;1792;2652;2090;2;0;0;26485891;25664079;1164108;813;0;1;75.8;73.4;3.3;0.0;0.0;0.0
FR;2;2021-10-18;14339;20928;40410;15;0;0;26500230;25685007;1204518;828;0;1;75.8;73.5;3.4;0.0;0.0;0.0
FR;2;2021-10-19;13463;21092;46655;26;0;0;26513693;25706099;1251173;854;0;1;75.9;73.6;3.6;0.0;0.0;0.0
FR;2;2021-10-20;17733;25840;57361;24;0;0;26531426;25731939;1308534;878;0;1;75.9;73.6;3.7;0.0;0.0;0.0
FR;2;2021-10-21;13001;20671;50890;12;0;0;26544427;25752610;1359424;890;0;1;76.0;73.7;3.9;0.0;0.0;0.0
FR;2;2021-10-22;19040;29341;64045;37;0;0;26563467;25781951;1423469;927;0;1;76.0;73.8;4.1;0.0;0.0;0.0
FR;2;2021-10-23;13307;20750;27349;4;0;0;26576774;25802701;1450818;931;0;1;76.0;73.8;4.2;0.0;0.0;0.0
FR;2;2021-10-24;1455;2388;2221;1;0;0;26578229;25805089;1453039;932;0;1;76.0;73.8;4.2;0.0;0.0;0.0
FR;2;2021-10-25;13086;17444;48920;19;0;0;26591315;25822533;1501959;951;0;1;76.1;73.9;4.3;0.0;0.0;0.0
FR;2;2021-10-26;12005;15879;52452;15;0;0;26603320;25838412;1554411;966;0;1;76.1;73.9;4.4;0.0;0.0;0.0
FR;2;2021-10-27;15047;21824;64553;28;0;0;26618367;25860236;1618964;994;0;1;76.2;74.0;4.6;0.0;0.0;0.0
FR;2;2021-10-28;11869;15574;53845;21;0;0;26630236;25875810;1672809;1015;0;1;76.2;74.0;4.8;0.0;0.0;0.0
FR;2;2021-10-29;15639;22980;71074;29;0;0;26645875;25898790;1743883;1044;0;1;76.2;74.1;5.0;0.0;0.0;0.0
FR;2;2021-10-30;9898;15940;29923;12;0;0;26655773;25914730;1773806;1056;0;1;76.3;74.2;5.1;0.0;0.0;0.0
FR;2;2021-10-31;1203;1851;2125;1;0;0;26656976;25916581;1775931;1057;0;1;76.3;74.2;5.1;0.0;0.0;0.0
FR;2;2021-11-01;3744;2314;1871;7;0;0;26660720;25918895;1777802;1064;0;1;76.3;74.2;5.1;0.0;0.0;0.0
FR;2;2021-11-02;13281;17893;56014;24;0;1;26674001;25936788;1833816;1088;0;2;76.3;74.2;5.2;0.0;0.0;0.0
FR;2;2021-11-03;15203;21480;70650;31;0;0;26689204;25958268;1904466;1119;0;2;76.4;74.3;5.4;0.0;0.0;0.0
FR;2;2021-11-04;11815;15646;64434;28;0;0;26701019;25973914;1968900;1147;0;2;76.4;74.3;5.6;0.0;0.0;0.0
FR;2;2021-11-05;15989;21956;84800;31;0;0;26717008;25995870;2053700;1178;0;2;76.4;74.4;5.9;0.0;0.0;0.0
FR;2;2021-11-06;10504;15791;37768;18;0;0;26727512;26011661;2091468;1196;0;2;76.5;74.4;6.0;0.0;0.0;0.0
FR;2;2021-11-07;1190;1941;3110;4;0;0;26728702;26013602;2094578;1200;0;2;76.5;74.4;6.0;0.0;0.0;0.0
FR;2;2021-11-08;10208;15213;74715;28;0;0;26738910;26028815;2169293;1228;0;2;76.5;74.5;6.2;0.0;0.0;0.0
FR;2;2021-11-09;11243;16368;97062;38;0;0;26750153;26045183;2266355;1266;0;2;76.5;74.5;6.5;0.0;0.0;0.0
FR;2;2021-11-10;15772;21900;111505;58;0;0;26765925;26067083;2377860;1324;0;2;76.6;74.6;6.8;0.0;0.0;0.0
FR;2;2021-11-11;2294;2702;7567;10;0;0;26768219;26069785;2385427;1334;0;2;76.6;74.6;6.8;0.0;0.0;0.0
FR;2;2021-11-12;14279;20567;109783;46;0;0;26782498;26090352;2495210;1380;0;2;76.6;74.7;7.1;0.0;0.0;0.0
FR;2;2021-11-13;10005;13611;47854;22;0;0;26792503;26103963;2543064;1402;0;2;76.7;74.7;7.3;0.0;0.0;0.0
FR;2;2021-11-14;1176;1649;4307;6;0;0;26793679;26105612;2547371;1408;0;2;76.7;74.7;7.3;0.0;0.0;0.0
FR;2;2021-11-15;10048;13678;95475;46;0;0;26803727;26119290;2642846;1454;0;2;76.7;74.7;7.6;0.0;0.0;0.0
FR;2;2021-11-16;11796;13697;120874;62;0;1;26815523;26132987;2763720;1516;0;3;76.7;74.8;7.9;0.0;0.0;0.0
FR;2;2021-11-17;15192;18024;119386;54;0;0;26830715;26151011;2883106;1570;0;3;76.8;74.8;8.2;0.0;0.0;0.0
FR;2;2021-11-18;11720;14887;116485;50;0;0;26842435;26165898;2999591;1620;0;3;76.8;74.9;8.6;0.0;0.0;0.0
FR;2;2021-11-19;16782;19884;148675;86;0;0;26859217;26185782;3148266;1706;0;3;76.9;74.9;9.0;0.0;0.0;0.0
FR;2;2021-11-20;12360;14163;61390;22;0;0;26871577;26199945;3209656;1728;0;3;76.9;75.0;9.2;0.0;0.0;0.0
FR;2;2021-11-21;1290;1591;5821;11;0;0;26872867;26201536;3215477;1739;0;3;76.9;75.0;9.2;0.0;0.0;0.0
FR;2;2021-11-22;11051;9270;109269;53;0;0;26883918;26210806;3324746;1792;0;3;76.9;75.0;9.5;0.0;0.0;0.0
FR;2;2021-11-23;12631;11861;139590;49;0;0;26896549;26222667;3464336;1841;0;3;77.0;75.0;9.9;0.0;0.0;0.0
FR;2;2021-11-24;15797;17276;136834;37;0;0;26912346;26239943;3601170;1878;0;3;77.0;75.1;10.3;0.0;0.0;0.0
FR;2;2021-11-25;12655;12503;155722;58;0;0;26925001;26252446;3756892;1936;0;3;77.0;75.1;10.7;0.0;0.0;0.0
FR;2;2021-11-26;16263;18450;230633;81;0;0;26941264;26270896;3987525;2017;0;3;77.1;75.2;11.4;0.0;0.0;0.0
FR;2;2021-11-27;11365;13754;126757;60;0;0;26952629;26284650;4114282;2077;0;3;77.1;75.2;11.8;0.0;0.0;0.0
FR;2;2021-11-28;1738;1936;32256;24;0;0;26954367;26286586;4146538;2101;0;3;77.1;75.2;11.9;0.0;0.0;0.0
FR;2;2021-11-29;9626;11329;202338;84;0;0;26963993;26297915;4348876;2185;0;3;77.2;75.2;12.4;0.0;0.0;0.0
FR;2;2021-11-30;12138;13364;273616;146;0;0;26976131;26311279;4622492;2331;0;3;77.2;75.3;13.2;0.0;0.0;0.0
FR;2;2021-12-01;13459;15600;278918;172;0;0;26989590;26326879;4901410;2503;0;3;77.2;75.3;14.0;0.0;0.0;0.0
FR;2;2021-12-02;10831;10398;312303;154;0;0;27000421;26337277;5213713;2657;0;3;77.3;75.4;14.9;0.0;0.0;0.0
FR;2;2021-12-03;12600;17066;356240;169;0;0;27013021;26354343;5569953;2826;0;3;77.3;75.4;15.9;0.0;0.0;0.0
FR;2;2021-12-04;8916;12355;196229;90;0;0;27021937;26366698;5766182;2916;0;3;77.3;75.4;16.5;0.0;0.0;0.0
FR;2;2021-12-05;1995;2354;55713;43;0;0;27023932;26369052;5821895;2959;0;3;77.3;75.5;16.7;0.0;0.0;0.0
FR;2;2021-12-06;12603;12103;289928;194;0;0;27036535;26381155;6111823;3153;0;3;77.4;75.5;17.5;0.0;0.0;0.0
FR;2;2021-12-07;11554;13881;382806;209;0;0;27048089;26395036;6494629;3362;0;3;77.4;75.5;18.6;0.0;0.0;0.0
FR;2;2021-12-08;12901;17351;356833;234;0;0;27060990;26412387;6851462;3596;0;3;77.4;75.6;19.6;0.0;0.0;0.0
FR;2;2021-12-09;11972;14277;394892;230;0;0;27072962;26426664;7246354;3826;0;3;77.5;75.6;20.7;0.0;0.0;0.0
FR;2;2021-12-10;13796;18618;439289;259;0;0;27086758;26445282;7685643;4085;0;3;77.5;75.7;22.0;0.0;0.0;0.0
FR;2;2021-12-11;9833;14248;252363;179;0;0;27096591;26459530;7938006;4264;0;3;77.5;75.7;22.7;0.0;0.0;0.0
FR;2;2021-12-12;2720;3078;82262;48;0;0;27099311;26462608;8020268;4312;0;3;77.5;75.7;22.9;0.0;0.0;0.0
FR;2;2021-12-13;10548;14343;345499;193;0;0;27109859;26476951;8365767;4505;0;3;77.6;75.8;23.9;0.0;0.0;0.0
FR;2;2021-12-14;13788;17113;453505;372;0;0;27123647;26494064;8819272;4877;0;3;77.6;75.8;25.2;0.0;0.0;0.0
FR;2;2021-12-15;14203;19490;418325;249;0;1;27137850;26513554;9237597;5126;0;4;77.6;75.9;26.4;0.0;0.0;0.0
FR;2;2021-12-16;13788;17208;452848;248;0;0;27151638;26530762;9690445;5374;0;4;77.7;75.9;27.7;0.0;0.0;0.0
FR;2;2021-12-17;15410;21158;476642;335;0;0;27167048;26551920;10167087;5709;0;4;77.7;76.0;29.1;0.0;0.0;0.0
FR;2;2021-12-18;12092;14410;269831;156;0;0;27179140;26566330;10436918;5865;0;4;77.8;76.0;29.9;0.0;0.0;0.0
FR;2;2021-12-19;4230;3789;97540;62;0;0;27183370;26570119;10534458;5927;0;4;77.8;76.0;30.1;0.0;0.0;0.0
FR;2;2021-12-20;15187;16295;343728;243;0;0;27198557;26586414;10878186;6170;0;4;77.8;76.1;31.1;0.0;0.0;0.0
FR;2;2021-12-21;18949;18818;392772;296;0;0;27217506;26605232;11270958;6466;0;4;77.9;76.1;32.2;0.0;0.0;0.0
FR;2;2021-12-22;18714;17696;326317;354;0;1;27236220;26622928;11597275;6820;0;5;77.9;76.2;33.2;0.0;0.0;0.0
FR;2;2021-12-23;15578;14094;240358;282;0;0;27251798;26637022;11837633;7102;0;5;78.0;76.2;33.9;0.0;0.0;0.0
FR;2;2021-12-24;4840;5269;59120;123;0;0;27256638;26642291;11896753;7225;0;5;78.0;76.2;34.0;0.0;0.0;0.0
FR;2;2021-12-25;353;868;4253;34;0;0;27256991;26643159;11901006;7259;0;5;78.0;76.2;34.1;0.0;0.0;0.0
FR;2;2021-12-26;2201;2191;30173;86;0;0;27259192;26645350;11931179;7345;0;5;78.0;76.2;34.1;0.0;0.0;0.0
FR;2;2021-12-27;14477;15701;260479;318;0;0;27273669;26661051;12191658;7663;0;5;78.0;76.3;34.9;0.0;0.0;0.0
FR;2;2021-12-28;18156;16824;322894;706;0;1;27291825;26677875;12514552;8369;0;6;78.1;76.3;35.8;0.0;0.0;0.0
FR;2;2021-12-29;19166;15874;284572;836;0;1;27310991;26693749;12799124;9205;0;7;78.1;76.4;36.6;0.0;0.0;0.0
FR;2;2021-12-30;16986;13889;236066;884;0;0;27327977;26707638;13035190;10089;0;7;78.2;76.4;37.3;0.0;0.0;0.0
FR;2;2021-12-31;5649;5171;65336;349;0;0;27333626;26712809;13100526;10438;0;7;78.2;76.4;37.5;0.0;0.0;0.0
FR;2;2022-01-01;726;798;4936;42;0;0;27334352;26713607;13105462;10480;0;7;78.0;76.2;37.4;0.0;0.0;0.0
FR;2;2022-01-02;2984;2409;33181;201;0;0;27337336;26716016;13138643;10681;0;7;78.0;76.2;37.5;0.0;0.0;0.0
FR;2;2022-01-03;18978;17174;274887;1311;0;0;27356314;26733190;13413530;11992;0;7;78.0;76.3;38.3;0.0;0.0;0.0
FR;2;2022-01-04;20111;19363;362705;1850;0;2;27376425;26752553;13776235;13842;0;9;78.1;76.3;39.3;0.0;0.0;0.0
FR;2;2022-01-05;29639;21190;328730;1706;0;0;27406064;26773743;14104965;15548;0;9;78.2;76.4;40.2;0.0;0.0;0.0
FR;2;2022-01-06;21224;19537;364442;2249;0;2;27427288;26793280;14469407;17797;0;11;78.2;76.4;41.3;0.1;0.0;0.0
FR;2;2022-01-07;24175;22628;404813;2453;0;1;27451463;26815908;14874220;20250;0;12;78.3;76.5;42.4;0.1;0.0;0.0
FR;2;2022-01-08;21355;16435;234578;1237;0;0;27472818;26832343;15108798;21487;0;12;78.4;76.5;43.1;0.1;0.0;0.0
FR;2;2022-01-09;7394;5369;71190;421;0;0;27480212;26837712;15179988;21908;0;12;78.4;76.6;43.3;0.1;0.0;0.0
FR;2;2022-01-10;16666;19696;261559;1837;0;0;27496878;26857408;15441547;23745;0;12;78.4;76.6;44.1;0.1;0.0;0.0
FR;2;2022-01-11;20096;20172;309388;2554;0;1;27516974;26877580;15750935;26299;0;13;78.5;76.7;44.9;0.1;0.0;0.0
FR;2;2022-01-12;29304;23575;263351;2259;0;1;27546278;26901155;16014286;28558;0;14;78.6;76.7;45.7;0.1;0.0;0.0
FR;2;2022-01-13;18372;18905;276969;2730;0;6;27564650;26920060;16291255;31288;0;20;78.6;76.8;46.5;0.1;0.0;0.0
FR;2;2022-01-14;20638;20494;319784;3174;0;1;27585288;26940554;16611039;34462;0;21;78.7;76.9;47.4;0.1;0.0;0.0
FR;2;2022-01-15;18879;14583;184004;1618;0;0;27604167;26955137;16795043;36080;0;21;78.7;76.9;47.9;0.1;0.0;0.0
FR;2;2022-01-16;5374;4190;48070;380;0;0;27609541;26959327;16843113;36460;0;21;78.8;76.9;48.0;0.1;0.0;0.0
FR;2;2022-01-17;11828;12993;174158;1923;0;4;27621369;26972320;17017271;38383;0;25;78.8;76.9;48.5;0.1;0.0;0.0
FR;2;2022-01-18;13476;15005;199925;2830;0;1;27634845;26987325;17217196;41213;0;26;78.8;77.0;49.1;0.1;0.0;0.0
FR;2;2022-01-19;20919;19302;159872;2143;0;1;27655764;27006627;17377068;43356;0;27;78.9;77.0;49.6;0.1;0.0;0.0
FR;2;2022-01-20;11254;14013;166212;2866;0;1;27667018;27020640;17543280;46222;0;28;78.9;77.1;50.0;0.1;0.0;0.0
FR;2;2022-01-21;13342;15424;200463;3233;0;1;27680360;27036064;17743743;49455;0;29;79.0;77.1;50.6;0.1;0.0;0.0
FR;2;2022-01-22;12973;12598;116247;1425;0;1;27693333;27048662;17859990;50880;0;30;79.0;77.2;50.9;0.1;0.0;0.0
FR;2;2022-01-23;3194;3436;26473;289;0;0;27696527;27052098;17886463;51169;0;30;79.0;77.2;51.0;0.1;0.0;0.0
FR;2;2022-01-24;7644;11776;118020;2031;0;2;27704171;27063874;18004483;53200;0;32;79.0;77.2;51.4;0.2;0.0;0.0
FR;2;2022-01-25;8962;13493;133913;3040;0;4;27713133;27077367;18138396;56240;0;36;79.1;77.2;51.7;0.2;0.0;0.0
FR;2;2022-01-26;13682;19853;117393;2284;0;2;27726815;27097220;18255789;58524;0;38;79.1;77.3;52.1;0.2;0.0;0.0
FR;2;2022-01-27;7759;12342;114664;2814;0;1;27734574;27109562;18370453;61338;0;39;79.1;77.3;52.4;0.2;0.0;0.0
FR;2;2022-01-28;10223;20914;161585;3745;0;1;27744797;27130476;18532038;65083;0;40;79.1;77.4;52.9;0.2;0.0;0.0
FR;2;2022-01-29;8800;15048;98355;1630;0;2;27753597;27145524;18630393;66713;0;42;79.2;77.4;53.1;0.2;0.0;0.0
FR;2;2022-01-30;2123;4244;21653;320;0;0;27755720;27149768;18652046;67033;0;42;79.2;77.5;53.2;0.2;0.0;0.0
FR;2;2022-01-31;5311;11950;80346;2072;0;4;27761031;27161718;18732392;69105;0;46;79.2;77.5;53.4;0.2;0.0;0.0
FR;2;2022-02-01;6534;12832;93871;3449;0;0;27767565;27174550;18826263;72554;0;46;79.2;77.5;53.7;0.2;0.0;0.0
FR;2;2022-02-02;9959;22032;93935;2951;0;8;27777524;27196582;18920198;75505;0;54;79.2;77.6;54.0;0.2;0.0;0.0
FR;2;2022-02-03;5487;12082;85590;3471;0;3;27783011;27208664;19005788;78976;0;57;79.3;77.6;54.2;0.2;0.0;0.0
FR;2;2022-02-04;6902;17810;129285;4572;0;1;27789913;27226474;19135073;83548;0;58;79.3;77.7;54.6;0.2;0.0;0.0
FR;2;2022-02-05;6220;15029;82730;1913;0;2;27796133;27241503;19217803;85461;0;60;79.3;77.7;54.8;0.2;0.0;0.0
FR;2;2022-02-06;1276;3379;16070;336;0;0;27797409;27244882;19233873;85797;0;60;79.3;77.7;54.9;0.2;0.0;0.0
FR;2;2022-02-07;4539;11386;85709;2606;0;2;27801948;27256268;19319582;88403;0;62;79.3;77.8;55.1;0.3;0.0;0.0
FR;2;2022-02-08;4731;9948;90943;3503;0;1;27806679;27266216;19410525;91906;0;63;79.3;77.8;55.4;0.3;0.0;0.0
FR;2;2022-02-09;6950;16997;95416;2887;0;4;27813629;27283213;19505941;94793;0;67;79.3;77.8;55.6;0.3;0.0;0.0
FR;2;2022-02-10;4335;9044;81994;3282;0;1;27817964;27292257;19587935;98075;0;68;79.4;77.9;55.9;0.3;0.0;0.0
FR;2;2022-02-11;5269;12366;118765;4095;0;0;27823233;27304623;19706700;102170;0;68;79.4;77.9;56.2;0.3;0.0;0.0
FR;2;2022-02-12;4123;10597;71901;1759;0;2;27827356;27315220;19778601;103929;0;70;79.4;77.9;56.4;0.3;0.0;0.0
FR;2;2022-02-13;926;2084;14540;271;0;3;27828282;27317304;19793141;104200;0;73;79.4;77.9;56.5;0.3;0.0;0.0
FR;2;2022-02-14;3364;6850;79928;2398;0;1;27831646;27324154;19873069;106598;0;74;79.4;77.9;56.7;0.3;0.0;0.0
FR;2;2022-02-15;3381;7697;77458;3393;0;2;27835027;27331851;19950527;109991;0;76;79.4;78.0;56.9;0.3;0.0;0.0
FR;2;2022-02-16;4516;12528;67884;2795;0;3;27839543;27344379;20018411;112786;0;79;79.4;78.0;57.1;0.3;0.0;0.0
FR;2;2022-02-17;2643;6360;44550;2633;0;3;27842186;27350739;20062961;115419;0;82;79.4;78.0;57.2;0.3;0.0;0.0
FR;2;2022-02-18;3319;8827;59799;3640;0;1;27845505;27359566;20122760;119059;0;83;79.4;78.0;57.4;0.3;0.0;0.0
FR;2;2022-02-19;2570;7490;34687;1503;0;1;27848075;27367056;20157447;120562;0;84;79.4;78.1;57.5;0.3;0.0;0.0
FR;2;2022-02-20;504;1360;6308;221;0;0;27848579;27368416;20163755;120783;0;84;79.4;78.1;57.5;0.3;0.0;0.0
FR;2;2022-02-21;1945;4886;31303;1993;0;0;27850524;27373302;20195058;122776;0;84;79.4;78.1;57.6;0.4;0.0;0.0
FR;2;2022-02-22;2160;5367;30364;2617;0;0;27852684;27378669;20225422;125393;0;84;79.5;78.1;57.7;0.4;0.0;0.0
FR;2;2022-02-23;3098;9360;33654;2266;0;0;27855782;27388029;20259076;127659;0;84;79.5;78.1;57.8;0.4;0.0;0.0
FR;2;2022-02-24;1854;4486;24894;2327;0;0;27857636;27392515;20283970;129986;0;84;79.5;78.1;57.9;0.4;0.0;0.0
FR;2;2022-02-25;2509;7035;37038;3696;0;3;27860145;27399550;20321008;133682;0;87;79.5;78.2;58.0;0.4;0.0;0.0
FR;2;2022-02-26;1933;5802;23311;1540;0;1;27862078;27405352;20344319;135222;0;88;79.5;78.2;58.0;0.4;0.0;0.0
FR;2;2022-02-27;412;892;4029;290;0;0;27862490;27406244;20348348;135512;0;88;79.5;78.2;58.0;0.4;0.0;0.0
FR;2;2022-02-28;1533;3598;19744;1965;0;0;27864023;27409842;20368092;137477;0;88;79.5;78.2;58.1;0.4;0.0;0.0
FR;2;2022-03-01;1896;3712;20670;2869;0;3;27865919;27413554;20388762;140346;0;91;79.5;78.2;58.2;0.4;0.0;0.0
FR;2;2022-03-02;2619;6245;22767;2603;0;1;27868538;27419799;20411529;142949;0;92;79.5;78.2;58.2;0.4;0.0;0.0
FR;2;2022-03-03;1355;3110;14215;2127;0;1;27869893;27422909;20425744;145076;0;93;79.5;78.2;58.3;0.4;0.0;0.0
FR;2;2022-03-04;1545;4155;18725;3193;0;2;27871438;27427064;20444469;148269;0;95;79.5;78.2;58.3;0.4;0.0;0.0
FR;2;2022-03-05;1464;3380;11763;1633;0;1;27872902;27430444;20456232;149902;0;96;79.5;78.3;58.4;0.4;0.0;0.0
FR;2;2022-03-06;248;473;1557;194;0;0;27873150;27430917;20457789;150096;0;96;79.5;78.3;58.4;0.4;0.0;0.0
FR;2;2022-03-07;1234;1934;8550;1774;0;1;27874384;27432851;20466339;151870;0;97;79.5;78.3;58.4;0.4;0.0;0.0
FR;2;2022-03-08;1090;2128;8831;2174;0;1;27875474;27434979;20475170;154044;0;98;79.5;78.3;58.4;0.4;0.0;0.0
FR;2;2022-03-09;1750;4261;10616;2169;0;1;27877224;27439240;20485786;156213;0;99;79.5;78.3;58.4;0.4;0.0;0.0
FR;2;2022-03-10;898;2233;7836;1830;0;2;27878122;27441473;20493622;158043;0;101;79.5;78.3;58.5;0.5;0.0;0.0
FR;2;2022-03-11;1251;2781;11460;2943;0;1;27879373;27444254;20505082;160986;0;102;79.5;78.3;58.5;0.5;0.0;0.0
FR;2;2022-03-12;1387;2723;8307;1713;0;0;27880760;27446977;20513389;162699;0;102;79.5;78.3;58.5;0.5;0.0;0.0
FR;2;2022-03-13;197;277;1106;296;0;0;27880957;27447254;20514495;162995;0;102;79.5;78.3;58.5;0.5;0.0;0.0
FR;2;2022-03-14;815;1428;6936;3561;0;6;27881772;27448682;20521431;166556;0;108;79.5;78.3;58.5;0.5;0.0;0.0
FR;2;2022-03-15;891;2253;7599;5554;0;5;27882663;27450935;20529030;172110;0;113;79.5;78.3;58.6;0.5;0.0;0.0
FR;2;2022-03-16;1511;3123;9349;8151;0;3;27884174;27454058;20538379;180261;0;116;79.5;78.3;58.6;0.5;0.0;0.0
FR;2;2022-03-17;772;1392;6239;6955;0;1;27884946;27455450;20544618;187216;0;117;79.5;78.3;58.6;0.5;0.0;0.0
FR;2;2022-03-18;1175;2025;9574;11546;0;7;27886121;27457475;20554192;198762;0;124;79.6;78.3;58.6;0.6;0.0;0.0
FR;2;2022-03-19;1199;2075;6471;6028;0;5;27887320;27459550;20560663;204790;0;129;79.6;78.3;58.7;0.6;0.0;0.0
FR;2;2022-03-20;150;255;985;771;0;1;27887470;27459805;20561648;205561;0;130;79.6;78.3;58.7;0.6;0.0;0.0
FR;2;2022-03-21;772;1115;6179;8787;0;4;27888242;27460920;20567827;214348;0;134;79.6;78.3;58.7;0.6;0.0;0.0
FR;2;2022-03-22;812;1268;6606;12359;0;2;27889054;27462188;20574433;226707;0;136;79.6;78.3;58.7;0.6;0.0;0.0
FR;2;2022-03-23;1348;2640;8884;13700;0;22;27890402;27464828;20583317;240407;0;158;79.6;78.3;58.7;0.7;0.0;0.0
FR;2;2022-03-24;746;1121;5535;10623;0;11;27891148;27465949;20588852;251030;0;169;79.6;78.4;58.7;0.7;0.0;0.0
FR;2;2022-03-25;1111;1896;9079;16925;0;17;27892259;27467845;20597931;267955;0;186;79.6;78.4;58.8;0.8;0.0;0.0
FR;2;2022-03-26;1194;1958;6008;7923;0;17;27893453;27469803;20603939;275878;0;203;79.6;78.4;58.8;0.8;0.0;0.0
FR;2;2022-03-27;194;265;998;990;0;1;27893647;27470068;20604937;276868;0;204;79.6;78.4;58.8;0.8;0.0;0.0
FR;2;2022-03-28;815;1165;5686;10690;0;7;27894462;27471233;20610623;287558;0;211;79.6;78.4;58.8;0.8;0.0;0.0
FR;2;2022-03-29;799;1097;6535;16757;0;21;27895261;27472330;20617158;304315;0;232;79.6;78.4;58.8;0.9;0.0;0.0
FR;2;2022-03-30;1484;2409;8163;16661;0;8;27896745;27474739;20625321;320976;0;240;79.6;78.4;58.8;0.9;0.0;0.0
FR;2;2022-03-31;876;1359;6835;15354;0;20;27897621;27476098;20632156;336330;0;260;79.6;78.4;58.9;1.0;0.0;0.0
FR;2;2022-04-01;1453;1580;9838;19037;0;34;27899074;27477678;20641994;355367;0;294;79.6;78.4;58.9;1.0;0.0;0.0
FR;2;2022-04-02;830;1034;4739;6390;0;18;27899904;27478712;20646733;361757;0;312;79.6;78.4;58.9;1.0;0.0;0.0
FR;2;2022-04-03;154;189;823;813;0;0;27900058;27478901;20647556;362570;0;312;79.6;78.4;58.9;1.0;0.0;0.0
FR;2;2022-04-04;2322;1041;6240;12059;0;16;27902380;27479942;20653796;374629;0;328;79.6;78.4;58.9;1.1;0.0;0.0
FR;2;2022-04-05;1448;1095;7222;21184;0;49;27903828;27481037;20661018;395813;0;377;79.6;78.4;58.9;1.1;0.0;0.0
FR;2;2022-04-06;1370;1581;7064;16895;0;44;27905198;27482618;20668082;412708;0;421;79.6;78.4;59.0;1.2;0.0;0.0
FR;2;2022-04-07;1071;1076;7169;20965;0;51;27906269;27483694;20675251;433673;0;472;79.6;78.4;59.0;1.2;0.0;0.0
FR;2;2022-04-08;1260;1444;9738;26448;0;52;27907529;27485138;20684989;460121;0;524;79.6;78.4;59.0;1.3;0.0;0.0
FR;2;2022-04-09;758;991;4716;8243;0;16;27908287;27486129;20689705;468364;0;540;79.6;78.4;59.0;1.3;0.0;0.0
FR;2;2022-04-10;161;290;1086;1312;0;1;27908448;27486419;20690791;469676;0;541;79.6;78.4;59.0;1.3;0.0;0.0
FR;2;2022-04-11;733;906;6246;14704;0;42;27909181;27487325;20697037;484380;0;583;79.6;78.4;59.0;1.4;0.0;0.0
FR;2;2022-04-12;922;1067;7495;24650;0;79;27910103;27488392;20704532;509030;0;662;79.6;78.4;59.1;1.5;0.0;0.0
FR;2;2022-04-13;993;1376;7168;20122;0;61;27911096;27489768;20711700;529152;0;723;79.6;78.4;59.1;1.5;0.0;0.0
FR;2;2022-04-14;834;1049;7284;21810;0;59;27911930;27490817;20718984;550962;0;782;79.6;78.4;59.1;1.6;0.0;0.0
FR;2;2022-04-15;1055;1412;8012;21055;0;65;27912985;27492229;20726996;572017;0;847;79.6;78.4;59.1;1.6;0.0;0.0
FR;2;2022-04-16;554;662;3377;5148;0;20;27913539;27492891;20730373;577165;0;867;79.6;78.4;59.1;1.6;0.0;0.0
FR;2;2022-04-17;119;113;561;725;0;4;27913658;27493004;20730934;577890;0;871;79.6;78.4;59.1;1.6;0.0;0.0
FR;2;2022-04-18;97;177;1354;780;0;1;27913755;27493181;20732288;578670;0;872;79.6;78.4;59.1;1.7;0.0;0.0
FR;2;2022-04-19;872;1036;6933;17825;0;46;27914627;27494217;20739221;596495;0;918;79.6;78.4;59.2;1.7;0.0;0.0
FR;2;2022-04-20;1038;1375;7094;17587;0;55;27915665;27495592;20746315;614082;0;973;79.6;78.4;59.2;1.8;0.0;0.0
FR;2;2022-04-21;828;989;7112;21518;0;69;27916493;27496581;20753427;635600;0;1042;79.6;78.4;59.2;1.8;0.0;0.0
FR;2;2022-04-22;1027;1315;8631;22681;0;77;27917520;27497896;20762058;658281;0;1119;79.6;78.4;59.2;1.9;0.0;0.0
FR;2;2022-04-23;639;808;3954;6325;0;21;27918159;27498704;20766012;664606;0;1140;79.6;78.4;59.2;1.9;0.0;0.0
FR;2;2022-04-24;134;180;775;1065;0;4;27918293;27498884;20766787;665671;0;1144;79.6;78.4;59.2;1.9;0.0;0.0
FR;2;2022-04-25;732;923;5756;13031;0;48;27919025;27499807;20772543;678702;0;1192;79.6;78.4;59.3;1.9;0.0;0.0
FR;2;2022-04-26;934;1136;7394;23427;0;120;27919959;27500943;20779937;702129;0;1312;79.6;78.5;59.3;2.0;0.0;0.0
FR;2;2022-04-27;1087;1219;6636;18902;0;85;27921046;27502162;20786573;721031;0;1397;79.7;78.5;59.3;2.1;0.0;0.0
FR;2;2022-04-28;888;1093;7029;21928;0;89;27921934;27503255;20793602;742959;0;1486;79.7;78.5;59.3;2.1;0.0;0.0
FR;2;2022-04-29;1095;1992;8309;22386;0;94;27923029;27505247;20801911;765345;0;1580;79.7;78.5;59.3;2.2;0.0;0.0
FR;2;2022-04-30;686;2229;3661;5942;0;25;27923715;27507476;20805572;771287;0;1605;79.7;78.5;59.4;2.2;0.0;0.0
FR;2;2022-05-01;109;115;501;664;0;3;27923824;27507591;20806073;771951;0;1608;79.7;78.5;59.4;2.2;0.0;0.0
FR;2;2022-05-02;1244;1113;5841;11090;0;40;27925068;27508704;20811914;783041;0;1648;79.7;78.5;59.4;2.2;0.0;0.0
FR;2;2022-05-03;1152;1182;7441;20734;0;96;27926220;27509886;20819355;803775;0;1744;79.7;78.5;59.4;2.3;0.0;0.0
FR;2;2022-05-04;1044;1209;6850;15244;0;66;27927264;27511095;20826205;819019;0;1810;79.7;78.5;59.4;2.3;0.0;0.0
FR;2;2022-05-05;976;1081;7162;20205;0;104;27928240;27512176;20833367;839224;0;1914;79.7;78.5;59.4;2.4;0.0;0.0
FR;2;2022-05-06;1207;1256;8291;21664;0;88;27929447;27513432;20841658;860888;0;2002;79.7;78.5;59.5;2.5;0.0;0.0
FR;2;2022-05-07;668;691;3413;5530;0;25;27930115;27514123;20845071;866418;0;2027;79.7;78.5;59.5;2.5;0.0;0.0
FR;2;2022-05-08;126;130;622;920;0;4;27930241;27514253;20845693;867338;0;2031;79.7;78.5;59.5;2.5;0.0;0.0
FR;2;2022-05-09;767;802;5376;11963;0;56;27931008;27515055;20851069;879301;0;2087;79.7;78.5;59.5;2.5;0.0;0.0
FR;2;2022-05-10;1001;1305;7313;22959;0;103;27932009;27516360;20858382;902260;0;2190;79.7;78.5;59.5;2.6;0.0;0.0
FR;2;2022-05-11;1116;1224;6004;16289;0;80;27933125;27517584;20864386;918549;0;2270;79.7;78.5;59.5;2.6;0.0;0.0
FR;2;2022-05-12;894;986;6322;20973;0;114;27934019;27518570;20870708;939522;0;2384;79.7;78.5;59.5;2.7;0.0;0.0
FR;2;2022-05-13;1136;1139;7411;21603;0;86;27935155;27519709;20878119;961125;0;2470;79.7;78.5;59.6;2.7;0.0;0.0
FR;2;2022-05-14;615;677;3156;6137;0;31;27935770;27520386;20881275;967262;0;2501;79.7;78.5;59.6;2.8;0.0;0.0
FR;2;2022-05-15;145;152;717;860;0;3;27935915;27520538;20881992;968122;0;2504;79.7;78.5;59.6;2.8;0.0;0.0
FR;2;2022-05-16;679;728;4791;12177;0;83;27936594;27521266;20886783;980299;0;2587;79.7;78.5;59.6;2.8;0.0;0.0
FR;2;2022-05-17;907;937;6332;21737;0;108;27937501;27522203;20893115;1002036;0;2695;79.7;78.5;59.6;2.9;0.0;0.0
FR;2;2022-05-18;1012;1110;5283;15582;0;66;27938513;27523313;20898398;1017618;0;2761;79.7;78.5;59.6;2.9;0.0;0.0
FR;2;2022-05-19;825;904;6017;20449;0;99;27939338;27524217;20904415;1038067;0;2860;79.7;78.5;59.6;3.0;0.0;0.0
FR;2;2022-05-20;1065;1182;7078;22446;0;111;27940403;27525399;20911493;1060513;0;2971;79.7;78.5;59.7;3.0;0.0;0.0
FR;2;2022-05-21;611;741;3028;5733;0;23;27941014;27526140;20914521;1066246;0;2994;79.7;78.5;59.7;3.0;0.0;0.0
FR;2;2022-05-22;122;135;553;886;0;4;27941136;27526275;20915074;1067132;0;2998;79.7;78.5;59.7;3.0;0.0;0.0
FR;2;2022-05-23;638;805;4903;11791;0;44;27941774;27527080;20919977;1078923;0;3042;79.7;78.5;59.7;3.1;0.0;0.0
FR;2;2022-05-24;888;1011;6335;22107;0;105;27942662;27528091;20926312;1101030;0;3147;79.7;78.5;59.7;3.1;0.0;0.0
FR;2;2022-05-25;992;1103;5310;14112;0;59;27943654;27529194;20931622;1115142;0;3206;79.7;78.5;59.7;3.2;0.0;0.0
FR;2;2022-05-26;121;153;857;748;0;14;27943775;27529347;20932479;1115890;0;3220;79.7;78.5;59.7;3.2;0.0;0.0
FR;2;2022-05-27;763;932;4881;12030;0;45;27944538;27530279;20937360;1127920;0;3265;79.7;78.5;59.7;3.2;0.0;0.0
FR;2;2022-05-28;362;447;2145;3790;0;21;27944900;27530726;20939505;1131710;0;3286;79.7;78.5;59.7;3.2;0.0;0.0
FR;2;2022-05-29;74;109;406;580;0;2;27944974;27530835;20939911;1132290;0;3288;79.7;78.5;59.7;3.2;0.0;0.0
FR;2;2022-05-30;610;705;3932;10929;0;51;27945584;27531540;20943843;1143219;0;3339;79.7;78.5;59.7;3.3;0.0;0.0
FR;2;2022-05-31;843;922;5515;20178;0;94;27946427;27532462;20949358;1163397;0;3433;79.7;78.5;59.8;3.3;0.0;0.0
FR;2;2022-06-01;931;1183;5952;13961;0;64;27947358;27533645;20955310;1177358;0;3497;79.7;78.5;59.8;3.4;0.0;0.0
FR;2;2022-06-02;792;959;5982;20179;0;98;27948150;27534604;20961292;1197537;0;3595;79.7;78.5;59.8;3.4;0.0;0.0
FR;2;2022-06-03;961;1144;7005;21588;0;97;27949111;27535748;20968297;1219125;0;3692;79.7;78.6;59.8;3.5;0.0;0.0
FR;2;2022-06-04;526;599;2753;5131;0;40;27949637;27536347;20971050;1224256;0;3732;79.7;78.6;59.8;3.5;0.0;0.0
FR;2;2022-06-05;104;102;479;679;0;3;27949741;27536449;20971529;1224935;0;3735;79.7;78.6;59.8;3.5;0.0;0.0
FR;2;2022-06-06;408;501;1051;842;0;10;27950149;27536950;20972580;1225777;0;3745;79.7;78.6;59.8;3.5;0.0;0.0
FR;2;2022-06-07;817;1024;5263;19769;0;74;27950966;27537974;20977843;1245546;0;3819;79.7;78.6;59.8;3.6;0.0;0.0
FR;2;2022-06-08;859;1056;4975;15895;0;57;27951825;27539030;20982818;1261441;0;3876;79.7;78.6;59.9;3.6;0.0;0.0
FR;2;2022-06-09;731;857;5689;21900;0;94;27952556;27539887;20988507;1283341;0;3970;79.7;78.6;59.9;3.7;0.0;0.0
FR;2;2022-06-10;908;1214;6916;24822;0;122;27953464;27541101;20995423;1308163;0;4092;79.7;78.6;59.9;3.7;0.0;0.0
FR;2;2022-06-11;505;570;2892;6431;0;25;27953969;27541671;20998315;1314594;0;4117;79.7;78.6;59.9;3.8;0.0;0.0
FR;2;2022-06-12;109;129;616;990;0;8;27954078;27541800;20998931;1315584;0;4125;79.7;78.6;59.9;3.8;0.0;0.0
FR;2;2022-06-13;603;738;3990;12901;0;45;27954681;27542538;21002921;1328485;0;4170;79.7;78.6;59.9;3.8;0.0;0.0
FR;2;2022-06-14;711;911;5389;24744;0;105;27955392;27543449;21008310;1353229;0;4275;79.7;78.6;59.9;3.9;0.0;0.0
FR;2;2022-06-15;820;1041;4851;16999;0;89;27956212;27544490;21013161;1370228;0;4364;79.8;78.6;59.9;3.9;0.0;0.0
FR;2;2022-06-16;680;725;5151;22072;0;117;27956892;27545215;21018312;1392300;0;4481;79.8;78.6;60.0;4.0;0.0;0.0
FR;2;2022-06-17;810;965;6397;25319;0;125;27957702;27546180;21024709;1417619;0;4606;79.8;78.6;60.0;4.0;0.0;0.0
FR;2;2022-06-18;491;565;2338;6045;0;31;27958193;27546745;21027047;1423664;0;4637;79.8;78.6;60.0;4.1;0.0;0.0
FR;2;2022-06-19;107;113;627;922;0;6;27958300;27546858;21027674;1424586;0;4643;79.8;78.6;60.0;4.1;0.0;0.0
FR;2;2022-06-20;589;666;4618;14353;0;83;27958889;27547524;21032292;1438939;0;4726;79.8;78.6;60.0;4.1;0.0;0.0
FR;2;2022-06-21;693;824;5126;27252;0;135;27959582;27548348;21037418;1466191;0;4861;79.8;78.6;60.0;4.2;0.0;0.0
FR;2;2022-06-22;778;994;4609;20832;0;135;27960360;27549342;21042027;1487023;0;4996;79.8;78.6;60.0;4.2;0.0;0.0
FR;2;2022-06-23;697;771;5412;29729;0;171;27961057;27550113;21047439;1516752;0;5167;79.8;78.6;60.0;4.3;0.0;0.0
FR;2;2022-06-24;823;967;6578;37087;0;225;27961880;27551080;21054017;1553839;0;5392;79.8;78.6;60.1;4.4;0.0;0.0
FR;2;2022-06-25;484;592;3123;10773;0;85;27962364;27551672;21057140;1564612;0;5477;79.8;78.6;60.1;4.5;0.0;0.0
FR;2;2022-06-26;124;131;946;2116;0;23;27962488;27551803;21058086;1566728;0;5500;79.8;78.6;60.1;4.5;0.0;0.0
FR;2;2022-06-27;659;672;5157;25964;0;171;27963147;27552475;21063243;1592692;0;5671;79.8;78.6;60.1;4.5;0.0;0.0
FR;2;2022-06-28;787;861;7137;49037;0;316;27963934;27553336;21070380;1641729;0;5987;79.8;78.6;60.1;4.7;0.0;0.0
FR;2;2022-06-29;922;969;6203;38464;0;270;27964856;27554305;21076583;1680193;0;6257;79.8;78.6;60.1;4.8;0.0;0.0
FR;2;2022-06-30;873;919;6679;51400;0;372;27965729;27555224;21083262;1731593;0;6629;79.8;78.6;60.1;4.9;0.0;0.0
FR;2;2022-07-01;1085;1265;9837;62943;0;458;27966814;27556489;21093099;1794536;0;7087;79.8;78.6;60.2;5.1;0.0;0.0
FR;2;2022-07-02;566;591;4043;19497;0;190;27967380;27557080;21097142;1814033;0;7277;79.8;78.6;60.2;5.2;0.0;0.0
FR;2;2022-07-03;161;167;1018;3698;0;37;27967541;27557247;21098160;1817731;0;7314;79.8;78.6;60.2;5.2;0.0;0.0
FR;2;2022-07-04;1034;1222;6882;43131;0;322;27968575;27558469;21105042;1860862;0;7636;79.8;78.6;60.2;5.3;0.0;0.0
FR;2;2022-07-05;1019;1025;8629;72737;0;583;27969594;27559494;21113671;1933599;0;8219;79.8;78.6;60.2;5.5;0.0;0.0
FR;2;2022-07-06;1013;969;7388;54052;0;458;27970607;27560463;21121059;1987651;0;8677;79.8;78.6;60.3;5.7;0.0;0.0
FR;2;2022-07-07;940;947;8048;68904;0;583;27971547;27561410;21129107;2056555;0;9260;79.8;78.6;60.3;5.9;0.0;0.0
FR;2;2022-07-08;1038;987;8963;75073;0;668;27972585;27562397;21138070;2131628;0;9928;79.8;78.6;60.3;6.1;0.0;0.0
FR;2;2022-07-09;450;445;3581;20654;0;216;27973035;27562842;21141651;2152282;0;10144;79.8;78.6;60.3;6.1;0.0;0.0
FR;2;2022-07-10;139;227;1150;4019;0;48;27973174;27563069;21142801;2156301;0;10192;79.8;78.6;60.3;6.2;0.0;0.0
FR;2;2022-07-11;809;800;6818;48463;0;398;27973983;27563869;21149619;2204764;0;10590;79.8;78.6;60.3;6.3;0.0;0.0
FR;2;2022-07-12;1033;932;9076;78517;0;799;27975016;27564801;21158695;2283281;0;11389;79.8;78.6;60.4;6.5;0.0;0.0
FR;2;2022-07-13;989;915;7231;51735;0;539;27976005;27565716;21165926;2335016;0;11928;79.8;78.6;60.4;6.7;0.0;0.0
FR;2;2022-07-14;94;123;952;3088;0;46;27976099;27565839;21166878;2338104;0;11974;79.8;78.6;60.4;6.7;0.0;0.0
FR;2;2022-07-15;817;763;6722;46267;0;504;27976916;27566602;21173600;2384371;0;12478;79.8;78.6;60.4;6.8;0.0;0.0
FR;2;2022-07-16;379;396;2723;13643;0;157;27977295;27566998;21176323;2398014;0;12635;79.8;78.6;60.4;6.8;0.0;0.0
FR;2;2022-07-17;97;104;805;2700;0;35;27977392;27567102;21177128;2400714;0;12670;79.8;78.6;60.4;6.8;0.0;0.0
FR;2;2022-07-18;606;705;5243;33588;0;361;27977998;27567807;21182371;2434302;0;13031;79.8;78.6;60.4;6.9;0.0;0.0
FR;2;2022-07-19;790;760;6643;56109;0;744;27978788;27568567;21189014;2490411;0;13775;79.8;78.6;60.4;7.1;0.0;0.0
FR;2;2022-07-20;759;818;5779;42419;0;559;27979547;27569385;21194793;2532830;0;14334;79.8;78.6;60.5;7.2;0.0;0.0
FR;2;2022-07-21;741;741;5748;48249;0;663;27980288;27570126;21200541;2581079;0;14997;79.8;78.6;60.5;7.4;0.0;0.0
FR;2;2022-07-22;785;785;6392;48801;0;679;27981073;27570911;21206933;2629880;0;15676;79.8;78.7;60.5;7.5;0.0;0.0
FR;2;2022-07-23;387;413;2553;12384;0;213;27981460;27571324;21209486;2642264;0;15889;79.8;78.7;60.5;7.5;0.0;0.0
FR;2;2022-07-24;100;116;666;2240;0;32;27981560;27571440;21210152;2644504;0;15921;79.8;78.7;60.5;7.5;0.0;0.0
FR;2;2022-07-25;611;619;4300;26570;0;381;27982171;27572059;21214452;2671074;0;16302;79.8;78.7;60.5;7.6;0.0;0.0
FR;2;2022-07-26;725;739;5877;47393;0;660;27982896;27572798;21220329;2718467;0;16962;79.8;78.7;60.5;7.8;0.0;0.0
FR;2;2022-07-27;706;727;4692;33826;0;514;27983602;27573525;21225021;2752293;0;17476;79.8;78.7;60.5;7.9;0.0;0.0
FR;2;2022-07-28;574;705;4509;35815;0;527;27984176;27574230;21229530;2788108;0;18003;79.8;78.7;60.6;8.0;0.0;0.1
FR;2;2022-07-29;737;800;4755;36581;0;571;27984913;27575030;21234285;2824689;0;18574;79.8;78.7;60.6;8.1;0.0;0.1
FR;2;2022-07-30;268;332;1623;8447;0;150;27985181;27575362;21235908;2833136;0;18724;79.8;78.7;60.6;8.1;0.0;0.1
FR;2;2022-07-31;86;100;419;1413;0;29;27985267;27575462;21236327;2834549;0;18753;79.8;78.7;60.6;8.1;0.0;0.1
FR;2;2022-08-01;532;680;3464;16923;0;295;27985799;27576142;21239791;2851472;0;19048;79.8;78.7;60.6;8.1;0.0;0.1
FR;2;2022-08-02;603;687;3778;30866;0;588;27986402;27576829;21243569;2882338;0;19636;79.8;78.7;60.6;8.2;0.0;0.1
FR;2;2022-08-03;449;494;2858;21341;0;363;27986851;27577323;21246427;2903679;0;19999;79.8;78.7;60.6;8.3;0.0;0.1
FR;2;2022-08-04;410;401;2902;23869;0;483;27987261;27577724;21249329;2927548;0;20482;79.8;78.7;60.6;8.4;0.0;0.1
FR;2;2022-08-05;485;545;3065;24803;0;524;27987746;27578269;21252394;2952351;0;21006;79.8;78.7;60.6;8.4;0.0;0.1
FR;2;2022-08-06;188;222;894;5182;0;123;27987934;27578491;21253288;2957533;0;21129;79.8;78.7;60.6;8.4;0.0;0.1
FR;2;2022-08-07;50;67;231;944;0;21;27987984;27578558;21253519;2958477;0;21150;79.8;78.7;60.6;8.4;0.0;0.1
FR;2;2022-08-08;353;493;1835;12322;0;251;27988337;27579051;21255354;2970799;0;21401;79.8;78.7;60.6;8.5;0.0;0.1
FR;2;2022-08-09;415;483;2643;22131;0;417;27988752;27579534;21257997;2992930;0;21818;79.8;78.7;60.6;8.5;0.0;0.1
FR;2;2022-08-10;376;550;2068;15604;0;345;27989128;27580084;21260065;3008534;0;22163;79.8;78.7;60.6;8.6;0.0;0.1
FR;2;2022-08-11;369;411;2080;16175;0;350;27989497;27580495;21262145;3024709;0;22513;79.8;78.7;60.7;8.6;0.0;0.1
FR;2;2022-08-12;457;492;2157;15633;0;345;27989954;27580987;21264302;3040342;0;22858;79.8;78.7;60.7;8.7;0.0;0.1
FR;2;2022-08-13;192;173;606;2910;0;64;27990146;27581160;21264908;3043252;0;22922;79.8;78.7;60.7;8.7;0.0;0.1
FR;2;2022-08-14;36;54;130;534;0;14;27990182;27581214;21265038;3043786;0;22936;79.8;78.7;60.7;8.7;0.0;0.1
FR;2;2022-08-15;54;109;293;367;0;11;27990236;27581323;21265331;3044153;0;22947;79.8;78.7;60.7;8.7;0.0;0.1
FR;2;2022-08-16;365;472;1876;12300;0;298;27990601;27581795;21267207;3056453;0;23245;79.8;78.7;60.7;8.7;0.0;0.1
FR;2;2022-08-17;352;456;1799;12797;0;309;27990953;27582251;21269006;3069250;0;23554;79.8;78.7;60.7;8.8;0.0;0.1
FR;2;2022-08-18;377;450;1807;14633;0;355;27991330;27582701;21270813;3083883;0;23909;79.9;78.7;60.7;8.8;0.0;0.1
FR;2;2022-08-19;343;494;2064;15185;0;391;27991673;27583195;21272877;3099068;0;24300;79.9;78.7;60.7;8.8;0.0;0.1
FR;2;2022-08-20;172;197;652;3091;0;74;27991845;27583392;21273529;3102159;0;24374;79.9;78.7;60.7;8.8;0.0;0.1
FR;2;2022-08-21;56;63;139;583;0;15;27991901;27583455;21273668;3102742;0;24389;79.9;78.7;60.7;8.9;0.0;0.1
FR;2;2022-08-22;354;454;1580;8662;0;218;27992255;27583909;21275248;3111404;0;24607;79.9;78.7;60.7;8.9;0.0;0.1
FR;2;2022-08-23;436;516;2063;16117;0;473;27992691;27584425;21277311;3127521;0;25080;79.9;78.7;60.7;8.9;0.0;0.1
FR;2;2022-08-24;386;431;1609;10965;0;321;27993077;27584856;21278920;3138486;0;25401;79.9;78.7;60.7;9.0;0.0;0.1
FR;2;2022-08-25;363;413;1894;13247;0;336;27993440;27585269;21280814;3151733;0;25737;79.9;78.7;60.7;9.0;0.0;0.1
FR;2;2022-08-26;485;562;2126;14583;0;390;27993925;27585831;21282940;3166316;0;26127;79.9;78.7;60.7;9.0;0.0;0.1
FR;2;2022-08-27;179;208;692;3019;0;98;27994104;27586039;21283632;3169335;0;26225;79.9;78.7;60.7;9.0;0.0;0.1
FR;2;2022-08-28;66;57;168;530;0;25;27994170;27586096;21283800;3169865;0;26250;79.9;78.7;60.7;9.0;0.0;0.1
FR;2;2022-08-29;329;440;1495;8325;0;228;27994499;27586536;21285295;3178190;0;26478;79.9;78.7;60.7;9.1;0.0;0.1
FR;2;2022-08-30;499;515;2298;16119;0;413;27994998;27587051;21287593;3194309;0;26891;79.9;78.7;60.7;9.1;0.0;0.1
FR;2;2022-08-31;431;449;1640;10072;0;255;27995429;27587500;21289233;3204381;0;27146;79.9;78.7;60.7;9.1;0.0;0.1
FR;2;2022-09-01;453;409;2188;12642;0;321;27995882;27587909;21291421;3217023;0;27467;79.9;78.7;60.7;9.2;0.0;0.1
FR;2;2022-09-02;621;505;2479;16155;0;486;27996503;27588414;21293900;3233178;0;27953;79.9;78.7;60.7;9.2;0.0;0.1
FR;2;2022-09-03;254;233;954;3509;0;84;27996757;27588647;21294854;3236687;0;28037;79.9;78.7;60.7;9.2;0.0;0.1
FR;2;2022-09-04;77;48;211;535;0;15;27996834;27588695;21295065;3237222;0;28052;79.9;78.7;60.7;9.2;0.0;0.1
FR;2;2022-09-05;430;402;1532;9042;0;263;27997264;27589097;21296597;3246264;0;28315;79.9;78.7;60.8;9.3;0.0;0.1
FR;2;2022-09-06;525;402;2250;18009;0;537;27997789;27589499;21298847;3264273;0;28852;79.9;78.7;60.8;9.3;0.0;0.1
FR;2;2022-09-07;406;335;1483;9633;0;315;27998195;27589834;21300330;3273906;0;29167;79.9;78.7;60.8;9.3;0.0;0.1
FR;2;2022-09-08;350;335;1829;14010;0;425;27998545;27590169;21302159;3287916;0;29592;79.9;78.7;60.8;9.4;0.0;0.1
FR;2;2022-09-09;501;407;2194;15615;0;511;27999046;27590576;21304353;3303531;0;30103;79.9;78.7;60.8;9.4;0.0;0.1
FR;2;2022-09-10;239;271;905;3340;0;109;27999285;27590847;21305258;3306871;0;30212;79.9;78.7;60.8;9.4;0.0;0.1
FR;2;2022-09-11;66;53;171;410;0;7;27999351;27590900;21305429;3307281;0;30219;79.9;78.7;60.8;9.4;0.0;0.1
FR;2;2022-09-12;297;258;1312;7620;0;277;27999648;27591158;21306741;3314901;0;30496;79.9;78.7;60.8;9.5;0.0;0.1
FR;2;2022-09-13;411;334;1963;14759;0;459;28000059;27591492;21308704;3329660;0;30955;79.9;78.7;60.8;9.5;0.0;0.1
FR;2;2022-09-14;407;338;1447;9323;0;301;28000466;27591830;21310151;3338983;0;31256;79.9;78.7;60.8;9.5;0.0;0.1
FR;2;2022-09-15;326;329;1705;13247;0;411;28000792;27592159;21311856;3352230;0;31667;79.9;78.7;60.8;9.6;0.0;0.1
FR;2;2022-09-16;448;417;2036;14559;0;459;28001240;27592576;21313892;3366789;0;32126;79.9;78.7;60.8;9.6;0.0;0.1
FR;2;2022-09-17;233;221;758;3461;0;116;28001473;27592797;21314650;3370250;0;32242;79.9;78.7;60.8;9.6;0.0;0.1
FR;2;2022-09-18;61;60;160;576;0;17;28001534;27592857;21314810;3370826;0;32259;79.9;78.7;60.8;9.6;0.0;0.1
FR;2;2022-09-19;289;255;1105;7487;0;217;28001823;27593112;21315915;3378313;0;32476;79.9;78.7;60.8;9.6;0.0;0.1
FR;2;2022-09-20;395;372;1768;14899;0;447;28002218;27593484;21317683;3393212;0;32923;79.9;78.7;60.8;9.7;0.0;0.1
FR;2;2022-09-21;321;330;1371;9062;0;306;28002539;27593814;21319054;3402274;0;33229;79.9;78.7;60.8;9.7;0.0;0.1
FR;2;2022-09-22;356;338;1619;13544;0;416;28002895;27594152;21320673;3415818;0;33645;79.9;78.7;60.8;9.7;0.0;0.1
FR;2;2022-09-23;507;479;2170;16226;0;521;28003402;27594631;21322843;3432044;0;34166;79.9;78.7;60.8;9.8;0.0;0.1
FR;2;2022-09-24;248;292;809;3909;0;163;28003650;27594923;21323652;3435953;0;34329;79.9;78.7;60.8;9.8;0.0;0.1
FR;2;2022-09-25;52;79;177;646;0;19;28003702;27595002;21323829;3436599;0;34348;79.9;78.7;60.8;9.8;0.0;0.1
FR;2;2022-09-26;250;250;1177;7650;0;224;28003952;27595252;21325006;3444249;0;34572;79.9;78.7;60.8;9.8;0.0;0.1
FR;2;2022-09-27;358;357;1678;14564;0;502;28004310;27595609;21326684;3458813;0;35074;79.9;78.7;60.8;9.9;0.0;0.1
FR;2;2022-09-28;383;364;1334;8792;0;340;28004693;27595973;21328018;3467605;0;35414;79.9;78.7;60.8;9.9;0.0;0.1
FR;2;2022-09-29;321;324;1498;11880;26;428;28005014;27596297;21329516;3479485;26;35842;79.9;78.7;60.8;9.9;0.0;0.1
FR;2;2022-09-30;476;510;1939;14518;391;546;28005490;27596807;21331455;3494003;417;36388;79.9;78.7;60.9;10.0;0.0;0.1
FR;2;2022-10-01;238;324;970;3368;212;155;28005728;27597131;21332425;3497371;629;36543;79.9;78.7;60.9;10.0;0.0;0.1
FR;2;2022-10-02;35;55;122;355;29;23;28005763;27597186;21332547;3497726;658;36566;79.9;78.7;60.9;10.0;0.0;0.1
FR;2;2022-10-03;307;421;1225;6807;1071;355;28006070;27597607;21333772;3504533;1729;36921;79.9;78.7;60.9;10.0;0.0;0.1
FR;2;2022-10-04;406;330;1563;12976;2425;777;28006476;27597937;21335335;3517509;4154;37698;79.9;78.7;60.9;10.0;0.0;0.1
FR;2;2022-10-05;344;363;1268;8091;1915;622;28006820;27598300;21336603;3525600;6069;38320;79.9;78.7;60.9;10.1;0.0;0.1
FR;2;2022-10-06;311;308;1455;11984;3504;953;28007131;27598608;21338058;3537584;9573;39273;79.9;78.7;60.9;10.1;0.0;0.1
FR;2;2022-10-07;415;432;2005;16725;9006;1590;28007546;27599040;21340063;3554309;18579;40863;79.9;78.7;60.9;10.1;0.1;0.1
FR;2;2022-10-08;200;210;781;4631;3544;590;28007746;27599250;21340844;3558940;22123;41453;79.9;78.7;60.9;10.2;0.1;0.1
FR;2;2022-10-09;67;61;178;879;827;158;28007813;27599311;21341022;3559819;22950;41611;79.9;78.7;60.9;10.2;0.1;0.1
FR;2;2022-10-10;280;372;1479;11391;10578;1711;28008093;27599683;21342501;3571210;33528;43322;79.9;78.7;60.9;10.2;0.1;0.1
FR;2;2022-10-11;348;329;2025;22175;21783;3361;28008441;27600012;21344526;3593385;55311;46683;79.9;78.7;60.9;10.3;0.2;0.1
FR;2;2022-10-12;337;369;1566;14776;14836;2495;28008778;27600381;21346092;3608161;70147;49178;79.9;78.7;60.9;10.3;0.2;0.1
FR;2;2022-10-13;351;340;1816;21562;22442;3592;28009129;27600721;21347908;3629723;92589;52770;79.9;78.7;60.9;10.4;0.3;0.2
FR;2;2022-10-14;409;437;2237;26382;27873;4122;28009538;27601158;21350145;3656105;120462;56892;79.9;78.7;60.9;10.4;0.3;0.2
FR;2;2022-10-15;217;243;892;6448;7039;1191;28009755;27601401;21351037;3662553;127501;58083;79.9;78.7;60.9;10.4;0.4;0.2
FR;2;2022-10-16;49;44;197;1095;1284;263;28009804;27601445;21351234;3663648;128785;58346;79.9;78.7;60.9;10.5;0.4;0.2
FR;2;2022-10-17;253;288;1381;14779;16938;2969;28010057;27601733;21352615;3678427;145723;61315;79.9;78.7;60.9;10.5;0.4;0.2
FR;2;2022-10-18;356;295;2044;25028;29609;6238;28010413;27602028;21354659;3703455;175332;67553;79.9;78.7;60.9;10.6;0.5;0.2
FR;2;2022-10-19;312;333;1729;18612;22834;4951;28010725;27602361;21356388;3722067;198166;72504;79.9;78.7;60.9;10.6;0.6;0.2
FR;2;2022-10-20;340;337;2076;26886;32568;7004;28011065;27602698;21358464;3748953;230734;79508;79.9;78.7;60.9;10.7;0.7;0.2
FR;2;2022-10-21;419;424;2493;30913;37778;7417;28011484;27603122;21360957;3779866;268512;86925;79.9;78.7;60.9;10.8;0.8;0.2
FR;2;2022-10-22;190;191;743;6888;8370;1722;28011674;27603313;21361700;3786754;276882;88647;79.9;78.7;60.9;10.8;0.8;0.3
FR;2;2022-10-23;47;49;159;1159;1486;327;28011721;27603362;21361859;3787913;278368;88974;79.9;78.7;60.9;10.8;0.8;0.3
FR;2;2022-10-24;310;243;1509;14687;19004;4197;28012031;27603605;21363368;3802600;297372;93171;79.9;78.7;60.9;10.8;0.8;0.3
FR;2;2022-10-25;328;288;2178;26685;35429;8615;28012359;27603893;21365546;3829285;332801;101786;79.9;78.7;60.9;10.9;0.9;0.3
FR;2;2022-10-26;306;297;1664;17823;24142;6192;28012665;27604190;21367210;3847108;356943;107978;79.9;78.7;61.0;11.0;1.0;0.3
FR;2;2022-10-27;334;296;1904;22337;29883;7429;28012999;27604486;21369114;3869445;386826;115407;79.9;78.7;61.0;11.0;1.1;0.3
FR;2;2022-10-28;410;404;1957;23946;31067;7047;28013409;27604890;21371071;3893391;417893;122454;79.9;78.7;61.0;11.1;1.2;0.3
FR;2;2022-10-29;132;159;587;5099;6638;1595;28013541;27605049;21371658;3898490;424531;124049;79.9;78.7;61.0;11.1;1.2;0.4
FR;2;2022-10-30;49;62;123;862;1139;302;28013590;27605111;21371781;3899352;425670;124351;79.9;78.7;61.0;11.1;1.2;0.4
FR;2;2022-10-31;231;210;863;8741;12019;3112;28013821;27605321;21372644;3908093;437689;127463;79.9;78.7;61.0;11.1;1.2;0.4
FR;2;2022-11-01;65;81;539;646;979;317;28013886;27605402;21373183;3908739;438668;127780;79.9;78.7;61.0;11.2;1.3;0.4
FR;2;2022-11-02;271;280;1421;14044;20162;5756;28014157;27605682;21374604;3922783;458830;133536;79.9;78.8;61.0;11.2;1.3;0.4
FR;2;2022-11-03;346;298;1733;22194;31383;8696;28014503;27605980;21376337;3944977;490213;142232;79.9;78.8;61.0;11.3;1.4;0.4
FR;2;2022-11-04;351;327;1976;23870;32611;8149;28014854;27606307;21378313;3968847;522824;150381;79.9;78.8;61.0;11.3;1.5;0.4
FR;2;2022-11-05;136;170;642;5194;7103;1765;28014990;27606477;21378955;3974041;529927;152146;79.9;78.8;61.0;11.3;1.5;0.4
FR;2;2022-11-06;57;52;142;853;1257;369;28015047;27606529;21379097;3974894;531184;152515;79.9;78.8;61.0;11.3;1.5;0.4
FR;2;2022-11-07;319;274;1245;14874;21562;6272;28015366;27606803;21380342;3989768;552746;158787;79.9;78.8;61.0;11.4;1.6;0.5
FR;2;2022-11-08;371;333;2124;28661;40720;11390;28015737;27607136;21382466;4018429;593466;170177;79.9;78.8;61.0;11.5;1.7;0.5
FR;2;2022-11-09;298;310;1514;17632;25525;7457;28016035;27607446;21383980;4036061;618991;177634;79.9;78.8;61.0;11.5;1.8;0.5
FR;2;2022-11-10;373;450;2072;24578;34989;9839;28016408;27607896;21386052;4060639;653980;187473;79.9;78.8;61.0;11.6;1.9;0.5
FR;2;2022-11-11;45;54;174;945;1624;639;28016453;27607950;21386226;4061584;655604;188112;79.9;78.8;61.0;11.6;1.9;0.5
FR;2;2022-11-12;111;138;553;3894;5459;1462;28016564;27608088;21386779;4065478;661063;189574;79.9;78.8;61.0;11.6;1.9;0.5
FR;2;2022-11-13;37;48;112;682;1061;337;28016601;27608136;21386891;4066160;662124;189911;79.9;78.8;61.0;11.6;1.9;0.5
FR;2;2022-11-14;243;219;1126;13592;20206;6233;28016844;27608355;21388017;4079752;682330;196144;79.9;78.8;61.0;11.6;1.9;0.6
FR;2;2022-11-15;345;405;1907;24851;36754;11104;28017189;27608760;21389924;4104603;719084;207248;79.9;78.8;61.0;11.7;2.1;0.6
FR;2;2022-11-16;304;302;1449;15885;23937;7577;28017493;27609062;21391373;4120488;743021;214825;79.9;78.8;61.0;11.8;2.1;0.6
FR;2;2022-11-17;324;299;1724;21655;32317;9947;28017817;27609361;21393097;4142143;775338;224772;79.9;78.8;61.0;11.8;2.2;0.6
FR;2;2022-11-18;372;362;1969;24850;35644;9970;28018189;27609723;21395066;4166993;810982;234742;79.9;78.8;61.0;11.9;2.3;0.7
FR;2;2022-11-19;145;156;630;5325;7687;2177;28018334;27609879;21395696;4172318;818669;236919;79.9;78.8;61.0;11.9;2.3;0.7
FR;2;2022-11-20;32;87;135;959;1464;484;28018366;27609966;21395831;4173277;820133;237403;79.9;78.8;61.0;11.9;2.3;0.7
FR;2;2022-11-21;236;209;1101;12061;18431;5934;28018602;27610175;21396932;4185338;838564;243337;79.9;78.8;61.0;11.9;2.4;0.7
FR;2;2022-11-22;294;265;1814;21944;32878;10297;28018896;27610440;21398746;4207282;871442;253634;79.9;78.8;61.0;12.0;2.5;0.7
FR;2;2022-11-23;265;235;1325;14540;22513;7387;28019161;27610675;21400071;4221822;893955;261021;79.9;78.8;61.0;12.0;2.6;0.7
FR;2;2022-11-24;311;264;1682;20828;31658;10204;28019472;27610939;21401753;4242650;925613;271225;79.9;78.8;61.1;12.1;2.6;0.8
FR;2;2022-11-25;347;358;1708;22196;32287;9480;28019819;27611297;21403461;4264846;957900;280705;79.9;78.8;61.1;12.2;2.7;0.8
FR;2;2022-11-26;169;130;573;5035;7448;2127;28019988;27611427;21404034;4269881;965348;282832;79.9;78.8;61.1;12.2;2.8;0.8
FR;2;2022-11-27;33;36;122;896;1368;427;28020021;27611463;21404156;4270777;966716;283259;79.9;78.8;61.1;12.2;2.8;0.8
FR;2;2022-11-28;206;207;1120;13708;20898;6778;28020227;27611670;21405276;4284485;987614;290037;79.9;78.8;61.1;12.2;2.8;0.8
FR;2;2022-11-29;282;215;1815;25039;38255;12359;28020509;27611885;21407091;4309524;1025869;302396;79.9;78.8;61.1;12.3;2.9;0.9
FR;2;2022-11-30;270;275;1615;20179;30390;9429;28020779;27612160;21408706;4329703;1056259;311825;79.9;78.8;61.1;12.4;3.0;0.9
FR;2;2022-12-01;322;261;2086;28350;43018;13780;28021101;27612421;21410792;4358053;1099277;325605;79.9;78.8;61.1;12.4;3.1;0.9
FR;2;2022-12-02;345;288;2393;33586;49602;14803;28021446;27612709;21413185;4391639;1148879;340408;79.9;78.8;61.1;12.5;3.3;1.0
FR;2;2022-12-03;159;133;885;9487;13877;4043;28021605;27612842;21414070;4401126;1162756;344451;79.9;78.8;61.1;12.6;3.3;1.0
FR;2;2022-12-04;53;54;247;2271;3423;1022;28021658;27612896;21414317;4403397;1166179;345473;79.9;78.8;61.1;12.6;3.3;1.0
FR;2;2022-12-05;277;232;1557;24039;36750;11925;28021935;27613128;21415874;4427436;1202929;357398;79.9;78.8;61.1;12.6;3.4;1.0
FR;2;2022-12-06;338;295;2469;42273;64645;21188;28022273;27613423;21418343;4469709;1267574;378586;79.9;78.8;61.1;12.8;3.6;1.1
FR;2;2022-12-07;306;271;1927;31777;48742;16117;28022579;27613694;21420270;4501486;1316316;394703;79.9;78.8;61.1;12.8;3.8;1.1
FR;2;2022-12-08;341;254;2526;43522;66764;22172;28022920;27613948;21422796;4545008;1383080;416875;79.9;78.8;61.1;13.0;3.9;1.2
FR;2;2022-12-09;416;302;3059;51886;78832;25358;28023336;27614250;21425855;4596894;1461912;442233;79.9;78.8;61.1;13.1;4.2;1.3
FR;2;2022-12-10;217;218;1259;18018;26369;7889;28023553;27614468;21427114;4614912;1488281;450122;79.9;78.8;61.1;13.2;4.2;1.3
FR;2;2022-12-11;80;60;380;4414;6474;1827;28023633;27614528;21427494;4619326;1494755;451949;79.9;78.8;61.1;13.2;4.3;1.3
FR;2;2022-12-12;290;210;2189;36958;57073;18860;28023923;27614738;21429683;4656284;1551828;470809;79.9;78.8;61.1;13.3;4.4;1.3
FR;2;2022-12-13;369;292;2959;56665;88549;30011;28024292;27615030;21432642;4712949;1640377;500820;79.9;78.8;61.1;13.4;4.7;1.4
FR;2;2022-12-14;308;247;2491;40148;62958;21032;28024600;27615277;21435133;4753097;1703335;521852;79.9;78.8;61.1;13.6;4.9;1.5
FR;2;2022-12-15;358;333;3073;52802;82521;27964;28024958;27615610;21438206;4805899;1785856;549816;79.9;78.8;61.2;13.7;5.1;1.6
FR;2;2022-12-16;466;353;3433;57255;89471;29995;28025424;27615963;21441639;4863154;1875327;579811;79.9;78.8;61.2;13.9;5.3;1.7
FR;2;2022-12-17;193;157;1181;16935;25372;7716;28025617;27616120;21442820;4880089;1900699;587527;79.9;78.8;61.2;13.9;5.4;1.7
FR;2;2022-12-18;51;45;261;3459;5168;1526;28025668;27616165;21443081;4883548;1905867;589053;79.9;78.8;61.2;13.9;5.4;1.7
FR;2;2022-12-19;309;222;1971;30586;48077;16234;28025977;27616387;21445052;4914134;1953944;605287;79.9;78.8;61.2;14.0;5.6;1.7
FR;2;2022-12-20;374;290;2810;43083;69142;24042;28026351;27616677;21447862;4957217;2023086;629329;80.0;78.8;61.2;14.1;5.8;1.8
FR;2;2022-12-21;322;248;1911;27092;44090;15695;28026673;27616925;21449773;4984309;2067176;645024;80.0;78.8;61.2;14.2;5.9;1.8
FR;2;2022-12-22;335;231;1746;24316;39787;14227;28027008;27617156;21451519;5008625;2106963;659251;80.0;78.8;61.2;14.3;6.0;1.9
FR;2;2022-12-23;256;232;1303;13182;21652;7658;28027264;27617388;21452822;5021807;2128615;666909;80.0;78.8;61.2;14.3;6.1;1.9
FR;2;2022-12-24;56;40;154;1347;2086;636;28027320;27617428;21452976;5023154;2130701;667545;80.0;78.8;61.2;14.3;6.1;1.9
FR;2;2022-12-25;11;11;48;285;459;145;28027331;27617439;21453024;5023439;2131160;667690;80.0;78.8;61.2;14.3;6.1;1.9
FR;2;2022-12-26;188;157;957;9182;14563;4713;28027519;27617596;21453981;5032621;2145723;672403;80.0;78.8;61.2;14.4;6.1;1.9
FR;2;2022-12-27;298;254;1559;18026;29673;10533;28027817;27617850;21455540;5050647;2175396;682936;80.0;78.8;61.2;14.4;6.2;1.9
FR;2;2022-12-28;260;201;1217;13659;22555;7979;28028077;27618051;21456757;5064306;2197951;690915;80.0;78.8;61.2;14.4;6.3;2.0
FR;2;2022-12-29;228;203;1247;14371;23769;8437;28028305;27618254;21458004;5078677;2221720;699352;80.0;78.8;61.2;14.5;6.3;2.0
FR;2;2022-12-30;258;206;985;10550;16989;5704;28028563;27618460;21458989;5089227;2238709;705056;80.0;78.8;61.2;14.5;6.4;2.0
FR;2;2022-12-31;75;62;210;1742;2601;723;28028638;27618522;21459199;5090969;2241310;705779;80.0;78.8;61.2;14.5;6.4;2.0
FR;2;2023-01-01;12;15;71;371;533;133;28028650;27618537;21459270;5091340;2241843;705912;80.0;78.8;61.2;14.5;6.4;2.0
FR;2;2023-01-02;452;225;1256;10153;17271;6363;28029102;27618762;21460526;5101493;2259114;712275;80.0;78.8;61.2;14.6;6.4;2.0
FR;2;2023-01-03;326;264;1813;23838;43574;18215;28029428;27619026;21462339;5125331;2302688;730490;80.0;78.8;61.2;14.6;6.6;2.1
FR;2;2023-01-04;281;241;1509;17182;32073;13759;28029709;27619267;21463848;5142513;2334761;744249;80.0;78.8;61.2;14.7;6.7;2.1
FR;2;2023-01-05;351;295;1674;23741;44838;19738;28030060;27619562;21465522;5166254;2379599;763987;80.0;78.8;61.2;14.7;6.8;2.2
FR;2;2023-01-06;367;321;1989;26450;48679;20615;28030427;27619883;21467511;5192704;2428278;784602;80.0;78.8;61.2;14.8;6.9;2.2
FR;2;2023-01-07;190;161;790;6909;12019;4546;28030617;27620044;21468301;5199613;2440297;789148;80.0;78.8;61.2;14.8;7.0;2.3
FR;2;2023-01-08;52;54;191;1587;2765;1064;28030669;27620098;21468492;5201200;2443062;790212;80.0;78.8;61.2;14.8;7.0;2.3
FR;2;2023-01-09;305;236;1162;12125;24289;11211;28030974;27620334;21469654;5213325;2467351;801423;80.0;78.8;61.2;14.9;7.0;2.3
FR;2;2023-01-10;322;294;1851;22762;46436;22130;28031296;27620628;21471505;5236087;2513787;823553;80.0;78.8;61.3;14.9;7.2;2.3
FR;2;2023-01-11;287;238;1228;13876;28364;13423;28031583;27620866;21472733;5249963;2542151;836976;80.0;78.8;61.3;15.0;7.3;2.4
FR;2;2023-01-12;306;252;1586;19057;39122;18713;28031889;27621118;21474319;5269020;2581273;855689;80.0;78.8;61.3;15.0;7.4;2.4
FR;2;2023-01-13;410;331;1707;19900;39933;18687;28032299;27621449;21476026;5288920;2621206;874376;80.0;78.8;61.3;15.1;7.5;2.5
FR;2;2023-01-14;189;135;617;4912;9258;3917;28032488;27621584;21476643;5293832;2630464;878293;80.0;78.8;61.3;15.1;7.5;2.5
FR;2;2023-01-15;53;50;144;909;1747;752;28032541;27621634;21476787;5294741;2632211;879045;80.0;78.8;61.3;15.1;7.5;2.5
FR;2;2023-01-16;232;172;975;8964;19351;9673;28032773;27621806;21477762;5303705;2651562;888718;80.0;78.8;61.3;15.1;7.6;2.5
FR;2;2023-01-17;278;242;1433;15874;35085;17969;28033051;27622048;21479195;5319579;2686647;906687;80.0;78.8;61.3;15.2;7.7;2.6
FR;2;2023-01-18;240;223;1028;9737;21285;10696;28033291;27622271;21480223;5329316;2707932;917383;80.0;78.8;61.3;15.2;7.7;2.6
FR;2;2023-01-19;278;203;1192;12705;28136;14369;28033569;27622474;21481415;5342021;2736068;931752;80.0;78.8;61.3;15.2;7.8;2.7
FR;2;2023-01-20;356;280;1464;14339;31041;15573;28033925;27622754;21482879;5356360;2767109;947325;80.0;78.8;61.3;15.3;7.9;2.7
FR;2;2023-01-21;149;120;488;3398;6981;3198;28034074;27622874;21483367;5359758;2774090;950523;80.0;78.8;61.3;15.3;7.9;2.7
FR;2;2023-01-22;24;14;88;486;1031;472;28034098;27622888;21483455;5360244;2775121;950995;80.0;78.8;61.3;15.3;7.9;2.7
FR;2;2023-01-23;175;158;726;6108;14623;7889;28034273;27623046;21484181;5366352;2789744;958884;80.0;78.8;61.3;15.3;8.0;2.7
FR;2;2023-01-24;255;203;1077;11482;27701;15306;28034528;27623249;21485258;5377834;2817445;974190;80.0;78.8;61.3;15.3;8.0;2.8
FR;2;2023-01-25;231;194;824;7207;16702;8791;28034759;27623443;21486082;5385041;2834147;982981;80.0;78.8;61.3;15.4;8.1;2.8
FR;2;2023-01-26;257;215;1062;9617;23242;12705;28035016;27623658;21487144;5394658;2857389;995686;80.0;78.8;61.3;15.4;8.2;2.8
FR;2;2023-01-27;286;496;1146;10258;24308;13079;28035302;27624154;21488290;5404916;2881697;1008765;80.0;78.8;61.3;15.4;8.2;2.9
FR;2;2023-01-28;125;127;410;2430;5306;2536;28035427;27624281;21488700;5407346;2887003;1011301;80.0;78.8;61.3;15.4;8.2;2.9
FR;2;2023-01-29;23;28;61;273;607;303;28035450;27624309;21488761;5407619;2887610;1011604;80.0;78.8;61.3;15.4;8.2;2.9
FR;2;2023-01-30;189;179;634;4558;11319;6200;28035639;27624488;21489395;5412177;2898929;1017804;80.0;78.8;61.3;15.4;8.3;2.9
FR;2;2023-01-31;230;182;848;7907;19938;11342;28035869;27624670;21490243;5420084;2918867;1029146;80.0;78.8;61.3;15.5;8.3;2.9
FR;2;2023-02-01;221;236;812;4687;12056;6754;28036090;27624906;21491055;5424771;2930923;1035900;80.0;78.8;61.3;15.5;8.4;3.0
FR;2;2023-02-02;205;202;816;6614;17183;9810;28036295;27625108;21491871;5431385;2948106;1045710;80.0;78.8;61.3;15.5;8.4;3.0
FR;2;2023-02-03;265;264;908;7024;18232;10388;28036560;27625372;21492779;5438409;2966338;1056098;80.0;78.8;61.3;15.5;8.5;3.0
FR;2;2023-02-04;114;145;273;1681;3935;2038;28036674;27625517;21493052;5440090;2970273;1058136;80.0;78.8;61.3;15.5;8.5;3.0
FR;2;2023-02-05;11;20;54;138;325;158;28036685;27625537;21493106;5440228;2970598;1058294;80.0;78.8;61.3;15.5;8.5;3.0
FR;2;2023-02-06;180;151;473;3110;8394;4897;28036865;27625688;21493579;5443338;2978992;1063191;80.0;78.8;61.3;15.5;8.5;3.0
FR;2;2023-02-07;214;215;742;5420;15303;9123;28037079;27625903;21494321;5448758;2994295;1072314;80.0;78.8;61.3;15.5;8.5;3.1
FR;2;2023-02-08;170;183;492;3403;9227;5300;28037249;27626086;21494813;5452161;3003522;1077614;80.0;78.8;61.3;15.6;8.6;3.1
FR;2;2023-02-09;185;194;629;4437;12496;7472;28037434;27626280;21495442;5456598;3016018;1085086;80.0;78.8;61.3;15.6;8.6;3.1
FR;2;2023-02-10;267;243;748;4607;12810;7445;28037701;27626523;21496190;5461205;3028828;1092531;80.0;78.8;61.3;15.6;8.6;3.1
FR;2;2023-02-11;96;102;289;1189;2896;1471;28037797;27626625;21496479;5462394;3031724;1094002;80.0;78.8;61.3;15.6;8.6;3.1
FR;2;2023-02-12;23;21;31;110;241;109;28037820;27626646;21496510;5462504;3031965;1094111;80.0;78.8;61.3;15.6;8.6;3.1
FR;2;2023-02-13;146;150;375;1831;5152;2956;28037966;27626796;21496885;5464335;3037117;1097067;80.0;78.8;61.3;15.6;8.7;3.1
FR;2;2023-02-14;165;150;555;3389;9523;5581;28038131;27626946;21497440;5467724;3046640;1102648;80.0;78.8;61.3;15.6;8.7;3.1
FR;2;2023-02-15;179;177;455;2403;6760;3945;28038310;27627123;21497895;5470127;3053400;1106593;80.0;78.8;61.3;15.6;8.7;3.2
FR;2;2023-02-16;149;152;584;2967;8291;4801;28038459;27627275;21498479;5473094;3061691;1111394;80.0;78.8;61.3;15.6;8.7;3.2
FR;2;2023-02-17;211;221;667;3166;8917;5154;28038670;27627496;21499146;5476260;3070608;1116548;80.0;78.8;61.3;15.6;8.8;3.2
FR;2;2023-02-18;85;100;289;920;2206;1116;28038755;27627596;21499435;5477180;3072814;1117664;80.0;78.8;61.3;15.6;8.8;3.2
FR;2;2023-02-19;22;19;19;73;189;100;28038777;27627615;21499454;5477253;3073003;1117764;80.0;78.8;61.3;15.6;8.8;3.2
FR;2;2023-02-20;130;145;398;1671;4725;2674;28038907;27627760;21499852;5478924;3077728;1120438;80.0;78.8;61.3;15.6;8.8;3.2
FR;2;2023-02-21;161;148;569;2611;7614;4421;28039068;27627908;21500421;5481535;3085342;1124859;80.0;78.8;61.3;15.6;8.8;3.2
FR;2;2023-02-22;147;162;426;1619;4974;2900;28039215;27628070;21500847;5483154;3090316;1127759;80.0;78.8;61.3;15.6;8.8;3.2
FR;2;2023-02-23;136;149;490;2293;6625;3816;28039351;27628219;21501337;5485447;3096941;1131575;80.0;78.8;61.3;15.6;8.8;3.2
FR;2;2023-02-24;161;192;528;2497;7023;3983;28039512;27628411;21501865;5487944;3103964;1135558;80.0;78.8;61.3;15.7;8.9;3.2
FR;2;2023-02-25;67;77;190;701;1700;852;28039579;27628488;21502055;5488645;3105664;1136410;80.0;78.8;61.3;15.7;8.9;3.2
FR;2;2023-02-26;10;13;20;60;134;55;28039589;27628501;21502075;5488705;3105798;1136465;80.0;78.8;61.3;15.7;8.9;3.2
FR;2;2023-02-27;110;148;314;1160;3609;2141;28039699;27628649;21502389;5489865;3109407;1138606;80.0;78.8;61.3;15.7;8.9;3.2
FR;2;2023-02-28;148;147;482;2062;6692;4084;28039847;27628796;21502871;5491927;3116099;1142690;80.0;78.8;61.3;15.7;8.9;3.3
FR;2;2023-03-01;130;166;419;1155;3569;2134;28039977;27628962;21503290;5493082;3119668;1144824;80.0;78.8;61.3;15.7;8.9;3.3
FR;2;2023-03-02;114;139;386;1771;5497;3435;28040091;27629101;21503676;5494853;3125165;1148259;80.0;78.8;61.3;15.7;8.9;3.3
FR;2;2023-03-03;177;205;523;2020;6357;3770;28040268;27629306;21504199;5496873;3131522;1152029;80.0;78.8;61.3;15.7;8.9;3.3
FR;2;2023-03-04;74;100;239;563;1499;737;28040342;27629406;21504438;5497436;3133021;1152766;80.0;78.8;61.3;15.7;8.9;3.3
FR;2;2023-03-05;12;15;20;29;110;59;28040354;27629421;21504458;5497465;3133131;1152825;80.0;78.8;61.3;15.7;8.9;3.3
FR;2;2023-03-06;110;113;276;791;2583;1519;28040464;27629534;21504734;5498256;3135714;1154344;80.0;78.8;61.3;15.7;8.9;3.3
FR;2;2023-03-07;110;130;355;1347;4310;2594;28040574;27629664;21505089;5499603;3140024;1156938;80.0;78.8;61.3;15.7;9.0;3.3
FR;2;2023-03-08;98;122;276;859;2745;1574;28040672;27629786;21505365;5500462;3142769;1158512;80.0;78.8;61.3;15.7;9.0;3.3
FR;2;2023-03-09;94;108;340;1143;4009;2509;28040766;27629894;21505705;5501605;3146778;1161021;80.0;78.8;61.3;15.7;9.0;3.3
FR;2;2023-03-10;189;204;461;1492;4839;2868;28040955;27630098;21506166;5503097;3151617;1163889;80.0;78.8;61.4;15.7;9.0;3.3
FR;2;2023-03-11;66;76;169;435;1202;620;28041021;27630174;21506335;5503532;3152819;1164509;80.0;78.8;61.4;15.7;9.0;3.3
FR;2;2023-03-12;5;17;12;37;88;41;28041026;27630191;21506347;5503569;3152907;1164550;80.0;78.8;61.4;15.7;9.0;3.3
FR;2;2023-03-13;90;90;256;649;2045;1140;28041116;27630281;21506603;5504218;3154952;1165690;80.0;78.8;61.4;15.7;9.0;3.3
FR;2;2023-03-14;124;123;371;1074;3682;2207;28041240;27630404;21506974;5505292;3158634;1167897;80.0;78.8;61.4;15.7;9.0;3.3
FR;2;2023-03-15;97;127;267;753;2411;1451;28041337;27630531;21507241;5506045;3161045;1169348;80.0;78.8;61.4;15.7;9.0;3.3
FR;2;2023-03-16;90;115;328;955;3321;2008;28041427;27630646;21507569;5507000;3164366;1171356;80.0;78.8;61.4;15.7;9.0;3.3
FR;2;2023-03-17;154;147;419;1153;3986;2417;28041581;27630793;21507988;5508153;3168352;1173773;80.0;78.8;61.4;15.7;9.0;3.3
FR;2;2023-03-18;80;66;241;343;1082;575;28041661;27630859;21508229;5508496;3169434;1174348;80.0;78.8;61.4;15.7;9.0;3.4
FR;2;2023-03-19;5;12;6;35;65;26;28041666;27630871;21508235;5508531;3169499;1174374;80.0;78.8;61.4;15.7;9.0;3.4
FR;2;2023-03-20;85;105;290;604;2057;1184;28041751;27630976;21508525;5509135;3171556;1175558;80.0;78.8;61.4;15.7;9.0;3.4
FR;2;2023-03-21;129;135;335;1043;3595;2161;28041880;27631111;21508860;5510178;3175151;1177719;80.0;78.8;61.4;15.7;9.1;3.4
FR;2;2023-03-22;119;113;249;660;2216;1287;28041999;27631224;21509109;5510838;3177367;1179006;80.0;78.8;61.4;15.7;9.1;3.4
FR;2;2023-03-23;98;102;297;807;2830;1679;28042097;27631326;21509406;5511645;3180197;1180685;80.0;78.8;61.4;15.7;9.1;3.4
FR;2;2023-03-24;129;157;495;1098;3646;2079;28042226;27631483;21509901;5512743;3183843;1182764;80.0;78.8;61.4;15.7;9.1;3.4
FR;2;2023-03-25;62;68;183;327;953;448;28042288;27631551;21510084;5513070;3184796;1183212;80.0;78.8;61.4;15.7;9.1;3.4
FR;2;2023-03-26;6;5;15;20;55;26;28042294;27631556;21510099;5513090;3184851;1183238;80.0;78.8;61.4;15.7;9.1;3.4
FR;2;2023-03-27;120;109;293;526;1867;1050;28042414;27631665;21510392;5513616;3186718;1184288;80.0;78.8;61.4;15.7;9.1;3.4
FR;2;2023-03-28;114;97;304;940;3388;2027;28042528;27631762;21510696;5514556;3190106;1186315;80.0;78.8;61.4;15.7;9.1;3.4
FR;2;2023-03-29;87;94;247;651;2097;1144;28042615;27631856;21510943;5515207;3192203;1187459;80.0;78.8;61.4;15.7;9.1;3.4
FR;2;2023-03-30;117;91;344;852;3017;1734;28042732;27631947;21511287;5516059;3195220;1189193;80.0;78.8;61.4;15.7;9.1;3.4
FR;2;2023-03-31;113;145;395;1054;3723;2130;28042845;27632092;21511682;5517113;3198943;1191323;80.0;78.8;61.4;15.7;9.1;3.4
FR;2;2023-04-01;57;78;212;371;1053;510;28042902;27632170;21511894;5517484;3199996;1191833;80.0;78.8;61.4;15.7;9.1;3.4
FR;2;2023-04-02;6;7;18;20;67;31;28042908;27632177;21511912;5517504;3200063;1191864;80.0;78.8;61.4;15.7;9.1;3.4
FR;2;2023-04-03;89;87;275;546;1789;986;28042997;27632264;21512187;5518050;3201852;1192850;80.0;78.8;61.4;15.7;9.1;3.4
FR;2;2023-04-04;83;103;263;753;2903;1735;28043080;27632367;21512450;5518803;3204755;1194585;80.0;78.8;61.4;15.7;9.1;3.4
FR;2;2023-04-05;48;84;234;530;1909;1084;28043128;27632451;21512684;5519333;3206664;1195669;80.0;78.8;61.4;15.7;9.1;3.4
FR;2;2023-04-06;79;76;220;621;2320;1359;28043207;27632527;21512904;5519954;3208984;1197028;80.0;78.8;61.4;15.7;9.2;3.4
FR;2;2023-04-07;114;115;304;780;2742;1530;28043321;27632642;21513208;5520734;3211726;1198558;80.0;78.8;61.4;15.7;9.2;3.4
FR;2;2023-04-08;39;60;136;240;719;320;28043360;27632702;21513344;5520974;3212445;1198878;80.0;78.8;61.4;15.7;9.2;3.4
FR;2;2023-04-09;3;9;13;9;33;9;28043363;27632711;21513357;5520983;3212478;1198887;80.0;78.8;61.4;15.7;9.2;3.4
FR;2;2023-04-10;7;12;28;22;48;14;28043370;27632723;21513385;5521005;3212526;1198901;80.0;78.8;61.4;15.7;9.2;3.4
FR;2;2023-04-11;69;97;242;582;2276;1286;28043439;27632820;21513627;5521587;3214802;1200187;80.0;78.8;61.4;15.8;9.2;3.4
FR;2;2023-04-12;71;90;204;457;1775;1017;28043510;27632910;21513831;5522044;3216577;1201204;80.0;78.8;61.4;15.8;9.2;3.4
FR;2;2023-04-13;58;75;236;557;2329;1353;28043568;27632985;21514067;5522601;3218906;1202557;80.0;78.8;61.4;15.8;9.2;3.4
FR;2;2023-04-14;105;131;328;680;2798;1655;28043673;27633116;21514395;5523281;3221704;1204212;80.0;78.8;61.4;15.8;9.2;3.4
FR;2;2023-04-15;52;40;129;235;756;341;28043725;27633156;21514524;5523516;3222460;1204553;80.0;78.8;61.4;15.8;9.2;3.4
FR;2;2023-04-16;12;8;10;16;60;28;28043737;27633164;21514534;5523532;3222520;1204581;80.0;78.8;61.4;15.8;9.2;3.4
FR;2;2023-04-17;65;74;219;403;1669;902;28043802;27633238;21514753;5523935;3224189;1205483;80.0;78.8;61.4;15.8;9.2;3.4
FR;2;2023-04-18;87;75;232;499;2282;1331;28043889;27633313;21514985;5524434;3226471;1206814;80.0;78.8;61.4;15.8;9.2;3.4
FR;2;2023-04-19;69;67;164;404;1569;832;28043958;27633380;21515149;5524838;3228040;1207646;80.0;78.8;61.4;15.8;9.2;3.4
FR;2;2023-04-20;59;85;210;487;1947;1056;28044017;27633465;21515359;5525325;3229987;1208702;80.0;78.8;61.4;15.8;9.2;3.4
FR;2;2023-04-21;84;86;301;608;2324;1257;28044101;27633551;21515660;5525933;3232311;1209959;80.0;78.8;61.4;15.8;9.2;3.5
FR;2;2023-04-22;24;43;113;158;583;288;28044125;27633594;21515773;5526091;3232894;1210247;80.0;78.8;61.4;15.8;9.2;3.5
FR;2;2023-04-23;0;3;9;10;37;16;28044125;27633597;21515782;5526101;3232931;1210263;80.0;78.8;61.4;15.8;9.2;3.5
FR;2;2023-04-24;74;66;158;356;1335;696;28044199;27633663;21515940;5526457;3234266;1210959;80.0;78.8;61.4;15.8;9.2;3.5
FR;2;2023-04-25;63;71;208;475;2202;1207;28044262;27633734;21516148;5526932;3236468;1212166;80.0;78.8;61.4;15.8;9.2;3.5
FR;2;2023-04-26;60;61;162;317;1407;731;28044322;27633795;21516310;5527249;3237875;1212897;80.0;78.8;61.4;15.8;9.2;3.5
FR;2;2023-04-27;83;67;210;481;2009;1069;28044405;27633862;21516520;5527730;3239884;1213966;80.0;78.8;61.4;15.8;9.2;3.5
FR;2;2023-04-28;100;90;237;538;2315;1187;28044505;27633952;21516757;5528268;3242199;1215153;80.0;78.8;61.4;15.8;9.2;3.5
FR;2;2023-04-29;44;38;71;173;582;284;28044549;27633990;21516828;5528441;3242781;1215437;80.0;78.8;61.4;15.8;9.3;3.5
FR;2;2023-04-30;4;1;5;4;34;20;28044553;27633991;21516833;5528445;3242815;1215457;80.0;78.8;61.4;15.8;9.3;3.5
FR;2;2023-05-01;7;7;33;9;43;14;28044560;27633998;21516866;5528454;3242858;1215471;80.0;78.8;61.4;15.8;9.3;3.5
FR;2;2023-05-02;95;80;242;412;1898;1017;28044655;27634078;21517108;5528866;3244756;1216488;80.0;78.8;61.4;15.8;9.3;3.5
FR;2;2023-05-03;70;62;161;308;1534;780;28044725;27634140;21517269;5529174;3246290;1217268;80.0;78.8;61.4;15.8;9.3;3.5
FR;2;2023-05-04;54;67;228;471;2258;1170;28044779;27634207;21517497;5529645;3248548;1218438;80.0;78.8;61.4;15.8;9.3;3.5
FR;2;2023-05-05;76;80;229;494;2417;1271;28044855;27634287;21517726;5530139;3250965;1219709;80.0;78.8;61.4;15.8;9.3;3.5
FR;2;2023-05-06;27;24;68;135;568;269;28044882;27634311;21517794;5530274;3251533;1219978;80.0;78.8;61.4;15.8;9.3;3.5
FR;2;2023-05-07;7;2;6;11;49;19;28044889;27634313;21517800;5530285;3251582;1219997;80.0;78.8;61.4;15.8;9.3;3.5
FR;2;2023-05-08;10;7;17;33;89;43;28044899;27634320;21517817;5530318;3251671;1220040;80.0;78.8;61.4;15.8;9.3;3.5
FR;2;2023-05-09;47;51;147;353;1914;977;28044946;27634371;21517964;5530671;3253585;1221017;80.0;78.8;61.4;15.8;9.3;3.5
FR;2;2023-05-10;53;57;124;333;1852;866;28044999;27634428;21518088;5531004;3255437;1221883;80.0;78.8;61.4;15.8;9.3;3.5
FR;2;2023-05-11;43;51;120;420;2201;1095;28045042;27634479;21518208;5531424;3257638;1222978;80.0;78.8;61.4;15.8;9.3;3.5
FR;2;2023-05-12;51;63;165;472;2491;1162;28045093;27634542;21518373;5531896;3260129;1224140;80.0;78.8;61.4;15.8;9.3;3.5
FR;2;2023-05-13;22;29;74;129;510;208;28045115;27634571;21518447;5532025;3260639;1224348;80.0;78.8;61.4;15.8;9.3;3.5
FR;2;2023-05-14;7;5;6;11;52;17;28045122;27634576;21518453;5532036;3260691;1224365;80.0;78.8;61.4;15.8;9.3;3.5
FR;2;2023-05-15;36;34;112;320;2001;946;28045158;27634610;21518565;5532356;3262692;1225311;80.0;78.8;61.4;15.8;9.3;3.5
FR;2;2023-05-16;56;67;150;604;3577;1680;28045214;27634677;21518715;5532960;3266269;1226991;80.0;78.8;61.4;15.8;9.3;3.5
FR;2;2023-05-17;51;50;117;357;1936;849;28045265;27634727;21518832;5533317;3268205;1227840;80.0;78.8;61.4;15.8;9.3;3.5
FR;2;2023-05-18;3;3;8;22;115;45;28045268;27634730;21518840;5533339;3268320;1227885;80.0;78.8;61.4;15.8;9.3;3.5
FR;2;2023-05-19;38;48;127;307;1643;751;28045306;27634778;21518967;5533646;3269963;1228636;80.0;78.8;61.4;15.8;9.3;3.5
FR;2;2023-05-20;23;13;61;85;472;183;28045329;27634791;21519028;5533731;3270435;1228819;80.0;78.8;61.4;15.8;9.3;3.5
FR;2;2023-05-21;3;3;4;8;86;22;28045332;27634794;21519032;5533739;3270521;1228841;80.0;78.8;61.4;15.8;9.3;3.5
FR;2;2023-05-22;42;39;91;311;1945;884;28045374;27634833;21519123;5534050;3272466;1229725;80.0;78.8;61.4;15.8;9.3;3.5
FR;2;2023-05-23;19;38;94;459;2950;1385;28045393;27634871;21519217;5534509;3275416;1231110;80.0;78.8;61.4;15.8;9.3;3.5
FR;2;2023-05-24;36;39;98;387;2078;966;28045429;27634910;21519315;5534896;3277494;1232076;80.0;78.8;61.4;15.8;9.3;3.5
FR;2;2023-05-25;45;34;97;415;2887;1325;28045474;27634944;21519412;5535311;3280381;1233401;80.0;78.8;61.4;15.8;9.4;3.5
FR;2;2023-05-26;51;56;120;440;2732;1242;28045525;27635000;21519532;5535751;3283113;1234643;80.0;78.8;61.4;15.8;9.4;3.5
FR;2;2023-05-27;16;28;43;95;461;219;28045541;27635028;21519575;5535846;3283574;1234862;80.0;78.8;61.4;15.8;9.4;3.5
FR;2;2023-05-28;3;4;1;8;41;19;28045544;27635032;21519576;5535854;3283615;1234881;80.0;78.8;61.4;15.8;9.4;3.5
FR;2;2023-05-29;2;3;5;24;209;82;28045546;27635035;21519581;5535878;3283824;1234963;80.0;78.8;61.4;15.8;9.4;3.5
FR;2;2023-05-30;39;46;102;520;2967;1249;28045585;27635081;21519683;5536398;3286791;1236212;80.0;78.8;61.4;15.8;9.4;3.5
FR;2;2023-05-31;40;34;84;366;2179;1036;28045625;27635115;21519767;5536764;3288970;1237248;80.0;78.8;61.4;15.8;9.4;3.5
FR;2;2023-06-01;38;40;125;425;2917;1209;28045663;27635155;21519892;5537189;3291887;1238457;80.0;78.8;61.4;15.8;9.4;3.5
FR;2;2023-06-02;41;41;122;461;3087;1403;28045704;27635196;21520014;5537650;3294974;1239860;80.0;78.8;61.4;15.8;9.4;3.5
FR;2;2023-06-03;12;15;46;101;586;232;28045716;27635211;21520060;5537751;3295560;1240092;80.0;78.8;61.4;15.8;9.4;3.5
FR;2;2023-06-04;2;6;5;9;75;27;28045718;27635217;21520065;5537760;3295635;1240119;80.0;78.8;61.4;15.8;9.4;3.5
FR;2;2023-06-05;47;42;134;374;2770;1159;28045765;27635259;21520199;5538134;3298405;1241278;80.0;78.8;61.4;15.8;9.4;3.5
FR;2;2023-06-06;48;49;171;590;4585;1933;28045813;27635308;21520370;5538724;3302990;1243211;80.0;78.8;61.4;15.8;9.4;3.5
FR;2;2023-06-07;38;37;81;380;2556;1088;28045851;27635345;21520451;5539104;3305546;1244299;80.0;78.8;61.4;15.8;9.4;3.5
FR;2;2023-06-08;37;35;125;561;4112;1721;28045888;27635380;21520576;5539665;3309658;1246020;80.0;78.8;61.4;15.8;9.4;3.6
FR;2;2023-06-09;41;49;105;412;3048;1286;28045929;27635429;21520681;5540077;3312706;1247306;80.0;78.8;61.4;15.8;9.5;3.6
FR;2;2023-06-10;17;15;31;98;539;201;28045946;27635444;21520712;5540175;3313245;1247507;80.0;78.8;61.4;15.8;9.5;3.6
FR;2;2023-06-11;2;4;6;12;100;40;28045948;27635448;21520718;5540187;3313345;1247547;80.0;78.8;61.4;15.8;9.5;3.6
FR;2;2023-06-12;20;46;102;439;3213;1391;28045968;27635494;21520820;5540626;3316558;1248938;80.0;78.8;61.4;15.8;9.5;3.6
FR;2;2023-06-13;46;33;124;639;4488;1885;28046014;27635527;21520944;5541265;3321046;1250823;80.0;78.8;61.4;15.8;9.5;3.6
FR;2;2023-06-14;34;51;81;406;2944;1334;28046048;27635578;21521025;5541671;3323990;1252157;80.0;78.8;61.4;15.8;9.5;3.6
FR;2;2023-06-15;30;26;122;583;4144;1880;28046078;27635604;21521147;5542254;3328134;1254037;80.0;78.8;61.4;15.8;9.5;3.6
FR;2;2023-06-16;39;39;104;486;3652;1614;28046117;27635643;21521251;5542740;3331786;1255651;80.0;78.8;61.4;15.8;9.5;3.6
FR;2;2023-06-17;11;14;29;74;498;197;28046128;27635657;21521280;5542814;3332284;1255848;80.0;78.8;61.4;15.8;9.5;3.6
FR;2;2023-06-18;1;4;6;16;153;63;28046129;27635661;21521286;5542830;3332437;1255911;80.0;78.8;61.4;15.8;9.5;3.6
FR;2;2023-06-19;22;28;102;399;2786;1106;28046151;27635689;21521388;5543229;3335223;1257017;80.0;78.8;61.4;15.8;9.5;3.6
FR;2;2023-06-20;62;32;151;478;3945;1793;28046213;27635721;21521539;5543707;3339168;1258810;80.0;78.8;61.4;15.8;9.5;3.6
FR;2;2023-06-21;28;32;131;500;2894;1210;28046241;27635753;21521670;5544207;3342062;1260020;80.0;78.8;61.4;15.8;9.5;3.6
FR;2;2023-06-22;31;24;117;454;3057;1236;28046272;27635777;21521787;5544661;3345119;1261256;80.0;78.8;61.4;15.8;9.5;3.6
FR;2;2023-06-23;41;40;82;478;3146;1207;28046313;27635817;21521869;5545139;3348265;1262463;80.0;78.8;61.4;15.8;9.6;3.6
FR;2;2023-06-24;6;7;36;69;436;148;28046319;27635824;21521905;5545208;3348701;1262611;80.0;78.8;61.4;15.8;9.6;3.6
FR;2;2023-06-25;3;3;5;8;62;29;28046322;27635827;21521910;5545216;3348763;1262640;80.0;78.8;61.4;15.8;9.6;3.6
FR;2;2023-06-26;25;27;95;254;1756;707;28046347;27635854;21522005;5545470;3350519;1263347;80.0;78.8;61.4;15.8;9.6;3.6
FR;2;2023-06-27;42;30;96;405;2839;1076;28046389;27635884;21522101;5545875;3353358;1264423;80.0;78.8;61.4;15.8;9.6;3.6
FR;2;2023-06-28;27;21;72;306;1945;840;28046416;27635905;21522173;5546181;3355303;1265263;80.0;78.8;61.4;15.8;9.6;3.6
FR;2;2023-06-29;15;22;70;279;2376;1001;28046431;27635927;21522243;5546460;3357679;1266264;80.0;78.8;61.4;15.8;9.6;3.6
FR;2;2023-06-30;22;24;80;274;2344;872;28046453;27635951;21522323;5546734;3360023;1267136;80.0;78.8;61.4;15.8;9.6;3.6
FR;2;2023-07-01;15;13;20;69;464;172;28046468;27635964;21522343;5546803;3360487;1267308;80.0;78.8;61.4;15.8;9.6;3.6
FR;2;2023-07-02;0;0;1;4;27;16;28046468;27635964;21522344;5546807;3360514;1267324;80.0;78.8;61.4;15.8;9.6;3.6
FR;2;2023-07-03;20;22;90;127;1171;433;28046488;27635986;21522434;5546934;3361685;1267757;80.0;78.8;61.4;15.8;9.6;3.6
FR;2;2023-07-04;26;30;72;216;1694;671;28046514;27636016;21522506;5547150;3363379;1268428;80.0;78.8;61.4;15.8;9.6;3.6
FR;2;2023-07-05;25;24;54;253;1496;614;28046539;27636040;21522560;5547403;3364875;1269042;80.0;78.8;61.4;15.8;9.6;3.6
FR;2;2023-07-06;28;22;78;309;1666;638;28046567;27636062;21522638;5547712;3366541;1269680;80.0;78.8;61.4;15.8;9.6;3.6
FR;2;2023-07-07;25;21;63;232;1573;583;28046592;27636083;21522701;5547944;3368114;1270263;80.0;78.8;61.4;15.8;9.6;3.6
FR;2;2023-07-08;11;11;21;51;272;99;28046603;27636094;21522722;5547995;3368386;1270362;80.0;78.8;61.4;15.8;9.6;3.6
FR;2;2023-07-09;0;2;1;5;21;10;28046603;27636096;21522723;5548000;3368407;1270372;80.0;78.8;61.4;15.8;9.6;3.6
FR;2;2023-07-10;13;8;47;98;748;256;28046616;27636104;21522770;5548098;3369155;1270628;80.0;78.8;61.4;15.8;9.6;3.6
FR;0;2020-12-27;616;55;0;0;0;0;616;55;0;0;0;0;0.0;0.0;0.0;0.0;0.0;0.0
FR;0;2020-12-28;710;44;0;0;0;0;1326;99;0;0;0;0;0.0;0.0;0.0;0.0;0.0;0.0
FR;0;2020-12-29;390;19;0;0;0;0;1716;118;0;0;0;0;0.0;0.0;0.0;0.0;0.0;0.0
FR;0;2020-12-30;456;20;0;0;0;0;2172;138;0;0;0;0;0.0;0.0;0.0;0.0;0.0;0.0
FR;0;2020-12-31;451;21;0;0;0;0;2623;159;0;0;0;0;0.0;0.0;0.0;0.0;0.0;0.0
FR;0;2021-01-01;1199;66;0;0;0;0;3822;225;0;0;0;0;0.0;0.0;0.0;0.0;0.0;0.0
FR;0;2021-01-02;370;29;0;0;0;0;4192;254;0;0;0;0;0.0;0.0;0.0;0.0;0.0;0.0
FR;0;2021-01-03;419;23;0;0;0;0;4611;277;0;0;0;0;0.0;0.0;0.0;0.0;0.0;0.0
FR;0;2021-01-04;2152;51;0;0;0;0;6763;328;0;0;0;0;0.0;0.0;0.0;0.0;0.0;0.0
FR;0;2021-01-05;7794;128;0;0;0;0;14557;456;0;0;0;0;0.0;0.0;0.0;0.0;0.0;0.0
FR;0;2021-01-06;12491;128;0;0;0;0;27048;584;0;0;0;0;0.0;0.0;0.0;0.0;0.0;0.0
FR;0;2021-01-07;29481;160;0;0;0;0;56529;744;0;0;0;0;0.1;0.0;0.0;0.0;0.0;0.0
FR;0;2021-01-08;37170;205;0;0;0;0;93699;949;0;0;0;0;0.1;0.0;0.0;0.0;0.0;0.0
FR;0;2021-01-09;11221;77;0;0;0;0;104920;1026;0;0;0;0;0.2;0.0;0.0;0.0;0.0;0.0
FR;0;2021-01-10;6017;28;0;0;0;0;110937;1054;0;0;0;0;0.2;0.0;0.0;0.0;0.0;0.0
FR;0;2021-01-11;39956;232;0;0;0;0;150893;1286;0;0;0;0;0.2;0.0;0.0;0.0;0.0;0.0
FR;0;2021-01-12;62166;296;0;0;0;0;213059;1582;0;0;0;0;0.3;0.0;0.0;0.0;0.0;0.0
FR;0;2021-01-13;65150;432;0;0;0;0;278209;2014;0;0;0;0;0.4;0.0;0.0;0.0;0.0;0.0
FR;0;2021-01-14;83109;1166;0;0;0;0;361318;3180;0;0;0;0;0.5;0.0;0.0;0.0;0.0;0.0
FR;0;2021-01-15;69040;555;0;0;0;0;430358;3735;0;0;0;0;0.6;0.0;0.0;0.0;0.0;0.0
FR;0;2021-01-16;20219;183;0;0;0;0;450577;3918;0;0;0;0;0.7;0.0;0.0;0.0;0.0;0.0
FR;0;2021-01-17;10993;137;0;0;0;0;461570;4055;0;0;0;0;0.7;0.0;0.0;0.0;0.0;0.0
FR;0;2021-01-18;85924;614;0;0;0;0;547494;4669;0;0;0;0;0.8;0.0;0.0;0.0;0.0;0.0
FR;0;2021-01-19;130616;860;0;0;0;0;678110;5529;0;0;0;0;1.0;0.0;0.0;0.0;0.0;0.0
FR;0;2021-01-20;137578;836;0;0;0;0;815688;6365;0;0;0;0;1.2;0.0;0.0;0.0;0.0;0.0
FR;0;2021-01-21;158435;947;0;0;0;0;974123;7312;0;0;0;0;1.4;0.0;0.0;0.0;0.0;0.0
FR;0;2021-01-22;121091;846;0;0;0;0;1095214;8158;0;0;0;0;1.6;0.0;0.0;0.0;0.0;0.0
FR;0;2021-01-23;38494;223;0;0;0;0;1133708;8381;0;0;0;0;1.7;0.0;0.0;0.0;0.0;0.0
FR;0;2021-01-24;9752;196;0;0;0;0;1143460;8577;0;0;0;0;1.7;0.0;0.0;0.0;0.0;0.0
FR;0;2021-01-25;78257;1808;0;0;0;0;1221717;10385;0;0;0;0;1.8;0.0;0.0;0.0;0.0;0.0
FR;0;2021-01-26;100401;4189;0;0;0;0;1322118;14574;0;0;0;0;2.0;0.0;0.0;0.0;0.0;0.0
FR;0;2021-01-27;107266;7161;0;0;0;0;1429384;21735;0;0;0;0;2.1;0.0;0.0;0.0;0.0;0.0
FR;0;2021-01-28;124384;17250;0;0;0;0;1553768;38985;0;0;0;0;2.3;0.1;0.0;0.0;0.0;0.0
FR;0;2021-01-29;92211;19386;0;0;0;0;1645979;58371;0;0;0;0;2.4;0.1;0.0;0.0;0.0;0.0
FR;0;2021-01-30;29128;4678;0;0;0;0;1675107;63049;0;0;0;0;2.5;0.1;0.0;0.0;0.0;0.0
FR;0;2021-01-31;5241;1945;0;0;0;0;1680348;64994;0;0;0;0;2.5;0.1;0.0;0.0;0.0;0.0
FR;0;2021-02-01;53160;23361;0;0;0;0;1733508;88355;0;0;0;0;2.6;0.1;0.0;0.0;0.0;0.0
FR;0;2021-02-02;72339;38720;0;0;0;0;1805847;127075;0;0;0;0;2.7;0.2;0.0;0.0;0.0;0.0
FR;0;2021-02-03;72329;40827;0;0;0;0;1878176;167902;0;0;0;0;2.8;0.2;0.0;0.0;0.0;0.0
FR;0;2021-02-04;82100;55767;0;0;0;0;1960276;223669;0;0;0;0;2.9;0.3;0.0;0.0;0.0;0.0
FR;0;2021-02-05;68252;48700;0;0;0;0;2028528;272369;0;0;0;0;3.0;0.4;0.0;0.0;0.0;0.0
FR;0;2021-02-06;22948;11672;0;0;0;0;2051476;284041;0;0;0;0;3.0;0.4;0.0;0.0;0.0;0.0
FR;0;2021-02-07;5195;6214;0;0;0;0;2056671;290255;0;0;0;0;3.0;0.4;0.0;0.0;0.0;0.0
FR;0;2021-02-08;46857;49319;0;0;0;0;2103528;339574;0;0;0;0;3.1;0.5;0.0;0.0;0.0;0.0
FR;0;2021-02-09;66051;79611;0;0;0;0;2169579;419185;0;0;0;0;3.2;0.6;0.0;0.0;0.0;0.0
FR;0;2021-02-10;71049;84871;0;0;0;0;2240628;504056;0;0;0;0;3.3;0.7;0.0;0.0;0.0;0.0
FR;0;2021-02-11;87309;107736;0;0;0;0;2327937;611792;0;0;0;0;3.4;0.9;0.0;0.0;0.0;0.0
FR;0;2021-02-12;79358;77851;0;0;0;0;2407295;689643;0;0;0;0;3.6;1.0;0.0;0.0;0.0;0.0
FR;0;2021-02-13;22391;19898;0;0;0;0;2429686;709541;0;0;0;0;3.6;1.0;0.0;0.0;0.0;0.0
FR;0;2021-02-14;5080;7453;0;0;0;0;2434766;716994;0;0;0;0;3.6;1.1;0.0;0.0;0.0;0.0
FR;0;2021-02-15;38132;77825;0;0;0;0;2472898;794819;0;0;0;0;3.7;1.2;0.0;0.0;0.0;0.0
FR;0;2021-02-16;50420;101031;0;0;0;0;2523318;895850;0;0;0;0;3.7;1.3;0.0;0.0;0.0;0.0
FR;0;2021-02-17;50561;108405;0;0;0;0;2573879;1004255;0;0;0;0;3.8;1.5;0.0;0.0;0.0;0.0
FR;0;2021-02-18;69814;125848;0;0;0;0;2643693;1130103;0;0;0;0;3.9;1.7;0.0;0.0;0.0;0.0
FR;0;2021-02-19;65093;94228;0;0;0;0;2708786;1224331;0;0;0;0;4.0;1.8;0.0;0.0;0.0;0.0
FR;0;2021-02-20;18602;28914;0;0;0;0;2727388;1253245;0;0;0;0;4.0;1.9;0.0;0.0;0.0;0.0
FR;0;2021-02-21;3335;6143;0;0;0;0;2730723;1259388;0;0;0;0;4.0;1.9;0.0;0.0;0.0;0.0
FR;0;2021-02-22;37512;74173;0;0;0;0;2768235;1333561;0;0;0;0;4.1;2.0;0.0;0.0;0.0;0.0
FR;0;2021-02-23;53802;86852;0;0;0;0;2822037;1420413;0;0;0;0;4.2;2.1;0.0;0.0;0.0;0.0
FR;0;2021-02-24;60039;84541;0;0;0;0;2882076;1504954;0;0;0;0;4.3;2.2;0.0;0.0;0.0;0.0
FR;0;2021-02-25;100614;94197;0;0;0;0;2982690;1599151;0;0;0;0;4.4;2.4;0.0;0.0;0.0;0.0
FR;0;2021-02-26;113492;73903;0;0;0;0;3096182;1673054;0;0;0;0;4.6;2.5;0.0;0.0;0.0;0.0
FR;0;2021-02-27;52131;23686;0;0;0;0;3148313;1696740;0;0;0;0;4.7;2.5;0.0;0.0;0.0;0.0
FR;0;2021-02-28;6209;4302;0;0;0;0;3154522;1701042;0;0;0;0;4.7;2.5;0.0;0.0;0.0;0.0
FR;0;2021-03-01;65946;55949;0;0;0;0;3220468;1756991;0;0;0;0;4.8;2.6;0.0;0.0;0.0;0.0
FR;0;2021-03-02;101417;70229;0;0;0;0;3321885;1827220;0;0;0;0;4.9;2.7;0.0;0.0;0.0;0.0
FR;0;2021-03-03;116567;69179;0;0;0;0;3438452;1896399;0;0;0;0;5.1;2.8;0.0;0.0;0.0;0.0
FR;0;2021-03-04;163664;78223;0;0;0;0;3602116;1974622;0;0;0;0;5.3;2.9;0.0;0.0;0.0;0.0
FR;0;2021-03-05;200962;69436;0;0;0;0;3803078;2044058;0;0;0;0;5.6;3.0;0.0;0.0;0.0;0.0
FR;0;2021-03-06;207995;22781;0;0;0;0;4011073;2066839;0;0;0;0;5.9;3.1;0.0;0.0;0.0;0.0
FR;0;2021-03-07;121293;7258;0;0;0;0;4132366;2074097;0;0;0;0;6.1;3.1;0.0;0.0;0.0;0.0
FR;0;2021-03-08;107180;53032;0;0;0;0;4239546;2127129;0;0;0;0;6.3;3.1;0.0;0.0;0.0;0.0
FR;0;2021-03-09;172489;61527;0;0;0;0;4412035;2188656;0;0;0;0;6.5;3.2;0.0;0.0;0.0;0.0
FR;0;2021-03-10;179044;62737;0;0;0;0;4591079;2251393;0;0;0;0;6.8;3.3;0.0;0.0;0.0;0.0
FR;0;2021-03-11;242934;72141;0;0;0;0;4834013;2323534;0;0;0;0;7.1;3.4;0.0;0.0;0.0;0.0
FR;0;2021-03-12;294876;62818;0;0;0;0;5128889;2386352;0;0;0;0;7.6;3.5;0.0;0.0;0.0;0.0
FR;0;2021-03-13;231445;21242;0;0;0;0;5360334;2407594;0;0;0;0;7.9;3.6;0.0;0.0;0.0;0.0
FR;0;2021-03-14;63365;5068;0;0;0;0;5423699;2412662;0;0;0;0;8.0;3.6;0.0;0.0;0.0;0.0
FR;0;2021-03-15;158701;36140;0;0;0;0;5582400;2448802;0;0;0;0;8.2;3.6;0.0;0.0;0.0;0.0
FR;0;2021-03-16;141599;42967;0;0;0;0;5723999;2491769;0;0;0;0;8.5;3.7;0.0;0.0;0.0;0.0
FR;0;2021-03-17;150519;42350;0;0;0;0;5874518;2534119;0;0;0;0;8.7;3.7;0.0;0.0;0.0;0.0
FR;0;2021-03-18;167873;49888;0;0;0;0;6042391;2584007;0;0;0;0;8.9;3.8;0.0;0.0;0.0;0.0
FR;0;2021-03-19;230057;44106;0;0;0;0;6272448;2628113;0;0;0;0;9.3;3.9;0.0;0.0;0.0;0.0
FR;0;2021-03-20;166721;16009;0;0;0;0;6439169;2644122;0;0;0;0;9.5;3.9;0.0;0.0;0.0;0.0
FR;0;2021-03-21;49960;3887;0;0;0;0;6489129;2648009;0;0;0;0;9.6;3.9;0.0;0.0;0.0;0.0
FR;0;2021-03-22;170085;39038;0;0;0;0;6659214;2687047;0;0;0;0;9.8;4.0;0.0;0.0;0.0;0.0
FR;0;2021-03-23;250442;50210;0;0;0;0;6909656;2737257;0;0;0;0;10.2;4.0;0.0;0.0;0.0;0.0
FR;0;2021-03-24;256953;51699;0;0;0;0;7166609;2788956;0;0;0;0;10.6;4.1;0.0;0.0;0.0;0.0
FR;0;2021-03-25;341877;56293;0;0;0;0;7508486;2845249;0;0;0;0;11.1;4.2;0.0;0.0;0.0;0.0
FR;0;2021-03-26;358851;53547;0;0;0;0;7867337;2898796;0;0;0;0;11.6;4.3;0.0;0.0;0.0;0.0
FR;0;2021-03-27;195297;23398;0;0;0;0;8062634;2922194;0;0;0;0;11.9;4.3;0.0;0.0;0.0;0.0
FR;0;2021-03-28;59361;6652;0;0;0;0;8121995;2928846;0;0;0;0;12.0;4.3;0.0;0.0;0.0;0.0
FR;0;2021-03-29;203028;60154;0;0;0;0;8325023;2989000;0;0;0;0;12.3;4.4;0.0;0.0;0.0;0.0
FR;0;2021-03-30;285550;80456;0;0;0;0;8610573;3069456;0;0;0;0;12.7;4.5;0.0;0.0;0.0;0.0
FR;0;2021-03-31;263083;84734;0;0;0;0;8873656;3154190;0;0;0;0;13.1;4.7;0.0;0.0;0.0;0.0
FR;0;2021-04-01;315587;106413;0;0;0;0;9189243;3260603;0;0;0;0;13.6;4.8;0.0;0.0;0.0;0.0
FR;0;2021-04-02;281385;106651;0;0;0;0;9470628;3367254;0;0;0;0;14.0;5.0;0.0;0.0;0.0;0.0
FR;0;2021-04-03;141097;67884;0;0;0;0;9611725;3435138;0;0;0;0;14.2;5.1;0.0;0.0;0.0;0.0
FR;0;2021-04-04;46552;21077;0;0;0;0;9658277;3456215;0;0;0;0;14.3;5.1;0.0;0.0;0.0;0.0
FR;0;2021-04-05;63373;13059;0;0;0;0;9721650;3469274;0;0;0;0;14.4;5.1;0.0;0.0;0.0;0.0
FR;0;2021-04-06;217276;122028;0;0;0;0;9938926;3591302;0;0;0;0;14.7;5.3;0.0;0.0;0.0;0.0
FR;0;2021-04-07;260325;126648;0;0;0;0;10199251;3717950;0;0;0;0;15.1;5.5;0.0;0.0;0.0;0.0
FR;0;2021-04-08;337917;138865;0;0;0;0;10537168;3856815;0;0;0;0;15.6;5.7;0.0;0.0;0.0;0.0
FR;0;2021-04-09;410245;134295;0;0;0;0;10947413;3991110;0;0;0;0;16.2;5.9;0.0;0.0;0.0;0.0
FR;0;2021-04-10;212666;91272;0;0;0;0;11160079;4082382;0;0;0;0;16.5;6.0;0.0;0.0;0.0;0.0
FR;0;2021-04-11;56162;36705;0;0;0;0;11216241;4119087;0;0;0;0;16.6;6.1;0.0;0.0;0.0;0.0
FR;0;2021-04-12;237130;125444;0;0;0;0;11453371;4244531;0;0;0;0;16.9;6.3;0.0;0.0;0.0;0.0
FR;0;2021-04-13;309558;157113;0;0;0;0;11762929;4401644;0;0;0;0;17.4;6.5;0.0;0.0;0.0;0.0
FR;0;2021-04-14;294609;153247;0;0;0;0;12057538;4554891;0;0;0;0;17.8;6.7;0.0;0.0;0.0;0.0
FR;0;2021-04-15;337206;166100;0;0;0;0;12394744;4720991;0;0;0;0;18.3;7.0;0.0;0.0;0.0;0.0
FR;0;2021-04-16;339362;161701;0;0;0;0;12734106;4882692;0;0;0;0;18.8;7.2;0.0;0.0;0.0;0.0
FR;0;2021-04-17;188689;97683;0;0;0;0;12922795;4980375;0;0;0;0;19.1;7.4;0.0;0.0;0.0;0.0
FR;0;2021-04-18;51645;37881;0;0;0;0;12974440;5018256;0;0;0;0;19.2;7.4;0.0;0.0;0.0;0.0
FR;0;2021-04-19;205752;147464;0;0;0;0;13180192;5165720;0;0;0;0;19.5;7.6;0.0;0.0;0.0;0.0
FR;0;2021-04-20;254497;183713;0;0;0;0;13434689;5349433;0;0;0;0;19.9;7.9;0.0;0.0;0.0;0.0
FR;0;2021-04-21;253347;182271;0;0;0;0;13688036;5531704;0;0;0;0;20.2;8.2;0.0;0.0;0.0;0.0
FR;0;2021-04-22;287635;205065;0;0;0;0;13975671;5736769;0;0;0;0;20.7;8.5;0.0;0.0;0.0;0.0
FR;0;2021-04-23;297684;203508;0;0;0;0;14273355;5940277;0;0;0;0;21.1;8.8;0.0;0.0;0.0;0.0
FR;0;2021-04-24;190483;122514;0;0;0;0;14463838;6062791;0;0;0;0;21.4;9.0;0.0;0.0;0.0;0.0
FR;0;2021-04-25;69580;42590;0;0;0;0;14533418;6105381;0;0;0;0;21.5;9.0;0.0;0.0;0.0;0.0
FR;0;2021-04-26;221007;171909;0;0;0;0;14754425;6277290;0;0;0;0;21.8;9.3;0.0;0.0;0.0;0.0
FR;0;2021-04-27;284658;211387;0;0;0;0;15039083;6488677;0;0;0;0;22.2;9.6;0.0;0.0;0.0;0.0
FR;0;2021-04-28;299598;209816;1;0;0;0;15338681;6698493;1;0;0;0;22.7;9.9;0.0;0.0;0.0;0.0
FR;0;2021-04-29;357220;233421;0;0;0;0;15695901;6931914;1;0;0;0;23.2;10.2;0.0;0.0;0.0;0.0
FR;0;2021-04-30;372271;225495;0;0;0;0;16068172;7157409;1;0;0;0;23.7;10.6;0.0;0.0;0.0;0.0
FR;0;2021-05-01;167680;63784;0;0;0;0;16235852;7221193;1;0;0;0;24.0;10.7;0.0;0.0;0.0;0.0
FR;0;2021-05-02;91771;43598;0;0;0;0;16327623;7264791;1;0;0;0;24.1;10.7;0.0;0.0;0.0;0.0
FR;0;2021-05-03;288988;185618;0;0;0;0;16616611;7450409;1;0;0;0;24.6;11.0;0.0;0.0;0.0;0.0
FR;0;2021-05-04;315761;251818;0;0;0;0;16932372;7702227;1;0;0;0;25.0;11.4;0.0;0.0;0.0;0.0
FR;0;2021-05-05;327323;251771;0;0;0;0;17259695;7953998;1;0;0;0;25.5;11.8;0.0;0.0;0.0;0.0
FR;0;2021-05-06;379658;275547;0;0;0;0;17639353;8229545;1;0;0;0;26.1;12.2;0.0;0.0;0.0;0.0
FR;0;2021-05-07;372838;299980;0;0;0;0;18012191;8529525;1;0;0;0;26.6;12.6;0.0;0.0;0.0;0.0
FR;0;2021-05-08;222192;86740;0;0;0;0;18234383;8616265;1;0;0;0;26.9;12.7;0.0;0.0;0.0;0.0
FR;0;2021-05-09;129735;53123;0;0;0;0;18364118;8669388;1;0;0;0;27.1;12.8;0.0;0.0;0.0;0.0
FR;0;2021-05-10;313436;255522;0;0;0;0;18677554;8924910;1;0;0;0;27.6;13.2;0.0;0.0;0.0;0.0
FR;0;2021-05-11;403988;296884;0;0;0;0;19081542;9221794;1;0;0;0;28.2;13.6;0.0;0.0;0.0;0.0
FR;0;2021-05-12;434234;270184;0;0;0;0;19515776;9491978;1;0;0;0;28.8;14.0;0.0;0.0;0.0;0.0
FR;0;2021-05-13;338644;77926;0;0;0;0;19854420;9569904;1;0;0;0;29.3;14.1;0.0;0.0;0.0;0.0
FR;0;2021-05-14;454194;203114;0;0;0;0;20308614;9773018;1;0;0;0;30.0;14.4;0.0;0.0;0.0;0.0
FR;0;2021-05-15;375023;120802;0;0;0;0;20683637;9893820;1;0;0;0;30.6;14.6;0.0;0.0;0.0;0.0
FR;0;2021-05-16;202779;34096;0;0;0;0;20886416;9927916;1;0;0;0;30.9;14.7;0.0;0.0;0.0;0.0
FR;0;2021-05-17;376171;178671;0;0;0;0;21262587;10106587;1;0;0;0;31.4;14.9;0.0;0.0;0.0;0.0
FR;0;2021-05-18;460233;193311;0;0;0;0;21722820;10299898;1;0;0;0;32.1;15.2;0.0;0.0;0.0;0.0
FR;0;2021-05-19;467483;179842;0;0;0;0;22190303;10479740;1;0;0;0;32.8;15.5;0.0;0.0;0.0;0.0
FR;0;2021-05-20;507610;204204;0;0;0;0;22697913;10683944;1;0;0;0;33.5;15.8;0.0;0.0;0.0;0.0
FR;0;2021-05-21;489737;221811;0;0;0;0;23187650;10905755;1;0;0;0;34.3;16.1;0.0;0.0;0.0;0.0
FR;0;2021-05-22;347231;108682;0;0;0;0;23534881;11014437;1;0;0;0;34.8;16.3;0.0;0.0;0.0;0.0
FR;0;2021-05-23;161720;26680;0;0;0;0;23696601;11041117;1;0;0;0;35.0;16.3;0.0;0.0;0.0;0.0
FR;0;2021-05-24;263223;52945;0;0;0;0;23959824;11094062;1;0;0;0;35.4;16.4;0.0;0.0;0.0;0.0
FR;0;2021-05-25;400322;227030;0;0;0;0;24360146;11321092;1;0;0;0;36.0;16.7;0.0;0.0;0.0;0.0
FR;0;2021-05-26;413524;229357;0;0;0;0;24773670;11550449;1;0;0;0;36.6;17.1;0.0;0.0;0.0;0.0
FR;0;2021-05-27;449888;267258;0;0;0;0;25223558;11817707;1;0;0;0;37.3;17.5;0.0;0.0;0.0;0.0
FR;0;2021-05-28;429618;319254;0;0;0;0;25653176;12136961;1;0;0;0;37.9;17.9;0.0;0.0;0.0;0.0
FR;0;2021-05-29;299010;183390;0;0;0;0;25952186;12320351;1;0;0;0;38.3;18.2;0.0;0.0;0.0;0.0
FR;0;2021-05-30;107156;42087;0;0;0;0;26059342;12362438;1;0;0;0;38.5;18.3;0.0;0.0;0.0;0.0
FR;0;2021-05-31;358084;241779;1;0;0;0;26417426;12604217;2;0;0;0;39.0;18.6;0.0;0.0;0.0;0.0
FR;0;2021-06-01;431169;302938;1;0;0;0;26848595;12907155;3;0;0;0;39.7;19.1;0.0;0.0;0.0;0.0
FR;0;2021-06-02;420196;280195;0;0;0;0;27268791;13187350;3;0;0;0;40.3;19.5;0.0;0.0;0.0;0.0
FR;0;2021-06-03;465724;312546;0;0;0;0;27734515;13499896;3;0;0;0;41.0;19.9;0.0;0.0;0.0;0.0
FR;0;2021-06-04;456313;363322;1;0;0;0;28190828;13863218;4;0;0;0;41.7;20.5;0.0;0.0;0.0;0.0
FR;0;2021-06-05;304842;222796;0;0;0;0;28495670;14086014;4;0;0;0;42.1;20.8;0.0;0.0;0.0;0.0
FR;0;2021-06-06;133344;61159;0;0;0;0;28629014;14147173;4;0;0;0;42.3;20.9;0.0;0.0;0.0;0.0
FR;0;2021-06-07;340029;298606;0;0;0;0;28969043;14445779;4;0;0;0;42.8;21.3;0.0;0.0;0.0;0.0
FR;0;2021-06-08;393974;338283;0;0;0;0;29363017;14784062;4;0;0;0;43.4;21.8;0.0;0.0;0.0;0.0
FR;0;2021-06-09;384977;318165;0;0;0;0;29747994;15102227;4;0;0;0;44.0;22.3;0.0;0.0;0.0;0.0
FR;0;2021-06-10;404264;335721;0;0;0;0;30152258;15437948;4;0;0;0;44.6;22.8;0.0;0.0;0.0;0.0
FR;0;2021-06-11;386737;406981;0;0;0;0;30538995;15844929;4;0;0;0;45.1;23.4;0.0;0.0;0.0;0.0
FR;0;2021-06-12;283301;243140;0;0;0;0;30822296;16088069;4;0;0;0;45.5;23.8;0.0;0.0;0.0;0.0
FR;0;2021-06-13;104907;84835;0;0;0;0;30927203;16172904;4;0;0;0;45.7;23.9;0.0;0.0;0.0;0.0
FR;0;2021-06-14;240894;383225;0;0;0;0;31168097;16556129;4;0;0;0;46.1;24.5;0.0;0.0;0.0;0.0
FR;0;2021-06-15;308241;423111;0;0;0;0;31476338;16979240;4;0;0;0;46.5;25.1;0.0;0.0;0.0;0.0
FR;0;2021-06-16;314028;395376;0;0;0;0;31790366;17374616;4;0;0;0;47.0;25.7;0.0;0.0;0.0;0.0
FR;0;2021-06-17;317745;414367;0;0;0;0;32108111;17788983;4;0;0;0;47.4;26.3;0.0;0.0;0.0;0.0
FR;0;2021-06-18;321786;486000;0;0;0;0;32429897;18274983;4;0;0;0;47.9;27.0;0.0;0.0;0.0;0.0
FR;0;2021-06-19;224368;301219;0;0;0;0;32654265;18576202;4;0;0;0;48.3;27.4;0.0;0.0;0.0;0.0
FR;0;2021-06-20;74459;111479;0;0;0;0;32728724;18687681;4;0;0;0;48.4;27.6;0.0;0.0;0.0;0.0
FR;0;2021-06-21;195821;427726;1;0;0;0;32924545;19115407;5;0;0;0;48.6;28.2;0.0;0.0;0.0;0.0
FR;0;2021-06-22;223250;500506;1;0;0;0;33147795;19615913;6;0;0;0;49.0;29.0;0.0;0.0;0.0;0.0
FR;0;2021-06-23;234087;474268;1;0;0;0;33381882;20090181;7;0;0;0;49.3;29.7;0.0;0.0;0.0;0.0
FR;0;2021-06-24;241909;447277;0;0;0;0;33623791;20537458;7;0;0;0;49.7;30.3;0.0;0.0;0.0;0.0
FR;0;2021-06-25;227678;562088;0;0;0;0;33851469;21099546;7;0;0;0;50.0;31.2;0.0;0.0;0.0;0.0
FR;0;2021-06-26;153296;395907;0;0;0;0;34004765;21495453;7;0;0;0;50.2;31.8;0.0;0.0;0.0;0.0
FR;0;2021-06-27;55925;164851;0;0;0;0;34060690;21660304;7;0;0;0;50.3;32.0;0.0;0.0;0.0;0.0
FR;0;2021-06-28;154813;478128;0;0;0;0;34215503;22138432;7;0;0;0;50.6;32.7;0.0;0.0;0.0;0.0
FR;0;2021-06-29;182754;539234;0;0;0;0;34398257;22677666;7;0;0;0;50.8;33.5;0.0;0.0;0.0;0.0
FR;0;2021-06-30;204047;519529;1;0;0;0;34602304;23197195;8;0;0;0;51.1;34.3;0.0;0.0;0.0;0.0
FR;0;2021-07-01;231467;498518;0;0;0;0;34833771;23695713;8;0;0;0;51.5;35.0;0.0;0.0;0.0;0.0
FR;0;2021-07-02;228706;562334;2;0;0;0;35062477;24258047;10;0;0;0;51.8;35.8;0.0;0.0;0.0;0.0
FR;0;2021-07-03;142060;395245;1;0;0;0;35204537;24653292;11;0;0;0;52.0;36.4;0.0;0.0;0.0;0.0
FR;0;2021-07-04;56765;150696;0;0;0;0;35261302;24803988;11;0;0;0;52.1;36.7;0.0;0.0;0.0;0.0
FR;0;2021-07-05;168555;448583;0;0;0;0;35429857;25252571;11;0;0;0;52.4;37.3;0.0;0.0;0.0;0.0
FR;0;2021-07-06;196812;511119;8;0;0;0;35626669;25763690;19;0;0;0;52.6;38.1;0.0;0.0;0.0;0.0
FR;0;2021-07-07;213258;477426;2;0;0;0;35839927;26241116;21;0;0;0;53.0;38.8;0.0;0.0;0.0;0.0
FR;0;2021-07-08;231680;468068;2;0;0;0;36071607;26709184;23;0;0;0;53.3;39.5;0.0;0.0;0.0;0.0
FR;0;2021-07-09;228644;557353;1;0;0;0;36300251;27266537;24;0;0;0;53.6;40.3;0.0;0.0;0.0;0.0
FR;0;2021-07-10;148640;368867;0;0;0;0;36448891;27635404;24;0;0;0;53.9;40.8;0.0;0.0;0.0;0.0
FR;0;2021-07-11;60217;120957;0;0;0;0;36509108;27756361;24;0;0;0;53.9;41.0;0.0;0.0;0.0;0.0
FR;0;2021-07-12;169444;512423;0;0;0;0;36678552;28268784;24;0;0;0;54.2;41.8;0.0;0.0;0.0;0.0
FR;0;2021-07-13;287312;585623;0;0;0;0;36965864;28854407;24;0;0;0;54.6;42.6;0.0;0.0;0.0;0.0
FR;0;2021-07-14;181123;186637;0;0;0;0;37146987;29041044;24;0;0;0;54.9;42.9;0.0;0.0;0.0;0.0
FR;0;2021-07-15;347131;571553;0;0;0;0;37494118;29612597;24;0;0;0;55.4;43.8;0.0;0.0;0.0;0.0
FR;0;2021-07-16;380125;574119;1;0;0;0;37874243;30186716;25;0;0;0;56.0;44.6;0.0;0.0;0.0;0.0
FR;0;2021-07-17;259757;368585;0;0;0;0;38134000;30555301;25;0;0;0;56.3;45.1;0.0;0.0;0.0;0.0
FR;0;2021-07-18;109747;132999;0;0;0;0;38243747;30688300;25;0;0;0;56.5;45.3;0.0;0.0;0.0;0.0
FR;0;2021-07-19;285528;478874;0;0;0;0;38529275;31167174;25;0;0;0;56.9;46.1;0.0;0.0;0.0;0.0
FR;0;2021-07-20;376946;523530;0;0;0;0;38906221;31690704;25;0;0;0;57.5;46.8;0.0;0.0;0.0;0.0
FR;0;2021-07-21;395847;481800;1;0;0;0;39302068;32172504;26;0;0;0;58.1;47.5;0.0;0.0;0.0;0.0
FR;0;2021-07-22;441094;471766;1;0;0;0;39743162;32644270;27;0;0;0;58.7;48.2;0.0;0.0;0.0;0.0
FR;0;2021-07-23;440353;509907;1;0;0;0;40183515;33154177;28;0;0;0;59.4;49.0;0.0;0.0;0.0;0.0
FR;0;2021-07-24;285264;321989;0;0;0;0;40468779;33476166;28;0;0;0;59.8;49.5;0.0;0.0;0.0;0.0
FR;0;2021-07-25;121130;100272;0;0;0;0;40589909;33576438;28;0;0;0;60.0;49.6;0.0;0.0;0.0;0.0
FR;0;2021-07-26;347455;384677;1;0;0;0;40937364;33961115;29;0;0;0;60.5;50.2;0.0;0.0;0.0;0.0
FR;0;2021-07-27;464124;400403;1;0;0;0;41401488;34361518;30;0;0;0;61.2;50.8;0.0;0.0;0.0;0.0
FR;0;2021-07-28;459485;366978;1;0;0;0;41860973;34728496;31;0;0;0;61.9;51.3;0.0;0.0;0.0;0.0
FR;0;2021-07-29;489869;356963;0;0;0;0;42350842;35085459;31;0;0;0;62.6;51.8;0.0;0.0;0.0;0.0
FR;0;2021-07-30;461863;380803;1;0;0;0;42812705;35466262;32;0;0;0;63.3;52.4;0.0;0.0;0.0;0.0
FR;0;2021-07-31;285426;231505;0;0;0;0;43098131;35697767;32;0;0;0;63.7;52.7;0.0;0.0;0.0;0.0
FR;0;2021-08-01;112056;65685;0;0;0;0;43210187;35763452;32;0;0;0;63.8;52.8;0.0;0.0;0.0;0.0
FR;0;2021-08-02;341681;284711;0;0;0;0;43551868;36048163;32;0;0;0;64.4;53.3;0.0;0.0;0.0;0.0
FR;0;2021-08-03;398648;304491;1;0;0;0;43950516;36352654;33;0;0;0;64.9;53.7;0.0;0.0;0.0;0.0
FR;0;2021-08-04;384887;265628;3;0;0;0;44335403;36618282;36;0;0;0;65.5;54.1;0.0;0.0;0.0;0.0
FR;0;2021-08-05;366208;281715;0;0;0;0;44701611;36899997;36;0;0;0;66.1;54.5;0.0;0.0;0.0;0.0
FR;0;2021-08-06;359762;326583;0;0;0;0;45061373;37226580;36;0;0;0;66.6;55.0;0.0;0.0;0.0;0.0
FR;0;2021-08-07;213153;210039;1;0;0;0;45274526;37436619;37;0;0;0;66.9;55.3;0.0;0.0;0.0;0.0
FR;0;2021-08-08;74213;73621;0;0;0;0;45348739;37510240;37;0;0;0;67.0;55.4;0.0;0.0;0.0;0.0
FR;0;2021-08-09;258780;297472;2;0;0;0;45607519;37807712;39;0;0;0;67.4;55.9;0.0;0.0;0.0;0.0
FR;0;2021-08-10;306900;323418;0;0;0;0;45914419;38131130;39;0;0;0;67.8;56.3;0.0;0.0;0.0;0.0
FR;0;2021-08-11;279770;301601;0;0;0;0;46194189;38432731;39;0;0;0;68.3;56.8;0.0;0.0;0.0;0.0
FR;0;2021-08-12;271575;320250;0;0;0;0;46465764;38752981;39;0;0;0;68.7;57.3;0.0;0.0;0.0;0.0
FR;0;2021-08-13;252181;316947;2;0;0;0;46717945;39069928;41;0;0;0;69.0;57.7;0.0;0.0;0.0;0.0
FR;0;2021-08-14;145366;218979;0;0;0;0;46863311;39288907;41;0;0;0;69.2;58.1;0.0;0.0;0.0;0.0
FR;0;2021-08-15;39403;55668;0;0;0;0;46902714;39344575;41;0;0;0;69.3;58.1;0.0;0.0;0.0;0.0
FR;0;2021-08-16;186198;345378;0;0;0;0;47088912;39689953;41;0;0;0;69.6;58.6;0.0;0.0;0.0;0.0
FR;0;2021-08-17;215721;368821;0;0;0;0;47304633;40058774;41;0;0;0;69.9;59.2;0.0;0.0;0.0;0.0
FR;0;2021-08-18;199083;354528;3;0;0;0;47503716;40413302;44;0;0;0;70.2;59.7;0.0;0.0;0.0;0.0
FR;0;2021-08-19;192053;355946;0;0;0;0;47695769;40769248;44;0;0;0;70.5;60.2;0.0;0.0;0.0;0.0
FR;0;2021-08-20;186495;396598;2;0;0;0;47882264;41165846;46;0;0;0;70.8;60.8;0.0;0.0;0.0;0.0
FR;0;2021-08-21;104816;254561;0;0;0;0;47987080;41420407;46;0;0;0;70.9;61.2;0.0;0.0;0.0;0.0
FR;0;2021-08-22;31950;92162;1;0;0;0;48019030;41512569;47;0;0;0;71.0;61.3;0.0;0.0;0.0;0.0
FR;0;2021-08-23;141003;379588;0;0;0;0;48160033;41892157;47;0;0;0;71.2;61.9;0.0;0.0;0.0;0.0
FR;0;2021-08-24;162524;402814;0;0;0;0;48322557;42294971;47;0;0;0;71.4;62.5;0.0;0.0;0.0;0.0
FR;0;2021-08-25;151165;375393;2;0;0;0;48473722;42670364;49;0;0;0;71.6;63.1;0.0;0.0;0.0;0.0
FR;0;2021-08-26;142899;367561;0;0;0;0;48616621;43037925;49;0;0;0;71.8;63.6;0.0;0.0;0.0;0.0
FR;0;2021-08-27;148458;414864;1;0;0;0;48765079;43452789;50;0;0;0;72.1;64.2;0.0;0.0;0.0;0.0
FR;0;2021-08-28;90682;264964;0;0;0;0;48855761;43717753;50;0;0;0;72.2;64.6;0.0;0.0;0.0;0.0
FR;0;2021-08-29;27325;88273;0;0;0;0;48883086;43806026;50;0;0;0;72.2;64.7;0.0;0.0;0.0;0.0
FR;0;2021-08-30;117432;342387;5830;0;0;0;49000518;44148413;5880;0;0;0;72.4;65.2;0.0;0.0;0.0;0.0
FR;0;2021-08-31;128835;353926;11764;2;0;0;49129353;44502339;17644;2;0;0;72.6;65.8;0.0;0.0;0.0;0.0
FR;0;2021-09-01;136169;302401;24412;1;0;0;49265522;44804740;42056;3;0;0;72.8;66.2;0.1;0.0;0.0;0.0
FR;0;2021-09-02;114655;262098;29009;0;0;0;49380177;45066838;71065;3;0;0;73.0;66.6;0.1;0.0;0.0;0.0
FR;0;2021-09-03;118331;309304;33076;1;0;0;49498508;45376142;104141;4;0;0;73.1;67.0;0.2;0.0;0.0;0.0
FR;0;2021-09-04;89894;230487;14157;7;0;0;49588402;45606629;118298;11;0;0;73.3;67.4;0.2;0.0;0.0;0.0
FR;0;2021-09-05;21367;48279;4714;0;0;0;49609769;45654908;123012;11;0;0;73.3;67.5;0.2;0.0;0.0;0.0
FR;0;2021-09-06;75702;190660;34305;2;0;0;49685471;45845568;157317;13;0;0;73.4;67.7;0.2;0.0;0.0;0.0
FR;0;2021-09-07;80317;191036;36321;2;0;0;49765788;46036604;193638;15;0;0;73.5;68.0;0.3;0.0;0.0;0.0
FR;0;2021-09-08;91014;216567;32572;4;0;0;49856802;46253171;226210;19;0;0;73.7;68.3;0.3;0.0;0.0;0.0
FR;0;2021-09-09;76986;174119;36699;5;0;0;49933788;46427290;262909;24;0;0;73.8;68.6;0.4;0.0;0.0;0.0
FR;0;2021-09-10;96051;214897;40790;7;0;0;50029839;46642187;303699;31;0;0;73.9;68.9;0.4;0.0;0.0;0.0
FR;0;2021-09-11;67169;178184;14414;0;0;0;50097008;46820371;318113;31;0;0;74.0;69.2;0.5;0.0;0.0;0.0
FR;0;2021-09-12;12830;34139;3190;2;0;0;50109838;46854510;321303;33;0;0;74.0;69.2;0.5;0.0;0.0;0.0
FR;0;2021-09-13;64581;134168;44267;17;0;0;50174419;46988678;365570;50;0;0;74.1;69.4;0.5;0.0;0.0;0.0
FR;0;2021-09-14;73504;135745;62458;39;0;0;50247923;47124423;428028;89;0;0;74.2;69.6;0.6;0.0;0.0;0.0
FR;0;2021-09-15;76668;174677;54852;76;0;0;50324591;47299100;482880;165;0;0;74.4;69.9;0.7;0.0;0.0;0.0
FR;0;2021-09-16;63898;117880;60179;59;0;0;50388489;47416980;543059;224;0;0;74.5;70.1;0.8;0.0;0.0;0.0
FR;0;2021-09-17;75093;159726;57366;67;0;0;50463582;47576706;600425;291;0;0;74.6;70.3;0.9;0.0;0.0;0.0
FR;0;2021-09-18;48244;144317;17321;20;0;0;50511826;47721023;617746;311;0;0;74.6;70.5;0.9;0.0;0.0;0.0
FR;0;2021-09-19;7908;24875;2619;1;0;0;50519734;47745898;620365;312;0;0;74.6;70.6;0.9;0.0;0.0;0.0
FR;0;2021-09-20;44580;96241;50346;34;0;0;50564314;47842139;670711;346;0;0;74.7;70.7;1.0;0.0;0.0;0.0
FR;0;2021-09-21;45918;98384;63506;79;0;0;50610232;47940523;734217;425;0;0;74.8;70.8;1.1;0.0;0.0;0.0
FR;0;2021-09-22;48711;144842;55496;46;0;0;50658943;48085365;789713;471;0;0;74.9;71.1;1.2;0.0;0.0;0.0
FR;0;2021-09-23;43298;91269;63589;86;0;0;50702241;48176634;853302;557;0;0;74.9;71.2;1.3;0.0;0.0;0.0
FR;0;2021-09-24;52324;132387;59234;77;0;0;50754565;48309021;912536;634;0;0;75.0;71.4;1.3;0.0;0.0;0.0
FR;0;2021-09-25;35225;118647;18319;22;0;0;50789790;48427668;930855;656;0;0;75.0;71.6;1.4;0.0;0.0;0.0
FR;0;2021-09-26;5561;18691;2331;5;0;0;50795351;48446359;933186;661;0;0;75.1;71.6;1.4;0.0;0.0;0.0
FR;0;2021-09-27;33988;78781;48206;80;0;1;50829339;48525140;981392;741;0;1;75.1;71.7;1.5;0.0;0.0;0.0
FR;0;2021-09-28;36524;74326;56604;44;0;0;50865863;48599466;1037996;785;0;1;75.2;71.8;1.5;0.0;0.0;0.0
FR;0;2021-09-29;44426;102843;54911;41;0;0;50910289;48702309;1092907;826;0;1;75.2;72.0;1.6;0.0;0.0;0.0
FR;0;2021-09-30;36349;71482;59614;57;0;0;50946638;48773791;1152521;883;0;1;75.3;72.1;1.7;0.0;0.0;0.0
FR;0;2021-10-01;61720;101413;64020;23;0;0;51008358;48875204;1216541;906;0;1;75.4;72.2;1.8;0.0;0.0;0.0
FR;0;2021-10-02;39473;81737;23386;12;0;0;51047831;48956941;1239927;918;0;1;75.4;72.3;1.8;0.0;0.0;0.0
FR;0;2021-10-03;5290;11255;2542;4;0;0;51053121;48968196;1242469;922;0;1;75.4;72.4;1.8;0.0;0.0;0.0
FR;0;2021-10-04;35208;59500;54860;37;0;0;51088329;49027696;1297329;959;0;1;75.5;72.4;1.9;0.0;0.0;0.0
FR;0;2021-10-05;33937;62111;65122;47;0;0;51122266;49089807;1362451;1006;0;1;75.5;72.5;2.0;0.0;0.0;0.0
FR;0;2021-10-06;42728;80184;68386;28;0;0;51164994;49169991;1430837;1034;0;1;75.6;72.7;2.1;0.0;0.0;0.0
FR;0;2021-10-07;30577;59498;68900;37;0;0;51195571;49229489;1499737;1071;0;1;75.6;72.7;2.2;0.0;0.0;0.0
FR;0;2021-10-08;49486;89884;84806;39;0;0;51245057;49319373;1584543;1110;0;1;75.7;72.9;2.3;0.0;0.0;0.0
FR;0;2021-10-09;33677;64141;33933;17;0;0;51278734;49383514;1618476;1127;0;1;75.8;73.0;2.4;0.0;0.0;0.0
FR;0;2021-10-10;4722;7940;3475;2;0;0;51283456;49391454;1621951;1129;0;1;75.8;73.0;2.4;0.0;0.0;0.0
FR;0;2021-10-11;30736;50603;64120;46;0;0;51314192;49442057;1686071;1175;0;1;75.8;73.1;2.5;0.0;0.0;0.0
FR;0;2021-10-12;31651;51309;76051;27;0;0;51345843;49493366;1762122;1202;0;1;75.9;73.1;2.6;0.0;0.0;0.0
FR;0;2021-10-13;40168;62797;79398;29;0;1;51386011;49556163;1841520;1231;0;2;75.9;73.2;2.7;0.0;0.0;0.0
FR;0;2021-10-14;30364;49694;73871;31;0;0;51416375;49605857;1915391;1262;0;2;76.0;73.3;2.8;0.0;0.0;0.0
FR;0;2021-10-15;44961;70334;103057;26;0;0;51461336;49676191;2018448;1288;0;2;76.0;73.4;3.0;0.0;0.0;0.0
FR;0;2021-10-16;31335;46700;39650;15;0;0;51492671;49722891;2058098;1303;0;2;76.1;73.5;3.0;0.0;0.0;0.0
FR;0;2021-10-17;3898;5677;3674;4;0;0;51496569;49728568;2061772;1307;0;2;76.1;73.5;3.0;0.0;0.0;0.0
FR;0;2021-10-18;29217;42559;71384;27;0;0;51525786;49771127;2133156;1334;0;2;76.1;73.5;3.2;0.0;0.0;0.0
FR;0;2021-10-19;27196;43201;81679;43;0;0;51552982;49814328;2214835;1377;0;2;76.2;73.6;3.3;0.0;0.0;0.0
FR;0;2021-10-20;35347;51808;101582;44;0;0;51588329;49866136;2316417;1421;0;2;76.2;73.7;3.4;0.0;0.0;0.0
FR;0;2021-10-21;26169;41971;89195;30;0;0;51614498;49908107;2405612;1451;0;2;76.3;73.7;3.6;0.0;0.0;0.0
FR;0;2021-10-22;38450;59354;112654;61;0;0;51652948;49967461;2518266;1512;0;2;76.3;73.8;3.7;0.0;0.0;0.0
FR;0;2021-10-23;27034;42426;48637;14;0;0;51679982;50009887;2566903;1526;0;2;76.4;73.9;3.8;0.0;0.0;0.0
FR;0;2021-10-24;2947;5014;3923;1;0;0;51682929;50014901;2570826;1527;0;2;76.4;73.9;3.8;0.0;0.0;0.0
FR;0;2021-10-25;26110;35481;86681;38;0;0;51709039;50050382;2657507;1565;0;2;76.4;74.0;3.9;0.0;0.0;0.0
FR;0;2021-10-26;23770;32158;92413;35;0;0;51732809;50082540;2749920;1600;0;2;76.4;74.0;4.1;0.0;0.0;0.0
FR;0;2021-10-27;30116;44036;114753;48;0;0;51762925;50126576;2864673;1648;0;2;76.5;74.1;4.2;0.0;0.0;0.0
FR;0;2021-10-28;23611;31193;94544;35;0;0;51786536;50157769;2959217;1683;0;2;76.5;74.1;4.4;0.0;0.0;0.0
FR;0;2021-10-29;31590;46497;125437;52;0;0;51818126;50204266;3084654;1735;0;2;76.6;74.2;4.6;0.0;0.0;0.0
FR;0;2021-10-30;20578;32918;53430;20;0;0;51838704;50237184;3138084;1755;0;2;76.6;74.2;4.6;0.0;0.0;0.0
FR;0;2021-10-31;2519;3844;3881;3;0;0;51841223;50241028;3141965;1758;0;2;76.6;74.2;4.6;0.0;0.0;0.0
FR;0;2021-11-01;8544;5020;3587;10;0;0;51849767;50246048;3145552;1768;0;2;76.6;74.2;4.6;0.0;0.0;0.0
FR;0;2021-11-02;26387;36236;99674;44;0;1;51876154;50282284;3245226;1812;0;3;76.7;74.3;4.8;0.0;0.0;0.0
FR;0;2021-11-03;30134;43556;125912;62;0;0;51906288;50325840;3371138;1874;0;3;76.7;74.4;5.0;0.0;0.0;0.0
FR;0;2021-11-04;23824;31574;114483;46;0;0;51930112;50357414;3485621;1920;0;3;76.7;74.4;5.2;0.0;0.0;0.0
FR;0;2021-11-05;32422;44651;151469;54;0;0;51962534;50402065;3637090;1974;0;3;76.8;74.5;5.4;0.0;0.0;0.0
FR;0;2021-11-06;21554;32384;68353;26;0;0;51984088;50434449;3705443;2000;0;3;76.8;74.5;5.5;0.0;0.0;0.0
FR;0;2021-11-07;2430;3999;5598;7;0;0;51986518;50438448;3711041;2007;0;3;76.8;74.5;5.5;0.0;0.0;0.0
FR;0;2021-11-08;20634;30950;134364;50;0;0;52007152;50469398;3845405;2057;0;3;76.8;74.6;5.7;0.0;0.0;0.0
FR;0;2021-11-09;22443;32853;172362;65;0;0;52029595;50502251;4017767;2122;0;3;76.9;74.6;5.9;0.0;0.0;0.0
FR;0;2021-11-10;31621;44022;198890;91;0;0;52061216;50546273;4216657;2213;0;3;76.9;74.7;6.2;0.0;0.0;0.0
FR;0;2021-11-11;4750;5906;13982;17;0;0;52065966;50552179;4230639;2230;0;3;76.9;74.7;6.3;0.0;0.0;0.0
FR;0;2021-11-12;29104;41712;197506;86;0;0;52095070;50593891;4428145;2316;0;3;77.0;74.8;6.5;0.0;0.0;0.0
FR;0;2021-11-13;20357;28226;86355;44;0;0;52115427;50622117;4514500;2360;0;3;77.0;74.8;6.7;0.0;0.0;0.0
FR;0;2021-11-14;2367;3362;7847;9;0;0;52117794;50625479;4522347;2369;0;3;77.0;74.8;6.7;0.0;0.0;0.0
FR;0;2021-11-15;20525;27780;171652;77;0;0;52138319;50653259;4693999;2446;0;3;77.0;74.8;6.9;0.0;0.0;0.0
FR;0;2021-11-16;23675;27699;215191;115;0;1;52161994;50680958;4909190;2561;0;4;77.1;74.9;7.3;0.0;0.0;0.0
FR;0;2021-11-17;30545;36446;212974;98;0;0;52192539;50717404;5122164;2659;0;4;77.1;74.9;7.6;0.0;0.0;0.0
FR;0;2021-11-18;23460;29388;205744;94;0;0;52215999;50746792;5327908;2753;0;4;77.2;75.0;7.9;0.0;0.0;0.0
FR;0;2021-11-19;33696;39903;262312;147;0;0;52249695;50786695;5590220;2900;0;4;77.2;75.0;8.3;0.0;0.0;0.0
FR;0;2021-11-20;25426;29267;109768;43;0;0;52275121;50815962;5699988;2943;0;4;77.2;75.1;8.4;0.0;0.0;0.0
FR;0;2021-11-21;2666;3443;10609;19;0;0;52277787;50819405;5710597;2962;0;4;77.2;75.1;8.4;0.0;0.0;0.0
FR;0;2021-11-22;22824;18909;194924;90;0;0;52300611;50838314;5905521;3052;0;4;77.3;75.1;8.7;0.0;0.0;0.0
FR;0;2021-11-23;25738;24111;247987;85;0;0;52326349;50862425;6153508;3137;0;4;77.3;75.2;9.1;0.0;0.0;0.0
FR;0;2021-11-24;31823;34472;243364;80;0;0;52358172;50896897;6396872;3217;0;4;77.4;75.2;9.5;0.0;0.0;0.0
FR;0;2021-11-25;25654;25046;277941;112;0;0;52383826;50921943;6674813;3329;0;4;77.4;75.2;9.9;0.0;0.0;0.0
FR;0;2021-11-26;33256;37393;414798;172;0;0;52417082;50959336;7089611;3501;0;4;77.5;75.3;10.5;0.0;0.0;0.0
FR;0;2021-11-27;23508;28438;236787;135;0;0;52440590;50987774;7326398;3636;0;4;77.5;75.3;10.8;0.0;0.0;0.0
FR;0;2021-11-28;3528;4057;63332;42;0;0;52444118;50991831;7389730;3678;0;4;77.5;75.3;10.9;0.0;0.0;0.0
FR;0;2021-11-29;19449;23088;371913;178;0;0;52463567;51014919;7761643;3856;0;4;77.5;75.4;11.5;0.0;0.0;0.0
FR;0;2021-11-30;24789;26790;500939;291;0;0;52488356;51041709;8262582;4147;0;4;77.6;75.4;12.2;0.0;0.0;0.0
FR;0;2021-12-01;27401;31306;511449;304;0;0;52515757;51073015;8774031;4451;0;4;77.6;75.5;13.0;0.0;0.0;0.0
FR;0;2021-12-02;22133;20993;575060;309;0;0;52537890;51094008;9349091;4760;0;4;77.6;75.5;13.8;0.0;0.0;0.0
FR;0;2021-12-03;25582;34320;651331;343;0;0;52563472;51128328;10000422;5103;0;4;77.7;75.5;14.8;0.0;0.0;0.0
FR;0;2021-12-04;18342;25659;369891;197;0;0;52581814;51153987;10370313;5300;0;4;77.7;75.6;15.3;0.0;0.0;0.0
FR;0;2021-12-05;4158;4852;107050;92;0;0;52585972;51158839;10477363;5392;0;4;77.7;75.6;15.5;0.0;0.0;0.0
FR;0;2021-12-06;28452;25213;540116;387;0;0;52614424;51184052;11017479;5779;0;4;77.7;75.6;16.3;0.0;0.0;0.0
FR;0;2021-12-07;23569;28502;706604;416;0;0;52637993;51212554;11724083;6195;0;4;77.8;75.7;17.3;0.0;0.0;0.0
FR;0;2021-12-08;25527;34931;647777;439;0;0;52663520;51247485;12371860;6634;0;4;77.8;75.7;18.3;0.0;0.0;0.0
FR;0;2021-12-09;24087;28950;726834;463;0;0;52687607;51276435;13098694;7097;0;4;77.9;75.8;19.4;0.0;0.0;0.0
FR;0;2021-12-10;28079;37923;806404;472;0;1;52715686;51314358;13905098;7569;0;5;77.9;75.8;20.5;0.0;0.0;0.0
FR;0;2021-12-11;20255;29937;480485;343;0;0;52735941;51344295;14385583;7912;0;5;77.9;75.9;21.3;0.0;0.0;0.0
FR;0;2021-12-12;5685;6383;159236;108;0;0;52741626;51350678;14544819;8020;0;5;77.9;75.9;21.5;0.0;0.0;0.0
FR;0;2021-12-13;21372;29628;649470;397;0;0;52762998;51380306;15194289;8417;0;5;78.0;75.9;22.5;0.0;0.0;0.0
FR;0;2021-12-14;27991;35393;847811;701;0;1;52790989;51415699;16042100;9118;0;6;78.0;76.0;23.7;0.0;0.0;0.0
FR;0;2021-12-15;28458;39482;769317;503;0;1;52819447;51455181;16811417;9621;0;7;78.0;76.0;24.8;0.0;0.0;0.0
FR;0;2021-12-16;28058;35072;844701;516;0;0;52847505;51490253;17656118;10137;0;7;78.1;76.1;26.1;0.0;0.0;0.0
FR;0;2021-12-17;31665;43319;892197;611;0;0;52879170;51533572;18548315;10748;0;7;78.1;76.1;27.4;0.0;0.0;0.0
FR;0;2021-12-18;24945;30036;522271;353;0;0;52904115;51563608;19070586;11101;0;7;78.2;76.2;28.2;0.0;0.0;0.0
FR;0;2021-12-19;8771;7832;191057;143;0;0;52912886;51571440;19261643;11244;0;7;78.2;76.2;28.5;0.0;0.0;0.0
FR;0;2021-12-20;31785;33807;658845;503;0;0;52944671;51605247;19920488;11747;0;7;78.2;76.3;29.4;0.0;0.0;0.0
FR;0;2021-12-21;39484;38745;759706;607;0;0;52984155;51643992;20680194;12354;0;7;78.3;76.3;30.6;0.0;0.0;0.0
FR;0;2021-12-22;39566;37074;642230;687;0;2;53023721;51681066;21322424;13041;0;9;78.3;76.4;31.5;0.0;0.0;0.0
FR;0;2021-12-23;33794;30087;494449;589;0;0;53057515;51711153;21816873;13630;0;9;78.4;76.4;32.2;0.0;0.0;0.0
FR;0;2021-12-24;10701;11636;126675;236;0;1;53068216;51722789;21943548;13866;0;10;78.4;76.4;32.4;0.0;0.0;0.0
FR;0;2021-12-25;780;2047;9022;72;0;0;53068996;51724836;21952570;13938;0;10;78.4;76.4;32.4;0.0;0.0;0.0
FR;0;2021-12-26;4699;4735;60172;170;0;0;53073695;51729571;22012742;14108;0;10;78.4;76.4;32.5;0.0;0.0;0.0
FR;0;2021-12-27;30510;33013;509282;665;0;0;53104205;51762584;22522024;14773;0;10;78.5;76.5;33.3;0.0;0.0;0.0
FR;0;2021-12-28;38369;35081;632340;1558;0;2;53142574;51797665;23154364;16331;0;12;78.5;76.5;34.2;0.0;0.0;0.0
FR;0;2021-12-29;39882;33081;561058;1738;0;1;53182456;51830746;23715422;18069;0;13;78.6;76.6;35.0;0.0;0.0;0.0
FR;0;2021-12-30;35928;29500;471185;1880;0;0;53218384;51860246;24186607;19949;0;13;78.6;76.6;35.7;0.0;0.0;0.0
FR;0;2021-12-31;12053;11263;131680;741;0;0;53230437;51871509;24318287;20690;0;13;78.7;76.6;35.9;0.0;0.0;0.0
FR;0;2022-01-01;1597;1808;9942;103;0;0;53232034;51873317;24328229;20793;0;13;78.4;76.4;35.8;0.0;0.0;0.0
FR;0;2022-01-02;6131;5109;66975;408;0;0;53238165;51878426;24395204;21201;0;13;78.4;76.4;35.9;0.0;0.0;0.0
FR;0;2022-01-03;39751;36875;551790;2650;0;1;53277916;51915301;24946994;23851;0;14;78.5;76.5;36.8;0.0;0.0;0.0
FR;0;2022-01-04;42316;40642;714496;3836;0;3;53320232;51955943;25661490;27687;0;17;78.6;76.6;37.8;0.0;0.0;0.0
FR;0;2022-01-05;61226;43793;634324;3429;0;2;53381458;51999736;26295814;31116;0;19;78.7;76.6;38.7;0.0;0.0;0.0
FR;0;2022-01-06;44321;40216;711593;4555;0;2;53425779;52039952;27007407;35671;0;21;78.7;76.7;39.8;0.1;0.0;0.0
FR;0;2022-01-07;50847;46837;790563;4995;0;2;53476626;52086789;27797970;40666;0;23;78.8;76.8;41.0;0.1;0.0;0.0
FR;0;2022-01-08;45015;35043;472910;2447;0;3;53521641;52121832;28270880;43113;0;26;78.9;76.8;41.7;0.1;0.0;0.0
FR;0;2022-01-09;15614;11481;145663;829;0;0;53537255;52133313;28416543;43942;0;26;78.9;76.8;41.9;0.1;0.0;0.0
FR;0;2022-01-10;35425;43021;522791;3722;0;1;53572680;52176334;28939334;47664;0;27;78.9;76.9;42.6;0.1;0.0;0.0
FR;0;2022-01-11;41956;42393;608601;5218;0;2;53614636;52218727;29547935;52882;0;29;79.0;76.9;43.5;0.1;0.0;0.0
FR;0;2022-01-12;60425;49481;504415;4497;0;8;53675061;52268208;30052350;57379;0;37;79.1;77.0;44.3;0.1;0.0;0.0
FR;0;2022-01-13;38275;40546;541105;5467;0;8;53713336;52308754;30593455;62846;0;45;79.1;77.1;45.1;0.1;0.0;0.0
FR;0;2022-01-14;42590;43497;629062;6463;0;2;53755926;52352251;31222517;69309;0;47;79.2;77.1;46.0;0.1;0.0;0.0
FR;0;2022-01-15;39433;31449;377583;3296;0;1;53795359;52383700;31600100;72605;0;48;79.3;77.2;46.6;0.1;0.0;0.0
FR;0;2022-01-16;11415;9016;99404;764;0;0;53806774;52392716;31699504;73369;0;48;79.3;77.2;46.7;0.1;0.0;0.0
FR;0;2022-01-17;24757;28033;354175;3960;0;4;53831531;52420749;32053679;77329;0;52;79.3;77.2;47.2;0.1;0.0;0.0
FR;0;2022-01-18;28332;32010;397600;5771;0;1;53859863;52452759;32451279;83100;0;53;79.4;77.3;47.8;0.1;0.0;0.0
FR;0;2022-01-19;43231;40384;311093;4392;0;5;53903094;52493143;32762372;87492;0;58;79.4;77.4;48.3;0.1;0.0;0.0
FR;0;2022-01-20;23681;29562;328542;5637;0;4;53926775;52522705;33090914;93129;0;62;79.5;77.4;48.8;0.1;0.0;0.0
FR;0;2022-01-21;28214;33069;401222;6580;0;3;53954989;52555774;33492136;99709;0;65;79.5;77.4;49.4;0.1;0.0;0.0
FR;0;2022-01-22;27630;27302;241796;2838;0;2;53982619;52583076;33733932;102547;0;67;79.5;77.5;49.7;0.2;0.0;0.0
FR;0;2022-01-23;6740;7502;55170;591;0;1;53989359;52590578;33789102;103138;0;68;79.6;77.5;49.8;0.2;0.0;0.0
FR;0;2022-01-24;16287;25400;239358;4103;0;3;54005646;52615978;34028460;107241;0;71;79.6;77.5;50.1;0.2;0.0;0.0
FR;0;2022-01-25;19034;28807;267104;6067;0;5;54024680;52644785;34295564;113308;0;76;79.6;77.6;50.5;0.2;0.0;0.0
FR;0;2022-01-26;28148;41362;229549;4479;0;3;54052828;52686147;34525113;117787;0;79;79.6;77.6;50.9;0.2;0.0;0.0
FR;0;2022-01-27;16338;26148;226066;5693;0;4;54069166;52712295;34751179;123480;0;83;79.7;77.7;51.2;0.2;0.0;0.0
FR;0;2022-01-28;21594;44966;321350;7411;0;4;54090760;52757261;35072529;130891;0;87;79.7;77.7;51.7;0.2;0.0;0.0
FR;0;2022-01-29;18424;32752;204574;3255;0;2;54109184;52790013;35277103;134146;0;89;79.7;77.8;52.0;0.2;0.0;0.0
FR;0;2022-01-30;4477;9129;45055;637;0;1;54113661;52799142;35322158;134783;0;90;79.7;77.8;52.0;0.2;0.0;0.0
FR;0;2022-01-31;11262;26128;164720;4230;0;5;54124923;52825270;35486878;139013;0;95;79.8;77.8;52.3;0.2;0.0;0.0
FR;0;2022-02-01;13653;27329;191333;7036;0;1;54138576;52852599;35678211;146049;0;96;79.8;77.9;52.6;0.2;0.0;0.0
FR;0;2022-02-02;20761;46157;190078;5969;0;10;54159337;52898756;35868289;152018;0;106;79.8;77.9;52.9;0.2;0.0;0.0
FR;0;2022-02-03;11760;25345;173287;6932;0;6;54171097;52924101;36041576;158950;0;112;79.8;78.0;53.1;0.2;0.0;0.0
FR;0;2022-02-04;14647;37603;264080;9153;0;6;54185744;52961704;36305656;168103;0;118;79.8;78.0;53.5;0.2;0.0;0.0
FR;0;2022-02-05;12903;31977;172293;3784;0;3;54198647;52993681;36477949;171887;0;121;79.9;78.1;53.8;0.3;0.0;0.0
FR;0;2022-02-06;2726;7289;33830;663;0;0;54201373;53000970;36511779;172550;0;121;79.9;78.1;53.8;0.3;0.0;0.0
FR;0;2022-02-07;9620;24516;176303;5294;0;6;54210993;53025486;36688082;177844;0;127;79.9;78.1;54.1;0.3;0.0;0.0
FR;0;2022-02-08;9817;20967;184460;7054;0;6;54220810;53046453;36872542;184898;0;133;79.9;78.2;54.3;0.3;0.0;0.0
FR;0;2022-02-09;14463;35361;193068;5788;0;9;54235273;53081814;37065610;190686;0;142;79.9;78.2;54.6;0.3;0.0;0.0
FR;0;2022-02-10;8731;18705;166722;6503;0;2;54244004;53100519;37232332;197189;0;144;79.9;78.2;54.9;0.3;0.0;0.0
FR;0;2022-02-11;10864;25847;243117;8322;0;3;54254868;53126366;37475449;205511;0;147;79.9;78.3;55.2;0.3;0.0;0.0
FR;0;2022-02-12;8409;22637;151770;3508;0;4;54263277;53149003;37627219;209019;0;151;80.0;78.3;55.4;0.3;0.0;0.0
FR;0;2022-02-13;1940;4411;30930;544;0;3;54265217;53153414;37658149;209563;0;154;80.0;78.3;55.5;0.3;0.0;0.0
FR;0;2022-02-14;6998;14672;166385;4789;0;5;54272215;53168086;37824534;214352;0;159;80.0;78.3;55.7;0.3;0.0;0.0
FR;0;2022-02-15;7070;16008;162588;6849;0;3;54279285;53184094;37987122;221201;0;162;80.0;78.4;56.0;0.3;0.0;0.0
FR;0;2022-02-16;9417;25985;146769;5727;0;6;54288702;53210079;38133891;226928;0;168;80.0;78.4;56.2;0.3;0.0;0.0
FR;0;2022-02-17;5582;13147;94895;5408;0;5;54294284;53223226;38228786;232336;0;173;80.0;78.4;56.3;0.3;0.0;0.0
FR;0;2022-02-18;7003;18770;129339;7416;0;2;54301287;53241996;38358125;239752;0;175;80.0;78.5;56.5;0.4;0.0;0.0
FR;0;2022-02-19;5372;15910;77340;3020;0;2;54306659;53257906;38435465;242772;0;177;80.0;78.5;56.6;0.4;0.0;0.0
FR;0;2022-02-20;1152;2916;13957;460;0;1;54307811;53260822;38449422;243232;0;178;80.0;78.5;56.7;0.4;0.0;0.0
FR;0;2022-02-21;4100;10173;67188;4059;0;2;54311911;53270995;38516610;247291;0;180;80.0;78.5;56.8;0.4;0.0;0.0
FR;0;2022-02-22;4468;11271;64481;5255;0;1;54316379;53282266;38581091;252546;0;181;80.0;78.5;56.9;0.4;0.0;0.0
FR;0;2022-02-23;6593;19632;71911;4595;0;3;54322972;53301898;38653002;257141;0;184;80.0;78.5;57.0;0.4;0.0;0.0
FR;0;2022-02-24;3852;9524;53259;4531;0;2;54326824;53311422;38706261;261672;0;186;80.1;78.6;57.0;0.4;0.0;0.0
FR;0;2022-02-25;5287;15274;80104;7336;0;7;54332111;53326696;38786365;269008;0;193;80.1;78.6;57.2;0.4;0.0;0.0
FR;0;2022-02-26;3994;12174;51488;3083;0;3;54336105;53338870;38837853;272091;0;196;80.1;78.6;57.2;0.4;0.0;0.0
FR;0;2022-02-27;881;1980;8949;531;0;0;54336986;53340850;38846802;272622;0;196;80.1;78.6;57.2;0.4;0.0;0.0
FR;0;2022-02-28;3127;7597;42930;3857;0;0;54340113;53348447;38889732;276479;0;196;80.1;78.6;57.3;0.4;0.0;0.0
FR;0;2022-03-01;4013;7639;44875;5519;0;6;54344126;53356086;38934607;281998;0;202;80.1;78.6;57.4;0.4;0.0;0.0
FR;0;2022-03-02;5338;12961;49087;4931;0;2;54349464;53369047;38983694;286929;0;204;80.1;78.6;57.4;0.4;0.0;0.0
FR;0;2022-03-03;2830;6260;30025;4051;0;2;54352294;53375307;39013719;290980;0;206;80.1;78.7;57.5;0.4;0.0;0.0
FR;0;2022-03-04;3231;8522;39493;6235;0;4;54355525;53383829;39053212;297215;0;210;80.1;78.7;57.5;0.4;0.0;0.0
FR;0;2022-03-05;3075;7133;25126;3136;0;1;54358600;53390962;39078338;300351;0;211;80.1;78.7;57.6;0.4;0.0;0.0
FR;0;2022-03-06;522;1031;3444;379;0;0;54359122;53391993;39081782;300730;0;211;80.1;78.7;57.6;0.4;0.0;0.0
FR;0;2022-03-07;2501;3853;17710;3308;0;4;54361623;53395846;39099492;304038;0;215;80.1;78.7;57.6;0.4;0.0;0.0
FR;0;2022-03-08;2154;4336;17925;4093;0;3;54363777;53400182;39117417;308131;0;218;80.1;78.7;57.6;0.5;0.0;0.0
FR;0;2022-03-09;3583;8799;21295;4042;0;4;54367360;53408981;39138712;312173;0;222;80.1;78.7;57.7;0.5;0.0;0.0
FR;0;2022-03-10;1834;4399;15839;3408;0;3;54369194;53413380;39154551;315581;0;225;80.1;78.7;57.7;0.5;0.0;0.0
FR;0;2022-03-11;2422;5446;22280;5479;0;2;54371616;53418826;39176831;321060;0;227;80.1;78.7;57.7;0.5;0.0;0.0
FR;0;2022-03-12;2699;5494;16522;3137;0;2;54374315;53424320;39193353;324197;0;229;80.1;78.7;57.8;0.5;0.0;0.0
FR;0;2022-03-13;407;605;2272;538;0;0;54374722;53424925;39195625;324735;0;229;80.1;78.7;57.8;0.5;0.0;0.0
FR;0;2022-03-14;1563;2813;13843;7295;0;8;54376285;53427738;39209468;332030;0;237;80.1;78.7;57.8;0.5;0.0;0.0
FR;0;2022-03-15;1751;4810;14618;11036;0;9;54378036;53432548;39224086;343066;0;246;80.1;78.7;57.8;0.5;0.0;0.0
FR;0;2022-03-16;3041;6217;18113;16299;0;8;54381077;53438765;39242199;359365;0;254;80.1;78.7;57.8;0.5;0.0;0.0
FR;0;2022-03-17;1466;2809;11996;13315;0;9;54382543;53441574;39254195;372680;0;263;80.1;78.7;57.8;0.5;0.0;0.0
FR;0;2022-03-18;2268;4099;18116;22039;0;15;54384811;53445673;39272311;394719;0;278;80.1;78.8;57.9;0.6;0.0;0.0
FR;0;2022-03-19;2294;4142;12421;11409;0;6;54387105;53449815;39284732;406128;0;284;80.1;78.8;57.9;0.6;0.0;0.0
FR;0;2022-03-20;302;530;1933;1340;0;2;54387407;53450345;39286665;407468;0;286;80.1;78.8;57.9;0.6;0.0;0.0
FR;0;2022-03-21;1395;2157;11962;16910;0;11;54388802;53452502;39298627;424378;0;297;80.1;78.8;57.9;0.6;0.0;0.0
FR;0;2022-03-22;1557;2581;12564;22846;0;5;54390359;53455083;39311191;447224;0;302;80.1;78.8;57.9;0.7;0.0;0.0
FR;0;2022-03-23;2692;5232;17251;25269;0;40;54393051;53460315;39328442;472493;0;342;80.2;78.8;58.0;0.7;0.0;0.0
FR;0;2022-03-24;1411;2248;10685;19395;0;23;54394462;53462563;39339127;491888;0;365;80.2;78.8;58.0;0.7;0.0;0.0
FR;0;2022-03-25;2090;3691;16922;30810;0;31;54396552;53466254;39356049;522698;0;396;80.2;78.8;58.0;0.8;0.0;0.0
FR;0;2022-03-26;2232;3866;11521;14402;0;26;54398784;53470120;39367570;537100;0;422;80.2;78.8;58.0;0.8;0.0;0.0
FR;0;2022-03-27;365;515;1943;1740;0;1;54399149;53470635;39369513;538840;0;423;80.2;78.8;58.0;0.8;0.0;0.0
FR;0;2022-03-28;1468;2121;10621;19070;0;16;54400617;53472756;39380134;557910;0;439;80.2;78.8;58.0;0.8;0.0;0.0
FR;0;2022-03-29;1452;2100;12055;29285;0;34;54402069;53474856;39392189;587195;0;473;80.2;78.8;58.0;0.9;0.0;0.0
FR;0;2022-03-30;2854;4774;15091;29341;0;21;54404923;53479630;39407280;616536;0;494;80.2;78.8;58.1;0.9;0.0;0.0
FR;0;2022-03-31;1615;2570;12331;26652;0;43;54406538;53482200;39419611;643188;0;537;80.2;78.8;58.1;0.9;0.0;0.0
FR;0;2022-04-01;2690;2974;18726;33489;0;62;54409228;53485174;39438337;676677;0;599;80.2;78.8;58.1;1.0;0.0;0.0
FR;0;2022-04-02;1532;2009;8728;11298;0;29;54410760;53487183;39447065;687975;0;628;80.2;78.8;58.1;1.0;0.0;0.0
FR;0;2022-04-03;294;360;1581;1382;0;2;54411054;53487543;39448646;689357;0;630;80.2;78.8;58.1;1.0;0.0;0.0
FR;0;2022-04-04;4570;2055;11598;20605;0;35;54415624;53489598;39460244;709962;0;665;80.2;78.8;58.1;1.0;0.0;0.0
FR;0;2022-04-05;2608;2055;13207;35769;0;85;54418232;53491653;39473451;745731;0;750;80.2;78.8;58.2;1.1;0.0;0.0
FR;0;2022-04-06;2613;3030;12821;28025;0;72;54420845;53494683;39486272;773756;0;822;80.2;78.8;58.2;1.1;0.0;0.0
FR;0;2022-04-07;1989;1999;12901;35178;0;76;54422834;53496682;39499173;808934;0;898;80.2;78.8;58.2;1.2;0.0;0.0
FR;0;2022-04-08;2310;2675;17862;46369;0;89;54425144;53499357;39517035;855303;0;987;80.2;78.8;58.2;1.3;0.0;0.0
FR;0;2022-04-09;1374;1905;8869;14800;0;30;54426518;53501262;39525904;870103;0;1017;80.2;78.8;58.2;1.3;0.0;0.0
FR;0;2022-04-10;296;555;2007;2279;0;7;54426814;53501817;39527911;872382;0;1024;80.2;78.8;58.2;1.3;0.0;0.0
FR;0;2022-04-11;1351;1655;11483;25207;0;74;54428165;53503472;39539394;897589;0;1098;80.2;78.8;58.3;1.3;0.0;0.0
FR;0;2022-04-12;1729;1967;13397;41819;0;127;54429894;53505439;39552791;939408;0;1225;80.2;78.8;58.3;1.4;0.0;0.0
FR;0;2022-04-13;1978;2720;13038;34087;0;96;54431872;53508159;39565829;973495;0;1321;80.2;78.8;58.3;1.4;0.0;0.0
FR;0;2022-04-14;1510;1944;13074;37024;0;105;54433382;53510103;39578903;1010519;0;1426;80.2;78.8;58.3;1.5;0.0;0.0
FR;0;2022-04-15;1884;2624;14927;37235;0;115;54435266;53512727;39593830;1047754;0;1541;80.2;78.9;58.3;1.5;0.0;0.0
FR;0;2022-04-16;1046;1263;6263;9435;0;40;54436312;53513990;39600093;1057189;0;1581;80.2;78.9;58.4;1.6;0.0;0.0
FR;0;2022-04-17;195;224;1036;1242;0;7;54436507;53514214;39601129;1058431;0;1588;80.2;78.9;58.4;1.6;0.0;0.0
FR;0;2022-04-18;201;358;2787;1287;0;5;54436708;53514572;39603916;1059718;0;1593;80.2;78.9;58.4;1.6;0.0;0.0
FR;0;2022-04-19;1547;1879;12480;30738;0;78;54438255;53516451;39616396;1090456;0;1671;80.2;78.9;58.4;1.6;0.0;0.0
FR;0;2022-04-20;2009;2612;12996;30088;0;96;54440264;53519063;39629392;1120544;0;1767;80.2;78.9;58.4;1.7;0.0;0.0
FR;0;2022-04-21;1516;1828;12647;35786;0;117;54441780;53520891;39642039;1156330;0;1884;80.2;78.9;58.4;1.7;0.0;0.0
FR;0;2022-04-22;1880;2402;15847;39178;0;132;54443660;53523293;39657886;1195508;0;2016;80.2;78.9;58.4;1.8;0.0;0.0
FR;0;2022-04-23;1151;1482;7242;11446;0;38;54444811;53524775;39665128;1206954;0;2054;80.2;78.9;58.4;1.8;0.0;0.0
FR;0;2022-04-24;249;326;1414;1850;0;7;54445060;53525101;39666542;1208804;0;2061;80.2;78.9;58.5;1.8;0.0;0.0
FR;0;2022-04-25;1308;1614;10501;22096;0;79;54446368;53526715;39677043;1230900;0;2140;80.2;78.9;58.5;1.8;0.0;0.0
FR;0;2022-04-26;1627;1967;13114;39463;0;181;54447995;53528682;39690157;1270363;0;2321;80.2;78.9;58.5;1.9;0.0;0.0
FR;0;2022-04-27;1965;2283;11597;31507;0;131;54449960;53530965;39701754;1301870;0;2452;80.2;78.9;58.5;1.9;0.0;0.0
FR;0;2022-04-28;1571;1866;12271;36586;0;139;54451531;53532831;39714025;1338456;0;2591;80.2;78.9;58.5;2.0;0.0;0.0
FR;0;2022-04-29;2011;3639;14938;38751;0;164;54453542;53536470;39728963;1377207;0;2755;80.2;78.9;58.5;2.0;0.0;0.0
FR;0;2022-04-30;1225;4196;6758;10608;0;44;54454767;53540666;39735721;1387815;0;2799;80.2;78.9;58.6;2.0;0.0;0.0
FR;0;2022-05-01;221;229;911;1141;0;6;54454988;53540895;39736632;1388956;0;2805;80.2;78.9;58.6;2.0;0.0;0.0
FR;0;2022-05-02;2364;2066;10994;19026;0;69;54457352;53542961;39747626;1407982;0;2874;80.2;78.9;58.6;2.1;0.0;0.0
FR;0;2022-05-03;2067;2129;13571;35625;0;163;54459419;53545090;39761197;1443607;0;3037;80.2;78.9;58.6;2.1;0.0;0.0
FR;0;2022-05-04;1926;2302;12305;26202;0;110;54461345;53547392;39773502;1469809;0;3147;80.3;78.9;58.6;2.2;0.0;0.0
FR;0;2022-05-05;1796;2018;12916;34270;0;180;54463141;53549410;39786418;1504079;0;3327;80.3;78.9;58.6;2.2;0.0;0.0
FR;0;2022-05-06;2218;2326;14877;38283;0;182;54465359;53551736;39801295;1542362;0;3509;80.3;78.9;58.6;2.3;0.0;0.0
FR;0;2022-05-07;1210;1255;6456;10339;0;48;54466569;53552991;39807751;1552701;0;3557;80.3;78.9;58.7;2.3;0.0;0.0
FR;0;2022-05-08;267;288;1236;1654;0;8;54466836;53553279;39808987;1554355;0;3565;80.3;78.9;58.7;2.3;0.0;0.0
FR;0;2022-05-09;1404;1414;9798;21175;0;102;54468240;53554693;39818785;1575530;0;3667;80.3;78.9;58.7;2.3;0.0;0.0
FR;0;2022-05-10;1803;2296;13133;40027;0;200;54470043;53556989;39831918;1615557;0;3867;80.3;78.9;58.7;2.4;0.0;0.0
FR;0;2022-05-11;2004;2326;10701;28447;0;146;54472047;53559315;39842619;1644004;0;4013;80.3;78.9;58.7;2.4;0.0;0.0
FR;0;2022-05-12;1595;1817;11056;36527;0;211;54473642;53561132;39853675;1680531;0;4224;80.3;78.9;58.7;2.5;0.0;0.0
FR;0;2022-05-13;1985;2069;13350;39246;0;162;54475627;53563201;39867025;1719777;0;4386;80.3;78.9;58.7;2.5;0.0;0.0
FR;0;2022-05-14;1150;1207;5801;11366;0;58;54476777;53564408;39872826;1731143;0;4444;80.3;78.9;58.8;2.6;0.0;0.0
FR;0;2022-05-15;283;303;1361;1593;0;6;54477060;53564711;39874187;1732736;0;4450;80.3;78.9;58.8;2.6;0.0;0.0
FR;0;2022-05-16;1200;1248;8702;21599;0;128;54478260;53565959;39882889;1754335;0;4578;80.3;78.9;58.8;2.6;0.0;0.0
FR;0;2022-05-17;1593;1671;11405;38726;0;180;54479853;53567630;39894294;1793061;0;4758;80.3;78.9;58.8;2.6;0.0;0.0
FR;0;2022-05-18;1816;1957;9667;27785;0;109;54481669;53569587;39903961;1820846;0;4867;80.3;78.9;58.8;2.7;0.0;0.0
FR;0;2022-05-19;1451;1636;10721;36037;0;162;54483120;53571223;39914682;1856883;0;5029;80.3;78.9;58.8;2.7;0.0;0.0
FR;0;2022-05-20;1876;2080;12913;40389;0;168;54484996;53573303;39927595;1897272;0;5197;80.3;78.9;58.8;2.8;0.0;0.0
FR;0;2022-05-21;1159;1314;5533;10534;0;45;54486155;53574617;39933128;1907806;0;5242;80.3;78.9;58.8;2.8;0.0;0.0
FR;0;2022-05-22;241;263;1017;1585;0;10;54486396;53574880;39934145;1909391;0;5252;80.3;78.9;58.8;2.8;0.0;0.0
FR;0;2022-05-23;1176;1411;8830;21030;0;86;54487572;53576291;39942975;1930421;0;5338;80.3;78.9;58.9;2.8;0.0;0.0
FR;0;2022-05-24;1542;1736;11239;39515;0;190;54489114;53578027;39954214;1969936;0;5528;80.3;78.9;58.9;2.9;0.0;0.0
FR;0;2022-05-25;1814;2080;9481;25323;0;116;54490928;53580107;39963695;1995259;0;5644;80.3;79.0;58.9;2.9;0.0;0.0
FR;0;2022-05-26;216;293;1677;1344;0;26;54491144;53580400;39965372;1996603;0;5670;80.3;79.0;58.9;2.9;0.0;0.0
FR;0;2022-05-27;1390;1670;9006;22325;0;94;54492534;53582070;39974378;2018928;0;5764;80.3;79.0;58.9;3.0;0.0;0.0
FR;0;2022-05-28;669;852;3968;7204;0;38;54493203;53582922;39978346;2026132;0;5802;80.3;79.0;58.9;3.0;0.0;0.0
FR;0;2022-05-29;157;200;774;1033;0;4;54493360;53583122;39979120;2027165;0;5806;80.3;79.0;58.9;3.0;0.0;0.0
FR;0;2022-05-30;1026;1249;7013;19808;0;91;54494386;53584371;39986133;2046973;0;5897;80.3;79.0;58.9;3.0;0.0;0.0
FR;0;2022-05-31;1488;1649;9645;36295;0;171;54495874;53586020;39995778;2083268;0;6068;80.3;79.0;58.9;3.1;0.0;0.0
FR;0;2022-06-01;1754;2256;10896;25490;0;122;54497628;53588276;40006674;2108758;0;6190;80.3;79.0;59.0;3.1;0.0;0.0
FR;0;2022-06-02;1480;1718;10865;36552;0;174;54499108;53589994;40017539;2145310;0;6364;80.3;79.0;59.0;3.2;0.0;0.0
FR;0;2022-06-03;1729;2054;12789;40001;0;176;54500837;53592048;40030328;2185311;0;6540;80.3;79.0;59.0;3.2;0.0;0.0
FR;0;2022-06-04;975;1077;5117;9650;0;73;54501812;53593125;40035445;2194961;0;6613;80.3;79.0;59.0;3.2;0.0;0.0
FR;0;2022-06-05;181;207;887;1230;0;4;54501993;53593332;40036332;2196191;0;6617;80.3;79.0;59.0;3.2;0.0;0.0
FR;0;2022-06-06;896;1081;2142;1510;0;13;54502889;53594413;40038474;2197701;0;6630;80.3;79.0;59.0;3.2;0.0;0.0
FR;0;2022-06-07;1499;1794;9435;36825;0;153;54504388;53596207;40047909;2234526;0;6783;80.3;79.0;59.0;3.3;0.0;0.0
FR;0;2022-06-08;1585;1942;9021;29757;0;112;54505973;53598149;40056930;2264283;0;6895;80.3;79.0;59.0;3.3;0.0;0.0
FR;0;2022-06-09;1297;1556;10267;40280;0;167;54507270;53599705;40067197;2304563;0;7062;80.3;79.0;59.0;3.4;0.0;0.0
FR;0;2022-06-10;1631;2161;12669;46153;0;223;54508901;53601866;40079866;2350716;0;7285;80.3;79.0;59.1;3.5;0.0;0.0
FR;0;2022-06-11;962;1125;5465;12212;0;55;54509863;53602991;40085331;2362928;0;7340;80.3;79.0;59.1;3.5;0.0;0.0
FR;0;2022-06-12;203;255;1143;1866;0;11;54510066;53603246;40086474;2364794;0;7351;80.3;79.0;59.1;3.5;0.0;0.0
FR;0;2022-06-13;1127;1344;7270;24099;0;90;54511193;53604590;40093744;2388893;0;7441;80.3;79.0;59.1;3.5;0.0;0.0
FR;0;2022-06-14;1347;1598;9808;46144;0;200;54512540;53606188;40103552;2435037;0;7641;80.3;79.0;59.1;3.6;0.0;0.0
FR;0;2022-06-15;1529;1935;8965;31617;0;180;54514069;53608123;40112517;2466654;0;7821;80.3;79.0;59.1;3.6;0.0;0.0
FR;0;2022-06-16;1189;1281;9330;40954;0;201;54515258;53609404;40121847;2507608;0;8022;80.3;79.0;59.1;3.7;0.0;0.0
FR;0;2022-06-17;1494;1788;11920;47935;0;240;54516752;53611192;40133767;2555543;0;8262;80.3;79.0;59.1;3.8;0.0;0.0
FR;0;2022-06-18;857;1038;4501;11720;0;67;54517609;53612230;40138268;2567263;0;8329;80.3;79.0;59.1;3.8;0.0;0.0
FR;0;2022-06-19;183;208;1131;1701;0;14;54517792;53612438;40139399;2568964;0;8343;80.3;79.0;59.1;3.8;0.0;0.0
FR;0;2022-06-20;1027;1204;8569;27022;0;156;54518819;53613642;40147968;2595986;0;8499;80.3;79.0;59.2;3.8;0.0;0.0
FR;0;2022-06-21;1329;1540;9340;51283;0;264;54520148;53615182;40157308;2647269;0;8763;80.3;79.0;59.2;3.9;0.0;0.0
FR;0;2022-06-22;1398;1809;8430;40009;0;256;54521546;53616991;40165738;2687278;0;9019;80.3;79.0;59.2;4.0;0.0;0.0
FR;0;2022-06-23;1229;1366;9886;56247;0;320;54522775;53618357;40175624;2743525;0;9339;80.3;79.0;59.2;4.0;0.0;0.0
FR;0;2022-06-24;1493;1751;12309;71005;0;405;54524268;53620108;40187933;2814530;0;9744;80.3;79.0;59.2;4.1;0.0;0.0
FR;0;2022-06-25;939;1112;5989;20778;0;177;54525207;53621220;40193922;2835308;0;9921;80.3;79.0;59.2;4.2;0.0;0.0
FR;0;2022-06-26;229;259;1818;3966;0;39;54525436;53621479;40195740;2839274;0;9960;80.3;79.0;59.2;4.2;0.0;0.0
FR;0;2022-06-27;1134;1179;9636;49765;0;339;54526570;53622658;40205376;2889039;0;10299;80.3;79.0;59.2;4.3;0.0;0.0
FR;0;2022-06-28;1464;1585;13092;93194;0;624;54528034;53624243;40218468;2982233;0;10923;80.3;79.0;59.3;4.4;0.0;0.0
FR;0;2022-06-29;1713;1848;11242;73040;0;548;54529747;53626091;40229710;3055273;0;11471;80.4;79.0;59.3;4.5;0.0;0.0
FR;0;2022-06-30;1538;1661;12477;97185;0;724;54531285;53627752;40242187;3152458;0;12195;80.4;79.0;59.3;4.6;0.0;0.0
FR;0;2022-07-01;2017;2310;18861;118587;0;954;54533302;53630062;40261048;3271045;0;13149;80.4;79.0;59.3;4.8;0.0;0.0
FR;0;2022-07-02;1088;1108;7705;36876;0;342;54534390;53631170;40268753;3307921;0;13491;80.4;79.0;59.3;4.9;0.0;0.0
FR;0;2022-07-03;294;320;1898;6805;0;79;54534684;53631490;40270651;3314726;0;13570;80.4;79.0;59.3;4.9;0.0;0.0
FR;0;2022-07-04;1972;2338;12993;81308;0;639;54536656;53633828;40283644;3396034;0;14209;80.4;79.0;59.4;5.0;0.0;0.0
FR;0;2022-07-05;1799;1805;16025;135573;0;1146;54538455;53635633;40299669;3531607;0;15355;80.4;79.0;59.4;5.2;0.0;0.0
FR;0;2022-07-06;1849;1856;13651;101172;0;900;54540304;53637489;40313320;3632779;0;16255;80.4;79.0;59.4;5.4;0.0;0.0
FR;0;2022-07-07;1717;1712;14789;128369;0;1179;54542021;53639201;40328109;3761148;0;17434;80.4;79.0;59.4;5.5;0.0;0.0
FR;0;2022-07-08;1894;1857;16769;140085;0;1347;54543915;53641058;40344878;3901233;0;18781;80.4;79.0;59.4;5.7;0.0;0.0
FR;0;2022-07-09;868;883;6693;38769;0;426;54544783;53641941;40351571;3940002;0;19207;80.4;79.0;59.5;5.8;0.0;0.0
FR;0;2022-07-10;272;441;2125;7395;0;94;54545055;53642382;40353696;3947397;0;19301;80.4;79.0;59.5;5.8;0.0;0.0
FR;0;2022-07-11;1459;1405;12514;90476;0;801;54546514;53643787;40366210;4037873;0;20102;80.4;79.0;59.5;5.9;0.0;0.0
FR;0;2022-07-12;1844;1716;16735;146678;0;1604;54548358;53645503;40382945;4184551;0;21706;80.4;79.0;59.5;6.2;0.0;0.0
FR;0;2022-07-13;1784;1666;13278;96402;0;1080;54550142;53647169;40396223;4280953;0;22786;80.4;79.1;59.5;6.3;0.0;0.0
FR;0;2022-07-14;187;221;1836;5707;0;82;54550329;53647390;40398059;4286660;0;22868;80.4;79.1;59.5;6.3;0.0;0.0
FR;0;2022-07-15;1487;1441;12601;86624;0;1035;54551816;53648831;40410660;4373284;0;23903;80.4;79.1;59.5;6.4;0.0;0.0
FR;0;2022-07-16;628;699;5155;25674;0;327;54552444;53649530;40415815;4398958;0;24230;80.4;79.1;59.6;6.5;0.0;0.0
FR;0;2022-07-17;182;218;1570;4938;0;66;54552626;53649748;40417385;4403896;0;24296;80.4;79.1;59.6;6.5;0.0;0.0
FR;0;2022-07-18;1132;1342;9979;63673;0;780;54553758;53651090;40427364;4467569;0;25076;80.4;79.1;59.6;6.6;0.0;0.0
FR;0;2022-07-19;1423;1396;12296;105898;0;1459;54555181;53652486;40439660;4573467;0;26535;80.4;79.1;59.6;6.7;0.0;0.0
FR;0;2022-07-20;1430;1470;10744;79173;0;1051;54556611;53653956;40450404;4652640;0;27586;80.4;79.1;59.6;6.9;0.0;0.0
FR;0;2022-07-21;1289;1372;10500;89730;0;1316;54557900;53655328;40460904;4742370;0;28902;80.4;79.1;59.6;7.0;0.0;0.0
FR;0;2022-07-22;1433;1470;11974;91420;0;1347;54559333;53656798;40472878;4833790;0;30249;80.4;79.1;59.6;7.1;0.0;0.0
FR;0;2022-07-23;685;821;4858;23081;0;411;54560018;53657619;40477736;4856871;0;30660;80.4;79.1;59.6;7.2;0.0;0.0
FR;0;2022-07-24;186;204;1243;4132;0;72;54560204;53657823;40478979;4861003;0;30732;80.4;79.1;59.6;7.2;0.0;0.0
FR;0;2022-07-25;1061;1149;7845;49519;0;737;54561265;53658972;40486824;4910522;0;31469;80.4;79.1;59.7;7.2;0.0;0.0
FR;0;2022-07-26;1301;1323;10829;87137;0;1311;54562566;53660295;40497653;4997659;0;32780;80.4;79.1;59.7;7.4;0.0;0.0
FR;0;2022-07-27;1226;1341;8530;62522;0;971;54563792;53661636;40506183;5060181;0;33751;80.4;79.1;59.7;7.5;0.0;0.0
FR;0;2022-07-28;1094;1261;8226;65648;0;1046;54564886;53662897;40514409;5125829;0;34797;80.4;79.1;59.7;7.6;0.0;0.1
FR;0;2022-07-29;1282;1387;8765;67331;0;1140;54566168;53664284;40523174;5193160;0;35937;80.4;79.1;59.7;7.7;0.0;0.1
FR;0;2022-07-30;503;604;2974;15666;0;303;54566671;53664888;40526148;5208826;0;36240;80.4;79.1;59.7;7.7;0.0;0.1
FR;0;2022-07-31;154;185;788;2588;0;49;54566825;53665073;40526936;5211414;0;36289;80.4;79.1;59.7;7.7;0.0;0.1
FR;0;2022-08-01;1005;1262;6399;31314;0;549;54567830;53666335;40533335;5242728;0;36838;80.4;79.1;59.7;7.7;0.0;0.1
FR;0;2022-08-02;1056;1157;6895;56808;0;1170;54568886;53667492;40540230;5299536;0;38008;80.4;79.1;59.7;7.8;0.0;0.1
FR;0;2022-08-03;852;903;5150;39421;0;702;54569738;53668395;40545380;5338957;0;38710;80.4;79.1;59.7;7.9;0.0;0.1
FR;0;2022-08-04;741;783;5307;43726;0;917;54570479;53669178;40550687;5382683;0;39627;80.4;79.1;59.8;7.9;0.0;0.1
FR;0;2022-08-05;861;972;5681;45631;0;993;54571340;53670150;40556368;5428314;0;40620;80.4;79.1;59.8;8.0;0.0;0.1
FR;0;2022-08-06;341;401;1759;9568;0;228;54571681;53670551;40558127;5437882;0;40848;80.4;79.1;59.8;8.0;0.0;0.1
FR;0;2022-08-07;104;120;453;1703;0;38;54571785;53670671;40558580;5439585;0;40886;80.4;79.1;59.8;8.0;0.0;0.1
FR;0;2022-08-08;676;921;3293;22544;0;490;54572461;53671592;40561873;5462129;0;41376;80.4;79.1;59.8;8.0;0.0;0.1
FR;0;2022-08-09;748;854;4804;40446;0;844;54573209;53672446;40566677;5502575;0;42220;80.4;79.1;59.8;8.1;0.0;0.1
FR;0;2022-08-10;674;1008;3797;28392;0;652;54573883;53673454;40570474;5530967;0;42872;80.4;79.1;59.8;8.2;0.0;0.1
FR;0;2022-08-11;640;744;3713;29589;0;676;54574523;53674198;40574187;5560556;0;43548;80.4;79.1;59.8;8.2;0.0;0.1
FR;0;2022-08-12;849;851;3920;28656;0;704;54575372;53675049;40578107;5589212;0;44252;80.4;79.1;59.8;8.2;0.0;0.1
FR;0;2022-08-13;363;325;1120;5419;0;121;54575735;53675374;40579227;5594631;0;44373;80.4;79.1;59.8;8.2;0.0;0.1
FR;0;2022-08-14;74;104;247;995;0;25;54575809;53675478;40579474;5595626;0;44398;80.4;79.1;59.8;8.2;0.0;0.1
FR;0;2022-08-15;117;198;558;618;0;19;54575926;53675676;40580032;5596244;0;44417;80.4;79.1;59.8;8.2;0.0;0.1
FR;0;2022-08-16;646;840;3356;22372;0;615;54576572;53676516;40583388;5618616;0;45032;80.4;79.1;59.8;8.3;0.0;0.1
FR;0;2022-08-17;654;816;3294;23141;0;620;54577226;53677332;40586682;5641757;0;45652;80.4;79.1;59.8;8.3;0.0;0.1
FR;0;2022-08-18;637;806;3262;26545;0;673;54577863;53678138;40589944;5668302;0;46325;80.4;79.1;59.8;8.4;0.0;0.1
FR;0;2022-08-19;607;875;3694;27565;0;766;54578470;53679013;40593638;5695867;0;47091;80.4;79.1;59.8;8.4;0.0;0.1
FR;0;2022-08-20;311;402;1171;5728;0;146;54578781;53679415;40594809;5701595;0;47237;80.4;79.1;59.8;8.4;0.0;0.1
FR;0;2022-08-21;97;96;267;1044;0;27;54578878;53679511;40595076;5702639;0;47264;80.4;79.1;59.8;8.4;0.0;0.1
FR;0;2022-08-22;584;780;2798;15688;0;425;54579462;53680291;40597874;5718327;0;47689;80.4;79.1;59.8;8.4;0.0;0.1
FR;0;2022-08-23;733;853;3610;29091;0;870;54580195;53681144;40601484;5747418;0;48559;80.4;79.1;59.8;8.5;0.0;0.1
FR;0;2022-08-24;670;786;2860;19729;0;608;54580865;53681930;40604344;5767147;0;49167;80.4;79.1;59.8;8.5;0.0;0.1
FR;0;2022-08-25;626;731;3295;23666;0;673;54581491;53682661;40607639;5790813;0;49840;80.4;79.1;59.8;8.5;0.0;0.1
FR;0;2022-08-26;862;961;3671;26257;0;777;54582353;53683622;40611310;5817070;0;50617;80.4;79.1;59.8;8.6;0.0;0.1
FR;0;2022-08-27;299;362;1244;5533;0;194;54582652;53683984;40612554;5822603;0;50811;80.4;79.1;59.8;8.6;0.0;0.1
FR;0;2022-08-28;125;117;288;966;0;38;54582777;53684101;40612842;5823569;0;50849;80.4;79.1;59.8;8.6;0.0;0.1
FR;0;2022-08-29;623;770;2614;14985;0;433;54583400;53684871;40615456;5838554;0;51282;80.4;79.1;59.8;8.6;0.0;0.1
FR;0;2022-08-30;855;900;3914;28883;0;823;54584255;53685771;40619370;5867437;0;52105;80.4;79.1;59.9;8.6;0.0;0.1
FR;0;2022-08-31;697;745;2718;17911;0;508;54584952;53686516;40622088;5885348;0;52613;80.4;79.1;59.9;8.7;0.0;0.1
FR;0;2022-09-01;763;709;3827;22768;0;623;54585715;53687225;40625915;5908116;0;53236;80.4;79.1;59.9;8.7;0.0;0.1
FR;0;2022-09-02;998;849;4258;28909;0;914;54586713;53688074;40630173;5937025;0;54150;80.4;79.1;59.9;8.7;0.0;0.1
FR;0;2022-09-03;422;425;1667;6323;0;181;54587135;53688499;40631840;5943348;0;54331;80.4;79.1;59.9;8.8;0.0;0.1
FR;0;2022-09-04;135;85;347;945;0;24;54587270;53688584;40632187;5944293;0;54355;80.4;79.1;59.9;8.8;0.0;0.1
FR;0;2022-09-05;779;739;2658;16379;0;523;54588049;53689323;40634845;5960672;0;54878;80.4;79.1;59.9;8.8;0.0;0.1
FR;0;2022-09-06;925;681;3873;32082;0;1040;54588974;53690004;40638718;5992754;0;55918;80.4;79.1;59.9;8.8;0.0;0.1
FR;0;2022-09-07;713;573;2482;16972;0;573;54589687;53690577;40641200;6009726;0;56491;80.4;79.1;59.9;8.9;0.0;0.1
FR;0;2022-09-08;635;597;3142;24957;0;818;54590322;53691174;40644342;6034683;0;57309;80.4;79.1;59.9;8.9;0.0;0.1
FR;0;2022-09-09;852;683;3686;27836;0;951;54591174;53691857;40648028;6062519;0;58260;80.4;79.1;59.9;8.9;0.0;0.1
FR;0;2022-09-10;408;480;1539;5917;0;207;54591582;53692337;40649567;6068436;0;58467;80.4;79.1;59.9;8.9;0.0;0.1
FR;0;2022-09-11;124;93;307;716;0;17;54591706;53692430;40649874;6069152;0;58484;80.4;79.1;59.9;8.9;0.0;0.1
FR;0;2022-09-12;523;463;2296;13590;0;478;54592229;53692893;40652170;6082742;0;58962;80.4;79.1;59.9;9.0;0.0;0.1
FR;0;2022-09-13;683;562;3490;26398;0;875;54592912;53693455;40655660;6109140;0;59837;80.4;79.1;59.9;9.0;0.0;0.1
FR;0;2022-09-14;710;595;2485;16421;0;573;54593622;53694050;40658145;6125561;0;60410;80.4;79.1;59.9;9.0;0.0;0.1
FR;0;2022-09-15;579;602;2967;23656;0;728;54594201;53694652;40661112;6149217;0;61138;80.4;79.1;59.9;9.1;0.0;0.1
FR;0;2022-09-16;799;734;3489;26139;0;932;54595000;53695386;40664601;6175356;0;62070;80.4;79.1;59.9;9.1;0.0;0.1
FR;0;2022-09-17;395;392;1284;6238;0;243;54595395;53695778;40665885;6181594;0;62313;80.4;79.1;59.9;9.1;0.0;0.1
FR;0;2022-09-18;117;123;292;1017;0;37;54595512;53695901;40666177;6182611;0;62350;80.4;79.1;59.9;9.1;0.0;0.1
FR;0;2022-09-19;482;451;1936;13402;0;437;54595994;53696352;40668113;6196013;0;62787;80.4;79.1;59.9;9.1;0.0;0.1
FR;0;2022-09-20;646;659;3158;26516;0;893;54596640;53697011;40671271;6222529;0;63680;80.5;79.1;59.9;9.2;0.0;0.1
FR;0;2022-09-21;591;580;2355;16250;0;587;54597231;53697591;40673626;6238779;0;64267;80.5;79.1;59.9;9.2;0.0;0.1
FR;0;2022-09-22;601;575;2810;23850;0;775;54597832;53698166;40676436;6262629;0;65042;80.5;79.1;59.9;9.2;0.0;0.1
FR;0;2022-09-23;839;776;3764;28903;0;1021;54598671;53698942;40680200;6291532;0;66063;80.5;79.1;59.9;9.3;0.0;0.1
FR;0;2022-09-24;428;474;1422;7091;0;308;54599099;53699416;40681622;6298623;0;66371;80.5;79.1;59.9;9.3;0.0;0.1
FR;0;2022-09-25;99;149;307;1143;0;37;54599198;53699565;40681929;6299766;0;66408;80.5;79.1;59.9;9.3;0.0;0.1
FR;0;2022-09-26;437;485;2019;13650;0;435;54599635;53700050;40683948;6313416;0;66843;80.5;79.1;59.9;9.3;0.0;0.1
FR;0;2022-09-27;615;615;2910;26099;0;959;54600250;53700665;40686858;6339515;0;67802;80.5;79.1;60.0;9.3;0.0;0.1
FR;0;2022-09-28;635;635;2305;15516;0;622;54600885;53701300;40689163;6355031;0;68424;80.5;79.1;60.0;9.4;0.0;0.1
FR;0;2022-09-29;566;547;2651;21088;43;810;54601451;53701847;40691814;6376119;43;69234;80.5;79.1;60.0;9.4;0.0;0.1
FR;0;2022-09-30;787;845;3302;25831;715;1052;54602238;53702692;40695116;6401950;758;70286;80.5;79.1;60.0;9.4;0.0;0.1
FR;0;2022-10-01;431;566;1737;6212;396;318;54602669;53703258;40696853;6408162;1154;70604;80.5;79.1;60.0;9.4;0.0;0.1
FR;0;2022-10-02;63;97;215;665;66;42;54602732;53703355;40697068;6408827;1220;70646;80.5;79.1;60.0;9.4;0.0;0.1
FR;0;2022-10-03;632;785;2195;12231;2074;745;54603364;53704140;40699263;6421058;3294;71391;80.5;79.1;60.0;9.5;0.0;0.1
FR;0;2022-10-04;756;580;2786;23685;4704;1585;54604120;53704720;40702049;6444743;7998;72976;80.5;79.1;60.0;9.5;0.0;0.1
FR;0;2022-10-05;607;633;2163;14750;3658;1210;54604727;53705353;40704212;6459493;11656;74186;80.5;79.1;60.0;9.5;0.0;0.1
FR;0;2022-10-06;552;543;2522;21898;6668;1910;54605279;53705896;40706734;6481391;18324;76096;80.5;79.1;60.0;9.6;0.0;0.1
FR;0;2022-10-07;735;742;3478;30398;16875;3207;54606014;53706638;40710212;6511789;35199;79303;80.5;79.1;60.0;9.6;0.1;0.1
FR;0;2022-10-08;356;383;1410;8601;6699;1171;54606370;53707021;40711622;6520390;41898;80474;80.5;79.1;60.0;9.6;0.1;0.1
FR;0;2022-10-09;109;117;312;1650;1511;297;54606479;53707138;40711934;6522040;43409;80771;80.5;79.1;60.0;9.6;0.1;0.1
FR;0;2022-10-10;509;658;2523;20887;19597;3272;54606988;53707796;40714457;6542927;63006;84043;80.5;79.1;60.0;9.6;0.1;0.1
FR;0;2022-10-11;620;555;3573;40685;40193;6391;54607608;53708351;40718030;6583612;103199;90434;80.5;79.1;60.0;9.7;0.2;0.1
FR;0;2022-10-12;605;639;2776;27089;27307;4696;54608213;53708990;40720806;6610701;130506;95130;80.5;79.1;60.0;9.7;0.2;0.1
FR;0;2022-10-13;627;609;3138;38924;40609;6608;54608840;53709599;40723944;6649625;171115;101738;80.5;79.1;60.0;9.8;0.3;0.1
FR;0;2022-10-14;761;784;3959;48143;51137;7864;54609601;53710383;40727903;6697768;222252;109602;80.5;79.1;60.0;9.9;0.3;0.2
FR;0;2022-10-15;368;429;1630;11965;13091;2274;54609969;53710812;40729533;6709733;235343;111876;80.5;79.1;60.0;9.9;0.3;0.2
FR;0;2022-10-16;94;86;356;2012;2347;479;54610063;53710898;40729889;6711745;237690;112355;80.5;79.1;60.0;9.9;0.4;0.2
FR;0;2022-10-17;440;497;2487;26838;30793;5409;54610503;53711395;40732376;6738583;268483;117764;80.5;79.1;60.0;9.9;0.4;0.2
FR;0;2022-10-18;610;535;3762;46667;55450;11701;54611113;53711930;40736138;6785250;323933;129465;80.5;79.1;60.0;10.0;0.5;0.2
FR;0;2022-10-19;570;625;3076;34756;42482;9263;54611683;53712555;40739214;6820006;366415;138728;80.5;79.1;60.0;10.0;0.5;0.2
FR;0;2022-10-20;617;595;3731;50132;60538;12937;54612300;53713150;40742945;6870138;426953;151665;80.5;79.1;60.0;10.1;0.6;0.2
FR;0;2022-10-21;690;711;4519;57715;70967;14299;54612990;53713861;40747464;6927853;497920;165964;80.5;79.1;60.0;10.2;0.7;0.2
FR;0;2022-10-22;335;335;1321;13107;15939;3386;54613325;53714196;40748785;6940960;513859;169350;80.5;79.2;60.0;10.2;0.8;0.2
FR;0;2022-10-23;98;102;266;2166;2758;631;54613423;53714298;40749051;6943126;516617;169981;80.5;79.2;60.0;10.2;0.8;0.3
FR;0;2022-10-24;552;425;2687;27565;35497;7810;54613975;53714723;40751738;6970691;552114;177791;80.5;79.2;60.0;10.3;0.8;0.3
FR;0;2022-10-25;598;535;3805;49791;65256;15451;54614573;53715258;40755543;7020482;617370;193242;80.5;79.2;60.1;10.3;0.9;0.3
FR;0;2022-10-26;535;485;2901;32930;44001;11024;54615108;53715743;40758444;7053412;661371;204266;80.5;79.2;60.1;10.4;1.0;0.3
FR;0;2022-10-27;592;499;3349;41274;54477;13138;54615700;53716242;40761793;7094686;715848;217404;80.5;79.2;60.1;10.5;1.1;0.3
FR;0;2022-10-28;706;638;3505;45009;58280;13189;54616406;53716880;40765298;7139695;774128;230593;80.5;79.2;60.1;10.5;1.1;0.3
FR;0;2022-10-29;260;262;1082;9633;12523;3012;54616666;53717142;40766380;7149328;786651;233605;80.5;79.2;60.1;10.5;1.2;0.3
FR;0;2022-10-30;87;98;249;1646;2145;540;54616753;53717240;40766629;7150974;788796;234145;80.5;79.2;60.1;10.5;1.2;0.3
FR;0;2022-10-31;382;358;1626;16427;22207;5505;54617135;53717598;40768255;7167401;811003;239650;80.5;79.2;60.1;10.6;1.2;0.4
FR;0;2022-11-01;136;153;963;1166;1697;504;54617271;53717751;40769218;7168567;812700;240154;80.5;79.2;60.1;10.6;1.2;0.4
FR;0;2022-11-02;527;506;2584;25881;36654;10143;54617798;53718257;40771802;7194448;849354;250297;80.5;79.2;60.1;10.6;1.3;0.4
FR;0;2022-11-03;645;538;3119;40799;57043;15380;54618443;53718795;40774921;7235247;906397;265677;80.5;79.2;60.1;10.7;1.3;0.4
FR;0;2022-11-04;660;578;3519;44289;60568;15270;54619103;53719373;40778440;7279536;966965;280947;80.5;79.2;60.1;10.7;1.4;0.4
FR;0;2022-11-05;255;312;1166;9927;13466;3295;54619358;53719685;40779606;7289463;980431;284242;80.5;79.2;60.1;10.7;1.4;0.4
FR;0;2022-11-06;94;102;246;1633;2340;654;54619452;53719787;40779852;7291096;982771;284896;80.5;79.2;60.1;10.7;1.4;0.4
FR;0;2022-11-07;564;526;2249;27402;39125;11012;54620016;53720313;40782101;7318498;1021896;295908;80.5;79.2;60.1;10.8;1.5;0.4
FR;0;2022-11-08;688;606;3849;53032;74334;20088;54620704;53720919;40785950;7371530;1096230;315996;80.5;79.2;60.1;10.9;1.6;0.5
FR;0;2022-11-09;534;524;2691;32389;46374;13242;54621238;53721443;40788641;7403919;1142604;329238;80.5;79.2;60.1;10.9;1.7;0.5
FR;0;2022-11-10;632;751;3639;44595;62889;17363;54621870;53722194;40792280;7448514;1205493;346601;80.5;79.2;60.1;11.0;1.8;0.5
FR;0;2022-11-11;82;92;313;1729;2800;1013;54621952;53722286;40792593;7450243;1208293;347614;80.5;79.2;60.1;11.0;1.8;0.5
FR;0;2022-11-12;212;261;979;7337;10289;2765;54622164;53722547;40793572;7457580;1218582;350379;80.5;79.2;60.1;11.0;1.8;0.5
FR;0;2022-11-13;73;97;213;1262;1978;628;54622237;53722644;40793785;7458842;1220560;351007;80.5;79.2;60.1;11.0;1.8;0.5
FR;0;2022-11-14;452;379;2070;24663;36316;10964;54622689;53723023;40795855;7483505;1256876;361971;80.5;79.2;60.1;11.0;1.9;0.5
FR;0;2022-11-15;626;721;3380;46025;66961;19641;54623315;53723744;40799235;7529530;1323837;381612;80.5;79.2;60.1;11.1;2.0;0.6
FR;0;2022-11-16;572;553;2580;29142;43290;13334;54623887;53724297;40801815;7558672;1367127;394946;80.5;79.2;60.1;11.1;2.0;0.6
FR;0;2022-11-17;575;540;2991;39887;58421;17439;54624462;53724837;40804806;7598559;1425548;412385;80.5;79.2;60.1;11.2;2.1;0.6
FR;0;2022-11-18;628;601;3458;46058;65732;18360;54625090;53725438;40808264;7644617;1491280;430745;80.5;79.2;60.1;11.3;2.2;0.6
FR;0;2022-11-19;270;279;1098;10004;14333;4016;54625360;53725717;40809362;7654621;1505613;434761;80.5;79.2;60.1;11.3;2.2;0.6
FR;0;2022-11-20;79;172;262;1775;2721;860;54625439;53725889;40809624;7656396;1508334;435621;80.5;79.2;60.1;11.3;2.2;0.6
FR;0;2022-11-21;437;354;1956;22023;33160;10371;54625876;53726243;40811580;7678419;1541494;445992;80.5;79.2;60.1;11.3;2.3;0.7
FR;0;2022-11-22;542;438;3171;40421;59845;18302;54626418;53726681;40814751;7718840;1601339;464294;80.5;79.2;60.1;11.4;2.4;0.7
FR;0;2022-11-23;477;416;2325;26525;40430;12915;54626895;53727097;40817076;7745365;1641769;477209;80.5;79.2;60.1;11.4;2.4;0.7
FR;0;2022-11-24;517;432;2965;37907;56896;17984;54627412;53727529;40820041;7783272;1698665;495193;80.5;79.2;60.2;11.5;2.5;0.7
FR;0;2022-11-25;581;589;3152;41009;59652;17483;54627993;53728118;40823193;7824281;1758317;512676;80.5;79.2;60.2;11.5;2.6;0.8
FR;0;2022-11-26;301;263;1064;9525;14013;3972;54628294;53728381;40824257;7833806;1772330;516648;80.5;79.2;60.2;11.5;2.6;0.8
FR;0;2022-11-27;74;70;228;1700;2568;808;54628368;53728451;40824485;7835506;1774898;517456;80.5;79.2;60.2;11.5;2.6;0.8
FR;0;2022-11-28;421;365;1983;25556;38492;12211;54628789;53728816;40826468;7861062;1813390;529667;80.5;79.2;60.2;11.6;2.7;0.8
FR;0;2022-11-29;500;382;3293;47280;71156;22345;54629289;53729198;40829761;7908342;1884546;552012;80.5;79.2;60.2;11.7;2.8;0.8
FR;0;2022-11-30;509;510;2899;37738;56336;17237;54629798;53729708;40832660;7946080;1940882;569249;80.5;79.2;60.2;11.7;2.9;0.8
FR;0;2022-12-01;569;464;3916;52720;79737;25275;54630367;53730172;40836576;7998800;2020619;594524;80.5;79.2;60.2;11.8;3.0;0.9
FR;0;2022-12-02;646;536;4385;62785;92484;27483;54631013;53730708;40840961;8061585;2113103;622007;80.5;79.2;60.2;11.9;3.1;0.9
FR;0;2022-12-03;305;232;1630;18482;26731;7618;54631318;53730940;40842591;8080067;2139834;629625;80.5;79.2;60.2;11.9;3.2;0.9
FR;0;2022-12-04;98;92;434;4356;6441;1856;54631416;53731032;40843025;8084423;2146275;631481;80.5;79.2;60.2;11.9;3.2;0.9
FR;0;2022-12-05;493;457;2928;45710;69089;21916;54631909;53731489;40845953;8130133;2215364;653397;80.5;79.2;60.2;12.0;3.3;1.0
FR;0;2022-12-06;645;517;4662;79832;121779;39610;54632554;53732006;40850615;8209965;2337143;693007;80.5;79.2;60.2;12.1;3.4;1.0
FR;0;2022-12-07;562;491;3613;59323;90545;29582;54633116;53732497;40854228;8269288;2427688;722589;80.5;79.2;60.2;12.2;3.6;1.1
FR;0;2022-12-08;611;465;4594;81375;124200;40887;54633727;53732962;40858822;8350663;2551888;763476;80.5;79.2;60.2;12.3;3.8;1.1
FR;0;2022-12-09;784;561;5739;97592;147387;46829;54634511;53733523;40864561;8448255;2699275;810305;80.5;79.2;60.2;12.4;4.0;1.2
FR;0;2022-12-10;410;406;2481;34855;50557;14712;54634921;53733929;40867042;8483110;2749832;825017;80.5;79.2;60.2;12.5;4.1;1.2
FR;0;2022-12-11;133;105;688;8570;12258;3276;54635054;53734034;40867730;8491680;2762090;828293;80.5;79.2;60.2;12.5;4.1;1.2
FR;0;2022-12-12;523;389;4139;69085;106305;34852;54635577;53734423;40871869;8560765;2868395;863145;80.5;79.2;60.2;12.6;4.2;1.3
FR;0;2022-12-13;717;509;5647;106227;164991;55128;54636294;53734932;40877516;8666992;3033386;918273;80.5;79.2;60.2;12.8;4.5;1.4
FR;0;2022-12-14;596;489;4559;75031;117011;38772;54636890;53735421;40882075;8742023;3150397;957045;80.5;79.2;60.2;12.9;4.6;1.4
FR;0;2022-12-15;665;583;5727;98250;153335;51776;54637555;53736004;40887802;8840273;3303732;1008821;80.5;79.2;60.3;13.0;4.9;1.5
FR;0;2022-12-16;828;656;6467;107125;166680;55414;54638383;53736660;40894269;8947398;3470412;1064235;80.5;79.2;60.3;13.2;5.1;1.6
FR;0;2022-12-17;346;295;2296;32598;48448;14450;54638729;53736955;40896565;8979996;3518860;1078685;80.5;79.2;60.3;13.2;5.2;1.6
FR;0;2022-12-18;93;81;544;6487;9642;2763;54638822;53737036;40897109;8986483;3528502;1081448;80.5;79.2;60.3;13.2;5.2;1.6
FR;0;2022-12-19;593;437;3684;57859;90288;30103;54639415;53737473;40900793;9044342;3618790;1111551;80.5;79.2;60.3;13.3;5.3;1.6
FR;0;2022-12-20;747;533;5249;82010;130834;45060;54640162;53738006;40906042;9126352;3749624;1156611;80.5;79.2;60.3;13.4;5.5;1.7
FR;0;2022-12-21;605;442;3592;52333;84194;29343;54640767;53738448;40909634;9178685;3833818;1185954;80.5;79.2;60.3;13.5;5.6;1.7
FR;0;2022-12-22;649;468;3437;47530;76918;26916;54641416;53738916;40913071;9226215;3910736;1212870;80.5;79.2;60.3;13.6;5.8;1.8
FR;0;2022-12-23;480;426;2635;26896;43427;14919;54641896;53739342;40915706;9253111;3954163;1227789;80.5;79.2;60.3;13.6;5.8;1.8
FR;0;2022-12-24;105;80;338;2833;4290;1231;54642001;53739422;40916044;9255944;3958453;1229020;80.5;79.2;60.3;13.6;5.8;1.8
FR;0;2022-12-25;34;34;106;592;926;273;54642035;53739456;40916150;9256536;3959379;1229293;80.5;79.2;60.3;13.6;5.8;1.8
FR;0;2022-12-26;370;293;1830;17577;27646;8847;54642405;53739749;40917980;9274113;3987025;1238140;80.5;79.2;60.3;13.7;5.9;1.8
FR;0;2022-12-27;540;447;2956;34889;56755;19759;54642945;53740196;40920936;9309002;4043780;1257899;80.5;79.2;60.3;13.7;6.0;1.9
FR;0;2022-12-28;480;357;2319;26344;42954;14847;54643425;53740553;40923255;9335346;4086734;1272746;80.5;79.2;60.3;13.8;6.0;1.9
FR;0;2022-12-29;431;364;2408;27599;45115;15664;54643856;53740917;40925663;9362945;4131849;1288410;80.5;79.2;60.3;13.8;6.1;1.9
FR;0;2022-12-30;464;366;1868;20248;32641;11003;54644320;53741283;40927531;9383193;4164490;1299413;80.5;79.2;60.3;13.8;6.1;1.9
FR;0;2022-12-31;137;121;413;3339;4954;1341;54644457;53741404;40927944;9386532;4169444;1300754;80.5;79.2;60.3;13.8;6.1;1.9
FR;0;2023-01-01;25;27;150;737;1026;246;54644482;53741431;40928094;9387269;4170470;1301000;80.5;79.2;60.3;13.8;6.1;1.9
FR;0;2023-01-02;926;433;2335;19534;33035;12103;54645408;53741864;40930429;9406803;4203505;1313103;80.5;79.2;60.3;13.9;6.2;1.9
FR;0;2023-01-03;676;480;3378;45140;82805;34835;54646084;53742344;40933807;9451943;4286310;1347938;80.5;79.2;60.3;13.9;6.3;2.0
FR;0;2023-01-04;548;426;2772;31920;59893;25829;54646632;53742770;40936579;9483863;4346203;1373767;80.5;79.2;60.3;14.0;6.4;2.0
FR;0;2023-01-05;669;569;3197;44251;84065;37187;54647301;53743339;40939776;9528114;4430268;1410954;80.5;79.2;60.3;14.0;6.5;2.1
FR;0;2023-01-06;753;582;3670;49638;92110;39516;54648054;53743921;40943446;9577752;4522378;1450470;80.5;79.2;60.3;14.1;6.7;2.1
FR;0;2023-01-07;350;302;1415;13260;23039;8768;54648404;53744223;40944861;9591012;4545417;1459238;80.5;79.2;60.3;14.1;6.7;2.2
FR;0;2023-01-08;106;100;357;3015;5232;1993;54648510;53744323;40945218;9594027;4550649;1461231;80.5;79.2;60.3;14.1;6.7;2.2
FR;0;2023-01-09;585;464;2081;22938;45875;21215;54649095;53744787;40947299;9616965;4596524;1482446;80.5;79.2;60.3;14.2;6.8;2.2
FR;0;2023-01-10;620;578;3462;42430;87058;41791;54649715;53745365;40950761;9659395;4683582;1524237;80.5;79.2;60.3;14.2;6.9;2.2
FR;0;2023-01-11;506;441;2290;25640;52881;25250;54650221;53745806;40953051;9685035;4736463;1549487;80.5;79.2;60.3;14.3;7.0;2.3
FR;0;2023-01-12;609;477;2889;34978;72521;35110;54650830;53746283;40955940;9720013;4808984;1584597;80.5;79.2;60.4;14.3;7.1;2.3
FR;0;2023-01-13;801;570;3161;36907;74675;35225;54651631;53746853;40959101;9756920;4883659;1619822;80.5;79.2;60.4;14.4;7.2;2.4
FR;0;2023-01-14;354;237;1201;9505;17775;7419;54651985;53747090;40960302;9766425;4901434;1627241;80.5;79.2;60.4;14.4;7.2;2.4
FR;0;2023-01-15;100;94;291;1684;3280;1424;54652085;53747184;40960593;9768109;4904714;1628665;80.5;79.2;60.4;14.4;7.2;2.4
FR;0;2023-01-16;425;338;1789;16610;35994;18105;54652510;53747522;40962382;9784719;4940708;1646770;80.5;79.2;60.4;14.4;7.3;2.4
FR;0;2023-01-17;504;414;2568;29627;65751;33910;54653014;53747936;40964950;9814346;5006459;1680680;80.5;79.2;60.4;14.5;7.4;2.5
FR;0;2023-01-18;472;409;1840;17764;39176;19887;54653486;53748345;40966790;9832110;5045635;1700567;80.5;79.2;60.4;14.5;7.4;2.5
FR;0;2023-01-19;506;357;2143;23421;52314;27024;54653992;53748702;40968933;9855531;5097949;1727591;80.5;79.2;60.4;14.5;7.5;2.5
FR;0;2023-01-20;637;509;2628;26298;57786;29439;54654629;53749211;40971561;9881829;5155735;1757030;80.5;79.2;60.4;14.6;7.6;2.6
FR;0;2023-01-21;261;221;881;6533;13246;6020;54654890;53749432;40972442;9888362;5168981;1763050;80.5;79.2;60.4;14.6;7.6;2.6
FR;0;2023-01-22;47;34;156;931;1922;874;54654937;53749466;40972598;9889293;5170903;1763924;80.5;79.2;60.4;14.6;7.6;2.6
FR;0;2023-01-23;324;274;1304;11268;27228;14820;54655261;53749740;40973902;9900561;5198131;1778744;80.5;79.2;60.4;14.6;7.7;2.6
FR;0;2023-01-24;479;377;1946;21059;51084;28342;54655740;53750117;40975848;9921620;5249215;1807086;80.5;79.2;60.4;14.6;7.7;2.7
FR;0;2023-01-25;408;399;1483;13050;30759;16455;54656148;53750516;40977331;9934670;5279974;1823541;80.5;79.2;60.4;14.6;7.8;2.7
FR;0;2023-01-26;435;387;1796;17515;42525;23441;54656583;53750903;40979127;9952185;5322499;1846982;80.5;79.2;60.4;14.7;7.8;2.7
FR;0;2023-01-27;528;963;2018;18793;45090;24586;54657111;53751866;40981145;9970978;5367589;1871568;80.5;79.2;60.4;14.7;7.9;2.8
FR;0;2023-01-28;237;234;693;4645;9987;4762;54657348;53752100;40981838;9975623;5377576;1876330;80.5;79.2;60.4;14.7;7.9;2.8
FR;0;2023-01-29;42;55;102;504;1099;549;54657390;53752155;40981940;9976127;5378675;1876879;80.5;79.2;60.4;14.7;7.9;2.8
FR;0;2023-01-30;367;327;1118;8505;20975;11444;54657757;53752482;40983058;9984632;5399650;1888323;80.5;79.2;60.4;14.7;8.0;2.8
FR;0;2023-01-31;426;335;1536;14385;36907;21265;54658183;53752817;40984594;9999017;5436557;1909588;80.5;79.2;60.4;14.7;8.0;2.8
FR;0;2023-02-01;412;418;1473;8512;22234;12623;54658595;53753235;40986067;10007529;5458791;1922211;80.5;79.2;60.4;14.7;8.0;2.8
FR;0;2023-02-02;370;356;1439;12146;31730;18278;54658965;53753591;40987506;10019675;5490521;1940489;80.5;79.2;60.4;14.8;8.1;2.9
FR;0;2023-02-03;481;492;1648;12809;33771;19459;54659446;53754083;40989154;10032484;5524292;1959948;80.5;79.2;60.4;14.8;8.1;2.9
FR;0;2023-02-04;200;240;565;3183;7458;3826;54659646;53754323;40989719;10035667;5531750;1963774;80.5;79.2;60.4;14.8;8.2;2.9
FR;0;2023-02-05;25;42;89;261;590;284;54659671;53754365;40989808;10035928;5532340;1964058;80.5;79.2;60.4;14.8;8.2;2.9
FR;0;2023-02-06;314;292;871;5621;15410;9063;54659985;53754657;40990679;10041549;5547750;1973121;80.5;79.2;60.4;14.8;8.2;2.9
FR;0;2023-02-07;351;377;1324;9941;28288;16956;54660336;53755034;40992003;10051490;5576038;1990077;80.5;79.2;60.4;14.8;8.2;2.9
FR;0;2023-02-08;302;312;921;6243;17038;9799;54660638;53755346;40992924;10057733;5593076;1999876;80.5;79.2;60.4;14.8;8.2;2.9
FR;0;2023-02-09;339;346;1117;8107;22869;13709;54660977;53755692;40994041;10065840;5615945;2013585;80.5;79.2;60.4;14.8;8.3;3.0
FR;0;2023-02-10;468;441;1280;8510;23776;13967;54661445;53756133;40995321;10074350;5639721;2027552;80.5;79.2;60.4;14.8;8.3;3.0
FR;0;2023-02-11;169;182;512;2237;5435;2770;54661614;53756315;40995833;10076587;5645156;2030322;80.5;79.2;60.4;14.8;8.3;3.0
FR;0;2023-02-12;43;48;56;200;443;208;54661657;53756363;40995889;10076787;5645599;2030530;80.5;79.2;60.4;14.8;8.3;3.0
FR;0;2023-02-13;251;271;688;3450;9626;5506;54661908;53756634;40996577;10080237;5655225;2036036;80.5;79.2;60.4;14.9;8.3;3.0
FR;0;2023-02-14;300;278;1011;6129;17570;10421;54662208;53756912;40997588;10086366;5672795;2046457;80.5;79.2;60.4;14.9;8.4;3.0
FR;0;2023-02-15;293;302;846;4255;12221;7170;54662501;53757214;40998434;10090621;5685016;2053627;80.5;79.2;60.4;14.9;8.4;3.0
FR;0;2023-02-16;266;270;1019;5350;15066;8765;54662767;53757484;40999453;10095971;5700082;2062392;80.5;79.2;60.4;14.9;8.4;3.0
FR;0;2023-02-17;372;386;1159;5704;16397;9638;54663139;53757870;41000612;10101675;5716479;2072030;80.5;79.2;60.4;14.9;8.4;3.1
FR;0;2023-02-18;162;173;494;1698;4073;2060;54663301;53758043;41001106;10103373;5720552;2074090;80.5;79.2;60.4;14.9;8.4;3.1
FR;0;2023-02-19;37;35;40;141;338;167;54663338;53758078;41001146;10103514;5720890;2074257;80.5;79.2;60.4;14.9;8.4;3.1
FR;0;2023-02-20;249;263;678;2981;8544;4895;54663587;53758341;41001824;10106495;5729434;2079152;80.5;79.2;60.4;14.9;8.4;3.1
FR;0;2023-02-21;270;268;939;4747;14014;8281;54663857;53758609;41002763;10111242;5743448;2087433;80.5;79.2;60.4;14.9;8.5;3.1
FR;0;2023-02-22;246;289;704;2998;9101;5322;54664103;53758898;41003467;10114240;5752549;2092755;80.5;79.2;60.4;14.9;8.5;3.1
FR;0;2023-02-23;227;251;847;4195;12283;7174;54664330;53759149;41004314;10118435;5764832;2099929;80.6;79.2;60.4;14.9;8.5;3.1
FR;0;2023-02-24;291;350;922;4613;13009;7450;54664621;53759499;41005236;10123048;5777841;2107379;80.6;79.2;60.4;14.9;8.5;3.1
FR;0;2023-02-25;126;148;364;1273;3189;1624;54664747;53759647;41005600;10124321;5781030;2109003;80.6;79.2;60.4;14.9;8.5;3.1
FR;0;2023-02-26;20;28;35;113;258;113;54664767;53759675;41005635;10124434;5781288;2109116;80.6;79.2;60.4;14.9;8.5;3.1
FR;0;2023-02-27;213;256;584;2068;6563;3946;54664980;53759931;41006219;10126502;5787851;2113062;80.6;79.2;60.4;14.9;8.5;3.1
FR;0;2023-02-28;270;253;809;3736;12188;7493;54665250;53760184;41007028;10130238;5800039;2120555;80.6;79.2;60.4;14.9;8.5;3.1
FR;0;2023-03-01;227;284;762;2180;6609;3928;54665477;53760468;41007790;10132418;5806648;2124483;80.6;79.2;60.4;14.9;8.6;3.1
FR;0;2023-03-02;223;231;730;3204;10080;6261;54665700;53760699;41008520;10135622;5816728;2130744;80.6;79.2;60.4;14.9;8.6;3.1
FR;0;2023-03-03;334;357;931;3827;11853;7018;54666034;53761056;41009451;10139449;5828581;2137762;80.6;79.2;60.4;14.9;8.6;3.2
FR;0;2023-03-04;131;160;392;1096;2792;1372;54666165;53761216;41009843;10140545;5831373;2139134;80.6;79.2;60.4;14.9;8.6;3.2
FR;0;2023-03-05;23;24;32;53;201;113;54666188;53761240;41009875;10140598;5831574;2139247;80.6;79.2;60.4;14.9;8.6;3.2
FR;0;2023-03-06;227;192;520;1495;4729;2725;54666415;53761432;41010395;10142093;5836303;2141972;80.6;79.2;60.4;14.9;8.6;3.2
FR;0;2023-03-07;191;222;614;2456;7983;4886;54666606;53761654;41011009;10144549;5844286;2146858;80.6;79.2;60.4;14.9;8.6;3.2
FR;0;2023-03-08;161;225;467;1566;5023;2923;54666767;53761879;41011476;10146115;5849309;2149781;80.6;79.2;60.4;15.0;8.6;3.2
FR;0;2023-03-09;172;190;608;2083;7228;4480;54666939;53762069;41012084;10148198;5856537;2154261;80.6;79.2;60.4;15.0;8.6;3.2
FR;0;2023-03-10;324;345;821;2785;9020;5373;54667263;53762414;41012905;10150983;5865557;2159634;80.6;79.2;60.4;15.0;8.6;3.2
FR;0;2023-03-11;126;136;311;853;2299;1179;54667389;53762550;41013216;10151836;5867856;2160813;80.6;79.2;60.4;15.0;8.6;3.2
FR;0;2023-03-12;10;25;30;63;177;87;54667399;53762575;41013246;10151899;5868033;2160900;80.6;79.2;60.4;15.0;8.6;3.2
FR;0;2023-03-13;146;181;429;1207;3778;2143;54667545;53762756;41013675;10153106;5871811;2163043;80.6;79.2;60.4;15.0;8.7;3.2
FR;0;2023-03-14;198;195;635;1979;6801;4136;54667743;53762951;41014310;10155085;5878612;2167179;80.6;79.2;60.4;15.0;8.7;3.2
FR;0;2023-03-15;161;214;485;1339;4342;2579;54667904;53763165;41014795;10156424;5882954;2169758;80.6;79.2;60.4;15.0;8.7;3.2
FR;0;2023-03-16;174;200;579;1758;5956;3579;54668078;53763365;41015374;10158182;5888910;2173337;80.6;79.2;60.4;15.0;8.7;3.2
FR;0;2023-03-17;282;272;720;2193;7339;4398;54668360;53763637;41016094;10160375;5896249;2177735;80.6;79.2;60.4;15.0;8.7;3.2
FR;0;2023-03-18;123;115;440;679;2042;1043;54668483;53763752;41016534;10161054;5898291;2178778;80.6;79.2;60.4;15.0;8.7;3.2
FR;0;2023-03-19;20;22;14;60;126;54;54668503;53763774;41016548;10161114;5898417;2178832;80.6;79.2;60.4;15.0;8.7;3.2
FR;0;2023-03-20;152;176;490;1159;3826;2190;54668655;53763950;41017038;10162273;5902243;2181022;80.6;79.2;60.4;15.0;8.7;3.2
FR;0;2023-03-21;212;201;638;1828;6534;3933;54668867;53764151;41017676;10164101;5908777;2184955;80.6;79.2;60.4;15.0;8.7;3.2
FR;0;2023-03-22;196;191;462;1160;3955;2298;54669063;53764342;41018138;10165261;5912732;2187253;80.6;79.2;60.4;15.0;8.7;3.2
FR;0;2023-03-23;166;167;536;1510;5205;3080;54669229;53764509;41018674;10166771;5917937;2190333;80.6;79.2;60.4;15.0;8.7;3.2
FR;0;2023-03-24;241;290;869;1971;6634;3818;54669470;53764799;41019543;10168742;5924571;2194151;80.6;79.2;60.4;15.0;8.7;3.2
FR;0;2023-03-25;129;141;315;650;1794;841;54669599;53764940;41019858;10169392;5926365;2194992;80.6;79.2;60.4;15.0;8.7;3.2
FR;0;2023-03-26;10;12;26;33;92;47;54669609;53764952;41019884;10169425;5926457;2195039;80.6;79.2;60.4;15.0;8.7;3.2
FR;0;2023-03-27;230;209;493;992;3441;1954;54669839;53765161;41020377;10170417;5929898;2196993;80.6;79.2;60.4;15.0;8.7;3.2
FR;0;2023-03-28;186;170;547;1723;6196;3715;54670025;53765331;41020924;10172140;5936094;2200708;80.6;79.2;60.4;15.0;8.7;3.2
FR;0;2023-03-29;172;165;441;1121;3776;2105;54670197;53765496;41021365;10173261;5939870;2202813;80.6;79.2;60.4;15.0;8.8;3.2
FR;0;2023-03-30;193;163;564;1530;5393;3118;54670390;53765659;41021929;10174791;5945263;2205931;80.6;79.2;60.4;15.0;8.8;3.3
FR;0;2023-03-31;215;272;647;1934;6856;4019;54670605;53765931;41022576;10176725;5952119;2209950;80.6;79.2;60.4;15.0;8.8;3.3
FR;0;2023-04-01;109;134;394;698;1982;949;54670714;53766065;41022970;10177423;5954101;2210899;80.6;79.2;60.4;15.0;8.8;3.3
FR;0;2023-04-02;10;14;38;37;116;50;54670724;53766079;41023008;10177460;5954217;2210949;80.6;79.2;60.4;15.0;8.8;3.3
FR;0;2023-04-03;184;161;509;998;3300;1831;54670908;53766240;41023517;10178458;5957517;2212780;80.6;79.2;60.4;15.0;8.8;3.3
FR;0;2023-04-04;131;177;475;1394;5370;3218;54671039;53766417;41023992;10179852;5962887;2215998;80.6;79.2;60.5;15.0;8.8;3.3
FR;0;2023-04-05;101;141;394;941;3480;2003;54671140;53766558;41024386;10180793;5966367;2218001;80.6;79.2;60.5;15.0;8.8;3.3
FR;0;2023-04-06;153;129;402;1170;4266;2454;54671293;53766687;41024788;10181963;5970633;2220455;80.6;79.2;60.5;15.0;8.8;3.3
FR;0;2023-04-07;194;218;524;1421;5069;2850;54671487;53766905;41025312;10183384;5975702;2223305;80.6;79.2;60.5;15.0;8.8;3.3
FR;0;2023-04-08;67;96;239;436;1341;609;54671554;53767001;41025551;10183820;5977043;2223914;80.6;79.2;60.5;15.0;8.8;3.3
FR;0;2023-04-09;9;11;22;20;62;19;54671563;53767012;41025573;10183840;5977105;2223933;80.6;79.2;60.5;15.0;8.8;3.3
FR;0;2023-04-10;12;25;52;49;106;30;54671575;53767037;41025625;10183889;5977211;2223963;80.6;79.2;60.5;15.0;8.8;3.3
FR;0;2023-04-11;125;165;501;1109;4350;2408;54671700;53767202;41026126;10184998;5981561;2226371;80.6;79.2;60.5;15.0;8.8;3.3
FR;0;2023-04-12;131;154;383;819;3290;1881;54671831;53767356;41026509;10185817;5984851;2228252;80.6;79.2;60.5;15.0;8.8;3.3
FR;0;2023-04-13;109;148;400;1042;4252;2469;54671940;53767504;41026909;10186859;5989103;2230721;80.6;79.2;60.5;15.0;8.8;3.3
FR;0;2023-04-14;198;231;576;1326;5274;3075;54672138;53767735;41027485;10188185;5994377;2233796;80.6;79.2;60.5;15.0;8.8;3.3
FR;0;2023-04-15;79;81;245;453;1486;683;54672217;53767816;41027730;10188638;5995863;2234479;80.6;79.2;60.5;15.0;8.8;3.3
FR;0;2023-04-16;18;15;17;34;111;48;54672235;53767831;41027747;10188672;5995974;2234527;80.6;79.2;60.5;15.0;8.8;3.3
FR;0;2023-04-17;110;134;397;775;3063;1629;54672345;53767965;41028144;10189447;5999037;2236156;80.6;79.2;60.5;15.0;8.8;3.3
FR;0;2023-04-18;149;129;417;978;4186;2387;54672494;53768094;41028561;10190425;6003223;2238543;80.6;79.2;60.5;15.0;8.8;3.3
FR;0;2023-04-19;111;126;274;699;2781;1481;54672605;53768220;41028835;10191124;6006004;2240024;80.6;79.2;60.5;15.0;8.9;3.3
FR;0;2023-04-20;106;135;343;869;3465;1905;54672711;53768355;41029178;10191993;6009469;2241929;80.6;79.2;60.5;15.0;8.9;3.3
FR;0;2023-04-21;146;169;542;1124;4307;2308;54672857;53768524;41029720;10193117;6013776;2244237;80.6;79.2;60.5;15.0;8.9;3.3
FR;0;2023-04-22;57;79;201;300;1114;540;54672914;53768603;41029921;10193417;6014890;2244777;80.6;79.2;60.5;15.0;8.9;3.3
FR;0;2023-04-23;5;7;16;23;75;31;54672919;53768610;41029937;10193440;6014965;2244808;80.6;79.2;60.5;15.0;8.9;3.3
FR;0;2023-04-24;137;126;284;636;2425;1248;54673056;53768736;41030221;10194076;6017390;2246056;80.6;79.2;60.5;15.0;8.9;3.3
FR;0;2023-04-25;120;121;375;888;4059;2215;54673176;53768857;41030596;10194964;6021449;2248271;80.6;79.2;60.5;15.0;8.9;3.3
FR;0;2023-04-26;104;110;276;571;2552;1317;54673280;53768967;41030872;10195535;6024001;2249588;80.6;79.2;60.5;15.0;8.9;3.3
FR;0;2023-04-27;135;118;352;880;3658;1954;54673415;53769085;41031224;10196415;6027659;2251542;80.6;79.2;60.5;15.0;8.9;3.3
FR;0;2023-04-28;192;158;435;979;4286;2199;54673607;53769243;41031659;10197394;6031945;2253741;80.6;79.2;60.5;15.0;8.9;3.3
FR;0;2023-04-29;82;78;139;322;1105;516;54673689;53769321;41031798;10197716;6033050;2254257;80.6;79.2;60.5;15.0;8.9;3.3
FR;0;2023-04-30;7;4;9;12;63;34;54673696;53769325;41031807;10197728;6033113;2254291;80.6;79.2;60.5;15.0;8.9;3.3
FR;0;2023-05-01;16;18;58;14;66;24;54673712;53769343;41031865;10197742;6033179;2254315;80.6;79.2;60.5;15.0;8.9;3.3
FR;0;2023-05-02;202;159;460;761;3524;1829;54673914;53769502;41032325;10198503;6036703;2256144;80.6;79.2;60.5;15.0;8.9;3.3
FR;0;2023-05-03;143;106;280;532;2759;1426;54674057;53769608;41032605;10199035;6039462;2257570;80.6;79.2;60.5;15.0;8.9;3.3
FR;0;2023-05-04;95;126;429;796;4001;2061;54674152;53769734;41033034;10199831;6043463;2259631;80.6;79.2;60.5;15.0;8.9;3.3
FR;0;2023-05-05;126;132;386;868;4447;2349;54674278;53769866;41033420;10200699;6047910;2261980;80.6;79.2;60.5;15.0;8.9;3.3
FR;0;2023-05-06;68;52;145;262;1135;532;54674346;53769918;41033565;10200961;6049045;2262512;80.6;79.2;60.5;15.0;8.9;3.3
FR;0;2023-05-07;9;8;12;23;88;32;54674355;53769926;41033577;10200984;6049133;2262544;80.6;79.2;60.5;15.0;8.9;3.3
FR;0;2023-05-08;21;12;26;42;128;63;54674376;53769938;41033603;10201026;6049261;2262607;80.6;79.2;60.5;15.0;8.9;3.3
FR;0;2023-05-09;86;95;250;626;3503;1757;54674462;53770033;41033853;10201652;6052764;2264364;80.6;79.2;60.5;15.0;8.9;3.3
FR;0;2023-05-10;114;109;242;566;3292;1560;54674576;53770142;41034095;10202218;6056056;2265924;80.6;79.2;60.5;15.0;8.9;3.3
FR;0;2023-05-11;85;85;214;739;3978;1983;54674661;53770227;41034309;10202957;6060034;2267907;80.6;79.2;60.5;15.0;8.9;3.3
FR;0;2023-05-12;96;112;283;816;4498;2158;54674757;53770339;41034592;10203773;6064532;2270065;80.6;79.2;60.5;15.0;8.9;3.3
FR;0;2023-05-13;50;57;134;233;1012;428;54674807;53770396;41034726;10204006;6065544;2270493;80.6;79.2;60.5;15.0;8.9;3.3
FR;0;2023-05-14;15;8;12;15;83;30;54674822;53770404;41034738;10204021;6065627;2270523;80.6;79.2;60.5;15.0;8.9;3.3
FR;0;2023-05-15;65;61;191;529;3355;1598;54674887;53770465;41034929;10204550;6068982;2272121;80.6;79.2;60.5;15.0;8.9;3.3
FR;0;2023-05-16;89;112;247;1019;6024;2890;54674976;53770577;41035176;10205569;6075006;2275011;80.6;79.2;60.5;15.0;9.0;3.4
FR;0;2023-05-17;98;107;207;582;3289;1460;54675074;53770684;41035383;10206151;6078295;2276471;80.6;79.2;60.5;15.0;9.0;3.4
FR;0;2023-05-18;5;7;12;36;172;67;54675079;53770691;41035395;10206187;6078467;2276538;80.6;79.2;60.5;15.0;9.0;3.4
FR;0;2023-05-19;74;95;243;564;2933;1281;54675153;53770786;41035638;10206751;6081400;2277819;80.6;79.2;60.5;15.0;9.0;3.4
FR;0;2023-05-20;46;32;102;148;840;330;54675199;53770818;41035740;10206899;6082240;2278149;80.6;79.2;60.5;15.0;9.0;3.4
FR;0;2023-05-21;11;7;8;17;152;45;54675210;53770825;41035748;10206916;6082392;2278194;80.6;79.2;60.5;15.0;9.0;3.4
FR;0;2023-05-22;91;57;178;541;3224;1451;54675301;53770882;41035926;10207457;6085616;2279645;80.6;79.2;60.5;15.0;9.0;3.4
FR;0;2023-05-23;48;68;178;817;4867;2220;54675349;53770950;41036104;10208274;6090483;2281865;80.6;79.2;60.5;15.0;9.0;3.4
FR;0;2023-05-24;70;72;178;624;3400;1547;54675419;53771022;41036282;10208898;6093883;2283412;80.6;79.2;60.5;15.0;9.0;3.4
FR;0;2023-05-25;78;70;178;663;4706;2124;54675497;53771092;41036460;10209561;6098589;2285536;80.6;79.2;60.5;15.0;9.0;3.4
FR;0;2023-05-26;94;105;232;722;4804;2214;54675591;53771197;41036692;10210283;6103393;2287750;80.6;79.2;60.5;15.0;9.0;3.4
FR;0;2023-05-27;35;47;82;168;885;421;54675626;53771244;41036774;10210451;6104278;2288171;80.6;79.2;60.5;15.0;9.0;3.4
FR;0;2023-05-28;4;7;3;14;71;34;54675630;53771251;41036777;10210465;6104349;2288205;80.6;79.2;60.5;15.0;9.0;3.4
FR;0;2023-05-29;6;4;10;44;309;122;54675636;53771255;41036787;10210509;6104658;2288327;80.6;79.2;60.5;15.0;9.0;3.4
FR;0;2023-05-30;97;71;189;812;4802;2015;54675733;53771326;41036976;10211321;6109460;2290342;80.6;79.2;60.5;15.0;9.0;3.4
FR;0;2023-05-31;73;84;147;602;3594;1691;54675806;53771410;41037123;10211923;6113054;2292033;80.6;79.2;60.5;15.0;9.0;3.4
FR;0;2023-06-01;77;71;207;692;4806;1991;54675883;53771481;41037330;10212615;6117860;2294024;80.6;79.2;60.5;15.0;9.0;3.4
FR;0;2023-06-02;74;82;225;745;5301;2395;54675957;53771563;41037555;10213360;6123161;2296419;80.6;79.2;60.5;15.0;9.0;3.4
FR;0;2023-06-03;26;33;78;184;1071;412;54675983;53771596;41037633;10213544;6124232;2296831;80.6;79.2;60.5;15.1;9.0;3.4
FR;0;2023-06-04;2;14;8;15;118;35;54675985;53771610;41037641;10213559;6124350;2296866;80.6;79.2;60.5;15.1;9.0;3.4
FR;0;2023-06-05;113;74;196;657;4405;1808;54676098;53771684;41037837;10214216;6128755;2298674;80.6;79.2;60.5;15.1;9.0;3.4
FR;0;2023-06-06;96;102;273;931;7312;3105;54676194;53771786;41038110;10215147;6136067;2301779;80.6;79.2;60.5;15.1;9.0;3.4
FR;0;2023-06-07;67;61;151;615;4172;1751;54676261;53771847;41038261;10215762;6140239;2303530;80.6;79.2;60.5;15.1;9.0;3.4
FR;0;2023-06-08;76;68;209;864;6384;2704;54676337;53771915;41038470;10216626;6146623;2306234;80.6;79.2;60.5;15.1;9.1;3.4
FR;0;2023-06-09;75;113;196;673;5270;2227;54676412;53772028;41038666;10217299;6151893;2308461;80.6;79.2;60.5;15.1;9.1;3.4
FR;0;2023-06-10;31;34;62;172;997;379;54676443;53772062;41038728;10217471;6152890;2308840;80.6;79.2;60.5;15.1;9.1;3.4
FR;0;2023-06-11;3;6;8;18;145;59;54676446;53772068;41038736;10217489;6153035;2308899;80.6;79.2;60.5;15.1;9.1;3.4
FR;0;2023-06-12;41;79;171;684;5037;2156;54676487;53772147;41038907;10218173;6158072;2311055;80.6;79.2;60.5;15.1;9.1;3.4
FR;0;2023-06-13;66;57;209;968;7206;3035;54676553;53772204;41039116;10219141;6165278;2314090;80.6;79.2;60.5;15.1;9.1;3.4
FR;0;2023-06-14;50;103;154;646;4741;2089;54676603;53772307;41039270;10219787;6170019;2316179;80.6;79.2;60.5;15.1;9.1;3.4
FR;0;2023-06-15;56;58;203;896;6551;2918;54676659;53772365;41039473;10220683;6176570;2319097;80.6;79.2;60.5;15.1;9.1;3.4
FR;0;2023-06-16;72;86;168;810;6138;2645;54676731;53772451;41039641;10221493;6182708;2321742;80.6;79.2;60.5;15.1;9.1;3.4
FR;0;2023-06-17;20;38;57;125;944;366;54676751;53772489;41039698;10221618;6183652;2322108;80.6;79.2;60.5;15.1;9.1;3.4
FR;0;2023-06-18;3;7;11;27;217;95;54676754;53772496;41039709;10221645;6183869;2322203;80.6;79.2;60.5;15.1;9.1;3.4
FR;0;2023-06-19;58;47;159;626;4416;1739;54676812;53772543;41039868;10222271;6188285;2323942;80.6;79.2;60.5;15.1;9.1;3.4
FR;0;2023-06-20;104;55;230;775;6422;2837;54676916;53772598;41040098;10223046;6194707;2326779;80.6;79.2;60.5;15.1;9.1;3.4
FR;0;2023-06-21;42;59;208;772;4533;1859;54676958;53772657;41040306;10223818;6199240;2328638;80.6;79.2;60.5;15.1;9.1;3.4
FR;0;2023-06-22;56;39;204;761;5037;1988;54677014;53772696;41040510;10224579;6204277;2330626;80.6;79.2;60.5;15.1;9.1;3.4
FR;0;2023-06-23;80;68;149;788;5292;2000;54677094;53772764;41040659;10225367;6209569;2332626;80.6;79.2;60.5;15.1;9.2;3.4
FR;0;2023-06-24;12;12;60;127;836;275;54677106;53772776;41040719;10225494;6210405;2332901;80.6;79.2;60.5;15.1;9.2;3.4
FR;0;2023-06-25;4;3;10;14;104;45;54677110;53772779;41040729;10225508;6210509;2332946;80.6;79.2;60.5;15.1;9.2;3.4
FR;0;2023-06-26;49;39;155;414;2920;1131;54677159;53772818;41040884;10225922;6213429;2334077;80.6;79.2;60.5;15.1;9.2;3.4
FR;0;2023-06-27;72;46;157;662;4746;1811;54677231;53772864;41041041;10226584;6218175;2335888;80.6;79.2;60.5;15.1;9.2;3.4
FR;0;2023-06-28;47;45;113;486;3148;1335;54677278;53772909;41041154;10227070;6221323;2337223;80.6;79.2;60.5;15.1;9.2;3.4
FR;0;2023-06-29;34;38;129;472;3919;1613;54677312;53772947;41041283;10227542;6225242;2338836;80.6;79.2;60.5;15.1;9.2;3.4
FR;0;2023-06-30;44;53;142;472;4088;1526;54677356;53773000;41041425;10228014;6229330;2340362;80.6;79.2;60.5;15.1;9.2;3.4
FR;0;2023-07-01;35;33;41;113;846;328;54677391;53773033;41041466;10228127;6230176;2340690;80.6;79.2;60.5;15.1;9.2;3.4
FR;0;2023-07-02;0;0;2;7;46;25;54677391;53773033;41041468;10228134;6230222;2340715;80.6;79.2;60.5;15.1;9.2;3.4
FR;0;2023-07-03;58;36;134;246;2055;715;54677449;53773069;41041602;10228380;6232277;2341430;80.6;79.2;60.5;15.1;9.2;3.5
FR;0;2023-07-04;43;45;130;390;3020;1171;54677492;53773114;41041732;10228770;6235297;2342601;80.6;79.2;60.5;15.1;9.2;3.5
FR;0;2023-07-05;46;33;99;392;2488;986;54677538;53773147;41041831;10229162;6237785;2343587;80.6;79.2;60.5;15.1;9.2;3.5
FR;0;2023-07-06;49;35;133;494;2857;1044;54677587;53773182;41041964;10229656;6240642;2344631;80.6;79.2;60.5;15.1;9.2;3.5
FR;0;2023-07-07;53;49;133;389;2841;998;54677640;53773231;41042097;10230045;6243483;2345629;80.6;79.2;60.5;15.1;9.2;3.5
FR;0;2023-07-08;17;19;50;86;525;169;54677657;53773250;41042147;10230131;6244008;2345798;80.6;79.2;60.5;15.1;9.2;3.5
FR;0;2023-07-09;1;4;1;7;41;18;54677658;53773254;41042148;10230138;6244049;2345816;80.6;79.2;60.5;15.1;9.2;3.5
FR;0;2023-07-10;23;25;89;176;1431;471;54677681;53773279;41042237;10230314;6245480;2346287;80.6;79.2;60.5;15.1;9.2;3.5
